OrderID,Date,Region,Category,Quantity,Sales,Profit,CustomerSegment
100001,2025-01-01,East,Home & Kitchen,1,50.1,13.84,Returning Customer
100002,2025-01-01,South,Electronics,1,158.87,31.18,New Customer
100003,2025-01-01,North,Apparel,2,35.12,12.93,New Customer
100004,2025-01-01,West,Electronics,2,303.35,60.04,Returning Customer
100005,2025-01-01,East,Electronics,1,156.37,37.12,New Customer
100006,2025-01-01,West,Home & Kitchen,2,110.48,29.97,Returning Customer
100007,2025-01-01,South,Electronics,1,163.43,31.26,New Customer
100008,2025-01-01,North,Beauty,2,94.9,43.26,New Customer
100009,2025-01-01,West,Beauty,2,65.78,27.29,Returning Customer
100010,2025-01-01,South,Home & Kitchen,2,126.24,34.21,New Customer
100011,2025-01-01,North,Beauty,2,57.35,24.81,New Customer
100012,2025-01-01,North,Electronics,1,206.2,42.61,Returning Customer
100013,2025-01-01,East,Electronics,1,209.8,39.28,VIP
100014,2025-01-01,South,Electronics,1,130.21,18.77,Returning Customer
100015,2025-01-01,East,Sports & Outdoors,1,59.49,17.7,VIP
100016,2025-01-01,East,Electronics,2,663.51,101.11,Returning Customer
100017,2025-01-01,North,Electronics,1,177.31,37.03,Returning Customer
100018,2025-01-01,East,Electronics,1,246.51,40.54,New Customer
100019,2025-01-01,North,Apparel,2,96.59,36.4,New Customer
100020,2025-01-01,North,Apparel,2,120.87,42.94,VIP
100021,2025-01-01,South,Electronics,1,119.28,17.82,New Customer
100022,2025-01-01,East,Apparel,1,41.14,13.41,VIP
100023,2025-01-01,South,Apparel,1,37.54,12.97,New Customer
100024,2025-01-01,North,Home & Kitchen,1,47.57,11.9,New Customer
100025,2025-01-01,East,Apparel,2,88.2,30.23,Returning Customer
100026,2025-01-01,East,Home & Kitchen,2,167.14,50.57,New Customer
100027,2025-01-02,East,Home & Kitchen,1,73.33,21.73,New Customer
100028,2025-01-02,South,Home & Kitchen,1,92.73,28.39,New Customer
100029,2025-01-02,South,Electronics,2,398.52,42.21,VIP
100030,2025-01-02,East,Beauty,2,67.39,25.82,Returning Customer
100031,2025-01-02,East,Home & Kitchen,2,162.52,46.25,New Customer
100032,2025-01-02,North,Home & Kitchen,2,150.07,47.5,New Customer
100033,2025-01-02,North,Sports & Outdoors,2,59.13,19.81,VIP
100034,2025-01-02,West,Apparel,2,131.98,48.07,Returning Customer
100035,2025-01-02,North,Home & Kitchen,1,43.39,12.12,New Customer
100036,2025-01-02,East,Beauty,2,43.85,18.61,New Customer
100037,2025-01-02,North,Electronics,2,358.97,69.07,VIP
100038,2025-01-02,South,Apparel,1,42.02,18.14,New Customer
100039,2025-01-02,East,Apparel,1,44.87,15.96,New Customer
100040,2025-01-02,West,Beauty,1,27.13,12.0,VIP
100041,2025-01-02,West,Beauty,1,21.35,8.58,New Customer
100042,2025-01-02,South,Apparel,2,93.9,33.95,Returning Customer
100043,2025-01-02,North,Home & Kitchen,2,87.56,22.54,New Customer
100044,2025-01-02,South,Beauty,1,21.29,9.82,New Customer
100045,2025-01-02,West,Beauty,1,22.87,9.74,New Customer
100046,2025-01-02,East,Electronics,2,445.86,88.97,VIP
100047,2025-01-02,South,Apparel,2,132.51,43.69,New Customer
100048,2025-01-02,North,Sports & Outdoors,2,98.6,29.82,New Customer
100049,2025-01-02,West,Apparel,2,111.74,37.4,New Customer
100050,2025-01-02,West,Apparel,2,91.03,30.08,Returning Customer
100051,2025-01-02,East,Beauty,1,27.25,11.05,Returning Customer
100052,2025-01-02,East,Electronics,2,290.54,66.78,New Customer
100053,2025-01-02,North,Electronics,2,376.55,74.31,Returning Customer
100054,2025-01-02,East,Apparel,1,27.91,9.36,New Customer
100055,2025-01-02,East,Electronics,2,422.92,83.74,New Customer
100056,2025-01-02,South,Home & Kitchen,2,180.15,57.59,New Customer
100057,2025-01-02,South,Home & Kitchen,2,233.58,65.99,Returning Customer
100058,2025-01-02,East,Sports & Outdoors,2,111.92,32.28,VIP
100059,2025-01-03,East,Apparel,1,50.02,19.21,VIP
100060,2025-01-03,East,Electronics,1,158.11,29.44,New Customer
100061,2025-01-03,West,Electronics,2,357.44,45.93,Returning Customer
100062,2025-01-03,South,Sports & Outdoors,2,132.35,42.2,New Customer
100063,2025-01-03,North,Beauty,2,78.55,34.24,New Customer
100064,2025-01-03,North,Home & Kitchen,1,90.23,24.07,Returning Customer
100065,2025-01-03,North,Sports & Outdoors,2,42.44,12.63,New Customer
100066,2025-01-03,North,Electronics,1,194.59,34.27,VIP
100067,2025-01-03,East,Home & Kitchen,1,68.28,17.47,Returning Customer
100068,2025-01-03,North,Sports & Outdoors,2,90.77,27.21,Returning Customer
100069,2025-01-03,South,Sports & Outdoors,1,67.22,21.17,VIP
100070,2025-01-03,West,Apparel,2,79.4,28.34,New Customer
100071,2025-01-03,West,Apparel,1,41.43,15.07,VIP
100072,2025-01-03,East,Apparel,2,44.17,17.54,VIP
100073,2025-01-03,North,Apparel,1,61.24,17.92,Returning Customer
100074,2025-01-03,East,Beauty,1,31.64,14.74,VIP
100075,2025-01-03,South,Apparel,2,32.3,12.41,Returning Customer
100076,2025-01-03,West,Home & Kitchen,1,66.13,20.47,VIP
100077,2025-01-03,North,Home & Kitchen,2,107.19,26.9,VIP
100078,2025-01-03,East,Apparel,1,69.64,22.69,New Customer
100079,2025-01-03,North,Apparel,2,72.97,23.62,New Customer
100080,2025-01-03,North,Apparel,1,23.48,8.47,Returning Customer
100081,2025-01-03,East,Electronics,2,511.62,65.53,VIP
100082,2025-01-03,North,Beauty,1,36.26,14.72,VIP
100083,2025-01-03,North,Home & Kitchen,1,83.74,22.51,Returning Customer
100084,2025-01-03,North,Electronics,1,175.11,31.23,VIP
100085,2025-01-03,West,Sports & Outdoors,2,114.58,37.15,Returning Customer
100086,2025-01-03,East,Apparel,1,32.99,11.41,VIP
100087,2025-01-03,East,Electronics,1,23.48,4.04,VIP
100088,2025-01-04,West,Electronics,1,134.08,23.05,New Customer
100089,2025-01-04,East,Home & Kitchen,2,136.6,38.45,Returning Customer
100090,2025-01-04,East,Home & Kitchen,1,60.62,18.28,Returning Customer
100091,2025-01-04,West,Apparel,1,66.44,23.71,Returning Customer
100092,2025-01-04,South,Beauty,1,26.03,9.63,VIP
100093,2025-01-04,South,Apparel,1,24.53,9.26,Returning Customer
100094,2025-01-04,South,Home & Kitchen,1,70.96,17.87,New Customer
100095,2025-01-04,South,Sports & Outdoors,1,61.43,18.46,Returning Customer
100096,2025-01-04,North,Beauty,2,44.58,17.98,New Customer
100097,2025-01-04,North,Apparel,2,62.58,19.72,New Customer
100098,2025-01-04,South,Home & Kitchen,2,126.35,34.54,Returning Customer
100099,2025-01-04,East,Electronics,1,215.99,39.33,New Customer
100100,2025-01-04,East,Home & Kitchen,2,157.67,39.47,VIP
100101,2025-01-04,South,Home & Kitchen,1,59.18,18.17,New Customer
100102,2025-01-04,North,Beauty,2,46.95,18.2,New Customer
100103,2025-01-04,West,Home & Kitchen,2,173.65,41.81,Returning Customer
100104,2025-01-04,East,Beauty,1,24.92,11.65,New Customer
100105,2025-01-04,North,Apparel,2,58.16,21.39,Returning Customer
100106,2025-01-04,South,Sports & Outdoors,1,46.05,13.14,New Customer
100107,2025-01-04,North,Electronics,1,215.89,39.8,New Customer
100108,2025-01-04,West,Apparel,2,101.89,36.3,Returning Customer
100109,2025-01-04,East,Electronics,2,278.13,55.39,Returning Customer
100110,2025-01-04,East,Home & Kitchen,2,150.75,34.7,New Customer
100111,2025-01-04,South,Home & Kitchen,1,52.85,11.41,Returning Customer
100112,2025-01-04,East,Electronics,2,305.82,62.02,Returning Customer
100113,2025-01-04,East,Home & Kitchen,2,171.87,50.52,New Customer
100114,2025-01-04,West,Beauty,2,61.2,24.6,VIP
100115,2025-01-04,North,Electronics,2,412.14,80.33,Returning Customer
100116,2025-01-04,West,Beauty,1,31.8,14.34,Returning Customer
100117,2025-01-04,South,Beauty,1,24.49,11.69,Returning Customer
100118,2025-01-05,East,Apparel,1,48.68,16.72,New Customer
100119,2025-01-05,East,Sports & Outdoors,1,23.53,8.07,New Customer
100120,2025-01-05,East,Home & Kitchen,2,146.55,46.52,Returning Customer
100121,2025-01-05,West,Beauty,2,67.59,30.44,Returning Customer
100122,2025-01-05,North,Electronics,2,403.11,76.59,New Customer
100123,2025-01-05,West,Electronics,2,563.15,85.59,Returning Customer
100124,2025-01-05,East,Apparel,2,111.69,42.35,Returning Customer
100125,2025-01-05,East,Home & Kitchen,1,84.21,24.48,VIP
100126,2025-01-05,South,Electronics,1,209.45,37.35,New Customer
100127,2025-01-05,East,Apparel,1,54.76,17.63,Returning Customer
100128,2025-01-05,North,Sports & Outdoors,1,57.98,18.16,New Customer
100129,2025-01-05,East,Home & Kitchen,2,119.3,31.72,New Customer
100130,2025-01-05,North,Beauty,1,28.39,12.86,Returning Customer
100131,2025-01-05,South,Electronics,1,207.73,33.46,Returning Customer
100132,2025-01-05,North,Apparel,2,84.83,31.29,New Customer
100133,2025-01-05,East,Apparel,1,50.31,15.3,New Customer
100134,2025-01-05,North,Apparel,1,65.8,25.25,New Customer
100135,2025-01-05,East,Electronics,2,564.9,74.07,VIP
100136,2025-01-05,East,Electronics,1,149.51,27.58,Returning Customer
100137,2025-01-05,North,Sports & Outdoors,2,172.05,48.65,New Customer
100138,2025-01-05,West,Home & Kitchen,1,60.86,19.79,Returning Customer
100139,2025-01-05,South,Apparel,2,81.98,29.28,New Customer
100140,2025-01-05,North,Beauty,2,67.67,25.73,New Customer
100141,2025-01-05,North,Electronics,2,336.89,70.99,Returning Customer
100142,2025-01-05,North,Electronics,1,156.4,30.45,Returning Customer
100143,2025-01-05,North,Electronics,2,361.17,65.68,Returning Customer
100144,2025-01-05,West,Sports & Outdoors,2,91.93,24.99,VIP
100145,2025-01-05,North,Electronics,1,194.86,40.16,Returning Customer
100146,2025-01-05,West,Home & Kitchen,1,53.55,12.73,Returning Customer
100147,2025-01-05,North,Home & Kitchen,2,109.61,34.81,VIP
100148,2025-01-05,North,Sports & Outdoors,2,136.73,40.89,Returning Customer
100149,2025-01-05,South,Electronics,2,438.28,92.79,New Customer
100150,2025-01-05,North,Home & Kitchen,2,130.6,37.93,New Customer
100151,2025-01-05,North,Electronics,2,481.21,88.45,Returning Customer
100152,2025-01-05,North,Apparel,2,79.44,29.06,New Customer
100153,2025-01-05,North,Sports & Outdoors,2,85.07,27.68,Returning Customer
100154,2025-01-05,South,Home & Kitchen,1,35.09,8.48,Returning Customer
100155,2025-01-05,North,Electronics,1,169.87,36.73,VIP
100156,2025-01-05,East,Home & Kitchen,2,197.64,53.53,VIP
100157,2025-01-05,East,Electronics,2,249.12,45.93,VIP
100158,2025-01-05,West,Sports & Outdoors,1,70.8,19.75,New Customer
100159,2025-01-05,North,Beauty,1,33.38,15.62,Returning Customer
100160,2025-01-06,North,Sports & Outdoors,2,61.52,20.57,New Customer
100161,2025-01-06,West,Electronics,2,379.58,90.48,New Customer
100162,2025-01-06,West,Beauty,1,31.92,14.44,Returning Customer
100163,2025-01-06,West,Electronics,1,240.97,50.81,New Customer
100164,2025-01-06,East,Electronics,2,433.66,79.8,New Customer
100165,2025-01-06,East,Apparel,2,85.59,27.48,Returning Customer
100166,2025-01-06,East,Electronics,1,222.22,36.56,New Customer
100167,2025-01-06,East,Electronics,2,451.7,80.63,Returning Customer
100168,2025-01-06,South,Apparel,1,49.64,14.5,Returning Customer
100169,2025-01-06,South,Home & Kitchen,2,162.83,44.63,New Customer
100170,2025-01-06,South,Sports & Outdoors,1,56.13,18.63,VIP
100171,2025-01-06,West,Sports & Outdoors,2,109.33,30.98,Returning Customer
100172,2025-01-06,North,Apparel,2,52.16,15.5,Returning Customer
100173,2025-01-06,North,Electronics,2,430.76,71.69,Returning Customer
100174,2025-01-06,East,Electronics,1,178.44,33.37,New Customer
100175,2025-01-06,East,Electronics,2,301.63,61.55,Returning Customer
100176,2025-01-06,West,Sports & Outdoors,2,173.52,48.6,New Customer
100177,2025-01-06,West,Electronics,2,317.13,62.77,VIP
100178,2025-01-06,North,Electronics,1,151.96,24.82,Returning Customer
100179,2025-01-07,West,Sports & Outdoors,1,63.68,23.79,New Customer
100180,2025-01-07,South,Apparel,1,48.87,16.55,New Customer
100181,2025-01-07,North,Home & Kitchen,1,28.51,7.23,New Customer
100182,2025-01-07,South,Electronics,2,385.73,73.3,Returning Customer
100183,2025-01-07,East,Electronics,2,338.81,62.02,Returning Customer
100184,2025-01-07,West,Electronics,2,46.73,7.19,Returning Customer
100185,2025-01-07,West,Apparel,2,114.83,40.65,Returning Customer
100186,2025-01-07,East,Beauty,2,67.49,29.37,Returning Customer
100187,2025-01-07,East,Home & Kitchen,2,136.33,37.52,VIP
100188,2025-01-07,South,Beauty,2,50.82,20.07,Returning Customer
100189,2025-01-07,North,Beauty,2,44.65,19.91,New Customer
100190,2025-01-07,North,Apparel,1,29.7,11.06,Returning Customer
100191,2025-01-07,East,Beauty,2,72.61,29.98,New Customer
100192,2025-01-07,North,Beauty,2,58.46,25.27,New Customer
100193,2025-01-07,South,Home & Kitchen,2,122.4,41.05,New Customer
100194,2025-01-07,North,Beauty,2,48.18,20.78,Returning Customer
100195,2025-01-07,North,Electronics,2,462.29,76.87,New Customer
100196,2025-01-07,North,Electronics,2,249.31,43.55,Returning Customer
100197,2025-01-07,East,Electronics,2,294.89,59.55,New Customer
100198,2025-01-07,West,Sports & Outdoors,2,127.88,37.98,New Customer
100199,2025-01-07,East,Apparel,1,24.22,8.07,New Customer
100200,2025-01-07,East,Beauty,1,28.52,11.78,New Customer
100201,2025-01-07,West,Apparel,2,80.57,27.04,New Customer
100202,2025-01-07,North,Apparel,2,104.46,40.73,New Customer
100203,2025-01-07,North,Sports & Outdoors,1,52.78,13.71,New Customer
100204,2025-01-07,East,Home & Kitchen,2,85.86,23.23,Returning Customer
100205,2025-01-08,North,Beauty,1,41.74,17.05,New Customer
100206,2025-01-08,West,Beauty,1,33.5,14.5,Returning Customer
100207,2025-01-08,North,Apparel,2,82.72,29.07,Returning Customer
100208,2025-01-08,North,Apparel,2,70.28,24.68,New Customer
100209,2025-01-08,North,Electronics,2,416.89,62.8,VIP
100210,2025-01-08,North,Home & Kitchen,2,175.48,54.0,New Customer
100211,2025-01-08,West,Electronics,2,393.48,68.8,VIP
100212,2025-01-08,East,Beauty,1,28.8,12.92,Returning Customer
100213,2025-01-08,South,Home & Kitchen,1,61.39,14.95,Returning Customer
100214,2025-01-08,East,Home & Kitchen,1,59.79,17.5,VIP
100215,2025-01-08,South,Electronics,1,154.67,27.46,New Customer
100216,2025-01-08,North,Home & Kitchen,1,46.67,13.86,Returning Customer
100217,2025-01-08,North,Electronics,1,164.85,31.41,VIP
100218,2025-01-08,South,Beauty,1,19.42,7.3,VIP
100219,2025-01-08,North,Beauty,2,50.27,21.23,New Customer
100220,2025-01-08,East,Home & Kitchen,2,76.93,20.22,Returning Customer
100221,2025-01-08,West,Electronics,1,236.08,41.6,New Customer
100222,2025-01-08,East,Apparel,2,77.62,25.6,VIP
100223,2025-01-09,West,Apparel,2,130.76,49.24,New Customer
100224,2025-01-09,East,Apparel,2,108.16,33.81,New Customer
100225,2025-01-09,East,Electronics,1,145.49,22.87,VIP
100226,2025-01-09,South,Apparel,1,56.21,18.84,Returning Customer
100227,2025-01-09,North,Home & Kitchen,1,52.94,12.75,New Customer
100228,2025-01-09,East,Apparel,2,117.33,40.75,Returning Customer
100229,2025-01-09,East,Beauty,2,48.77,20.55,VIP
100230,2025-01-09,North,Electronics,2,425.94,75.64,New Customer
100231,2025-01-09,South,Electronics,2,316.71,33.68,Returning Customer
100232,2025-01-09,North,Apparel,1,43.5,16.64,Returning Customer
100233,2025-01-09,South,Home & Kitchen,2,106.19,31.34,New Customer
100234,2025-01-09,East,Electronics,2,342.84,63.95,Returning Customer
100235,2025-01-09,West,Sports & Outdoors,2,115.05,35.09,Returning Customer
100236,2025-01-09,North,Beauty,2,40.93,18.01,Returning Customer
100237,2025-01-09,South,Home & Kitchen,2,97.82,26.1,Returning Customer
100238,2025-01-09,South,Beauty,1,30.25,13.09,Returning Customer
100239,2025-01-09,East,Beauty,1,34.31,14.27,VIP
100240,2025-01-09,South,Beauty,1,28.84,11.22,New Customer
100241,2025-01-09,South,Apparel,1,22.28,8.51,Returning Customer
100242,2025-01-09,East,Home & Kitchen,1,91.68,28.45,Returning Customer
100243,2025-01-09,South,Apparel,2,53.31,18.93,Returning Customer
100244,2025-01-09,South,Home & Kitchen,2,121.79,35.53,VIP
100245,2025-01-09,North,Sports & Outdoors,2,97.16,27.9,Returning Customer
100246,2025-01-09,East,Home & Kitchen,1,67.92,21.85,New Customer
100247,2025-01-09,East,Home & Kitchen,1,47.8,13.47,VIP
100248,2025-01-09,West,Electronics,1,187.22,28.44,New Customer
100249,2025-01-09,West,Apparel,1,39.81,15.31,Returning Customer
100250,2025-01-09,North,Electronics,2,364.4,66.04,New Customer
100251,2025-01-10,South,Beauty,2,60.43,28.12,New Customer
100252,2025-01-10,South,Beauty,2,81.47,32.19,New Customer
100253,2025-01-10,East,Apparel,2,79.94,26.57,VIP
100254,2025-01-10,South,Home & Kitchen,2,131.42,36.22,Returning Customer
100255,2025-01-10,East,Electronics,2,310.76,57.46,New Customer
100256,2025-01-10,North,Home & Kitchen,2,83.34,18.55,Returning Customer
100257,2025-01-10,East,Sports & Outdoors,2,120.72,40.58,New Customer
100258,2025-01-10,West,Beauty,2,47.86,18.64,New Customer
100259,2025-01-10,South,Electronics,1,202.2,42.25,New Customer
100260,2025-01-10,East,Electronics,2,401.64,97.81,New Customer
100261,2025-01-10,South,Home & Kitchen,1,40.63,9.76,VIP
100262,2025-01-10,South,Apparel,2,102.56,36.13,New Customer
100263,2025-01-10,East,Electronics,2,219.96,27.57,VIP
100264,2025-01-10,North,Apparel,2,77.99,24.0,New Customer
100265,2025-01-10,West,Sports & Outdoors,2,131.26,34.83,New Customer
100266,2025-01-10,North,Beauty,2,57.87,24.04,Returning Customer
100267,2025-01-10,East,Electronics,1,149.31,21.61,New Customer
100268,2025-01-10,South,Electronics,1,141.84,18.72,Returning Customer
100269,2025-01-10,East,Apparel,1,49.11,19.25,Returning Customer
100270,2025-01-10,South,Apparel,1,45.92,15.94,New Customer
100271,2025-01-10,West,Beauty,2,50.94,20.71,Returning Customer
100272,2025-01-10,South,Electronics,1,133.35,29.26,VIP
100273,2025-01-10,East,Beauty,1,14.22,5.88,Returning Customer
100274,2025-01-11,West,Beauty,1,23.73,9.83,New Customer
100275,2025-01-11,North,Sports & Outdoors,2,98.67,30.49,Returning Customer
100276,2025-01-11,West,Beauty,1,29.98,11.88,New Customer
100277,2025-01-11,East,Home & Kitchen,1,83.59,18.35,New Customer
100278,2025-01-11,North,Apparel,2,93.35,31.73,VIP
100279,2025-01-11,North,Electronics,1,148.09,30.45,New Customer
100280,2025-01-11,East,Home & Kitchen,2,80.14,24.63,Returning Customer
100281,2025-01-11,East,Apparel,1,40.13,15.64,Returning Customer
100282,2025-01-11,South,Home & Kitchen,2,147.6,44.69,Returning Customer
100283,2025-01-11,North,Apparel,1,60.41,20.45,Returning Customer
100284,2025-01-11,East,Electronics,1,135.27,24.22,Returning Customer
100285,2025-01-11,South,Beauty,1,25.27,11.03,Returning Customer
100286,2025-01-11,West,Home & Kitchen,1,88.91,24.34,VIP
100287,2025-01-11,West,Beauty,1,26.62,10.88,VIP
100288,2025-01-11,North,Beauty,2,75.75,34.57,VIP
100289,2025-01-11,East,Home & Kitchen,2,162.85,44.96,New Customer
100290,2025-01-11,West,Apparel,2,81.78,29.08,New Customer
100291,2025-01-11,North,Sports & Outdoors,1,44.42,10.3,VIP
100292,2025-01-11,West,Sports & Outdoors,1,48.79,14.0,New Customer
100293,2025-01-11,East,Beauty,2,44.83,18.63,Returning Customer
100294,2025-01-11,West,Beauty,2,36.09,16.78,New Customer
100295,2025-01-11,North,Home & Kitchen,2,161.27,44.9,New Customer
100296,2025-01-11,North,Apparel,2,122.75,49.59,Returning Customer
100297,2025-01-11,West,Home & Kitchen,1,51.53,14.74,New Customer
100298,2025-01-11,East,Apparel,2,85.02,29.05,VIP
100299,2025-01-11,East,Apparel,2,106.79,36.22,New Customer
100300,2025-01-11,East,Home & Kitchen,2,169.45,46.73,Returning Customer
100301,2025-01-11,East,Home & Kitchen,1,83.28,21.32,New Customer
100302,2025-01-11,East,Beauty,2,61.6,24.67,Returning Customer
100303,2025-01-11,North,Apparel,2,68.09,20.21,Returning Customer
100304,2025-01-11,East,Home & Kitchen,2,188.87,56.42,VIP
100305,2025-01-11,East,Beauty,1,29.44,11.3,Returning Customer
100306,2025-01-11,East,Sports & Outdoors,2,104.25,28.61,Returning Customer
100307,2025-01-11,North,Home & Kitchen,2,144.08,45.47,Returning Customer
100308,2025-01-11,South,Home & Kitchen,2,82.88,20.46,New Customer
100309,2025-01-11,South,Beauty,1,25.99,10.18,Returning Customer
100310,2025-01-11,West,Electronics,2,232.35,29.55,Returning Customer
100311,2025-01-11,North,Home & Kitchen,2,116.47,28.49,New Customer
100312,2025-01-11,West,Apparel,1,46.42,15.29,Returning Customer
100313,2025-01-11,East,Home & Kitchen,2,182.2,59.56,New Customer
100314,2025-01-12,North,Home & Kitchen,2,152.63,47.11,Returning Customer
100315,2025-01-12,South,Apparel,2,98.13,32.64,New Customer
100316,2025-01-12,South,Electronics,2,377.09,74.4,Returning Customer
100317,2025-01-12,East,Beauty,1,33.95,15.15,VIP
100318,2025-01-12,North,Home & Kitchen,2,134.58,30.54,New Customer
100319,2025-01-12,West,Electronics,2,307.49,43.35,Returning Customer
100320,2025-01-12,South,Apparel,2,64.99,22.65,New Customer
100321,2025-01-12,East,Apparel,1,41.91,13.41,VIP
100322,2025-01-12,South,Electronics,2,350.99,61.03,New Customer
100323,2025-01-12,North,Sports & Outdoors,2,108.17,33.25,Returning Customer
100324,2025-01-12,West,Electronics,1,156.33,28.07,New Customer
100325,2025-01-12,West,Electronics,2,456.4,72.18,New Customer
100326,2025-01-12,North,Beauty,1,28.47,12.4,VIP
100327,2025-01-12,North,Apparel,2,87.65,36.87,VIP
100328,2025-01-12,North,Beauty,1,18.67,9.19,VIP
100329,2025-01-12,East,Apparel,1,35.74,12.33,Returning Customer
100330,2025-01-12,East,Sports & Outdoors,1,60.9,19.54,New Customer
100331,2025-01-12,East,Home & Kitchen,2,147.92,39.49,Returning Customer
100332,2025-01-12,North,Home & Kitchen,1,57.71,19.64,New Customer
100333,2025-01-12,East,Home & Kitchen,2,120.18,34.46,New Customer
100334,2025-01-12,West,Beauty,1,23.48,9.3,New Customer
100335,2025-01-12,South,Beauty,2,42.36,18.38,New Customer
100336,2025-01-12,West,Home & Kitchen,2,128.02,33.02,VIP
100337,2025-01-12,East,Apparel,2,71.92,20.58,New Customer
100338,2025-01-12,North,Apparel,1,46.27,14.2,New Customer
100339,2025-01-12,West,Home & Kitchen,1,82.06,19.58,New Customer
100340,2025-01-12,West,Home & Kitchen,2,161.93,48.53,New Customer
100341,2025-01-12,West,Sports & Outdoors,2,110.75,28.96,Returning Customer
100342,2025-01-12,North,Apparel,2,68.51,24.85,Returning Customer
100343,2025-01-12,East,Electronics,2,390.61,63.95,New Customer
100344,2025-01-13,South,Sports & Outdoors,2,77.3,22.6,New Customer
100345,2025-01-13,East,Home & Kitchen,1,56.84,16.87,New Customer
100346,2025-01-13,West,Apparel,1,46.9,18.27,Returning Customer
100347,2025-01-13,South,Apparel,1,30.06,11.5,New Customer
100348,2025-01-13,West,Beauty,2,63.64,25.13,VIP
100349,2025-01-13,North,Electronics,2,382.43,73.67,New Customer
100350,2025-01-13,East,Apparel,2,112.46,37.9,Returning Customer
100351,2025-01-13,West,Home & Kitchen,2,114.1,32.97,New Customer
100352,2025-01-13,North,Home & Kitchen,2,116.93,34.58,VIP
100353,2025-01-13,North,Home & Kitchen,2,119.08,34.89,New Customer
100354,2025-01-13,North,Beauty,1,31.6,13.44,VIP
100355,2025-01-13,East,Beauty,1,29.98,13.26,VIP
100356,2025-01-13,North,Electronics,2,206.56,23.07,VIP
100357,2025-01-13,East,Apparel,2,87.8,34.45,New Customer
100358,2025-01-13,South,Electronics,2,423.85,70.76,New Customer
100359,2025-01-13,West,Beauty,1,35.02,16.87,Returning Customer
100360,2025-01-13,East,Home & Kitchen,2,141.03,36.76,Returning Customer
100361,2025-01-13,North,Electronics,2,206.98,40.54,VIP
100362,2025-01-13,North,Electronics,2,445.53,103.06,VIP
100363,2025-01-13,North,Electronics,1,157.28,32.06,Returning Customer
100364,2025-01-13,North,Beauty,1,22.86,9.63,VIP
100365,2025-01-14,North,Sports & Outdoors,2,95.76,29.42,VIP
100366,2025-01-14,South,Electronics,1,173.81,36.25,Returning Customer
100367,2025-01-14,East,Home & Kitchen,1,87.78,27.5,New Customer
100368,2025-01-14,North,Beauty,1,30.97,13.14,Returning Customer
100369,2025-01-14,East,Apparel,1,55.2,18.96,New Customer
100370,2025-01-14,North,Home & Kitchen,1,58.02,15.04,VIP
100371,2025-01-14,South,Apparel,2,33.36,10.22,Returning Customer
100372,2025-01-14,East,Home & Kitchen,1,82.62,21.7,Returning Customer
100373,2025-01-14,South,Apparel,2,108.66,36.13,New Customer
100374,2025-01-14,West,Home & Kitchen,1,82.49,23.15,Returning Customer
100375,2025-01-14,East,Sports & Outdoors,1,75.36,21.0,VIP
100376,2025-01-14,East,Electronics,1,221.46,36.26,VIP
100377,2025-01-14,West,Electronics,1,163.04,32.16,Returning Customer
100378,2025-01-14,West,Home & Kitchen,1,61.57,15.42,Returning Customer
100379,2025-01-14,North,Electronics,1,156.32,35.2,Returning Customer
100380,2025-01-14,East,Sports & Outdoors,1,57.84,18.67,VIP
100381,2025-01-14,East,Electronics,2,475.39,87.24,VIP
100382,2025-01-14,West,Home & Kitchen,2,125.82,28.13,Returning Customer
100383,2025-01-14,North,Electronics,1,172.14,23.32,Returning Customer
100384,2025-01-14,North,Apparel,1,65.7,21.53,New Customer
100385,2025-01-14,South,Beauty,2,48.13,18.3,Returning Customer
100386,2025-01-14,East,Beauty,1,33.55,12.33,New Customer
100387,2025-01-14,East,Home & Kitchen,1,87.7,32.68,New Customer
100388,2025-01-14,East,Electronics,1,136.6,22.83,New Customer
100389,2025-01-14,East,Home & Kitchen,1,85.7,22.71,Returning Customer
100390,2025-01-14,North,Beauty,2,38.72,15.57,VIP
100391,2025-01-14,South,Home & Kitchen,1,65.45,19.15,New Customer
100392,2025-01-14,North,Electronics,1,130.58,22.09,New Customer
100393,2025-01-14,East,Apparel,2,91.04,31.73,New Customer
100394,2025-01-15,South,Sports & Outdoors,1,53.52,16.77,New Customer
100395,2025-01-15,South,Home & Kitchen,1,107.79,24.34,New Customer
100396,2025-01-15,North,Beauty,1,20.56,8.1,New Customer
100397,2025-01-15,North,Apparel,2,104.29,34.91,Returning Customer
100398,2025-01-15,North,Home & Kitchen,1,98.7,24.91,Returning Customer
100399,2025-01-15,South,Sports & Outdoors,2,81.17,21.43,Returning Customer
100400,2025-01-15,South,Beauty,2,55.58,22.4,Returning Customer
100401,2025-01-15,North,Sports & Outdoors,1,31.78,10.62,Returning Customer
100402,2025-01-15,North,Beauty,1,29.88,12.24,New Customer
100403,2025-01-15,West,Sports & Outdoors,1,55.26,17.66,New Customer
100404,2025-01-15,East,Apparel,1,28.71,9.32,New Customer
100405,2025-01-15,East,Apparel,1,42.5,15.73,Returning Customer
100406,2025-01-15,West,Apparel,2,101.73,37.57,Returning Customer
100407,2025-01-15,West,Electronics,1,117.69,24.58,New Customer
100408,2025-01-15,South,Electronics,1,285.0,52.94,VIP
100409,2025-01-15,North,Apparel,1,70.2,25.54,Returning Customer
100410,2025-01-15,West,Apparel,1,55.72,20.36,New Customer
100411,2025-01-15,North,Beauty,1,23.7,10.09,New Customer
100412,2025-01-15,West,Beauty,1,32.09,13.91,Returning Customer
100413,2025-01-15,North,Apparel,2,111.64,35.3,New Customer
100414,2025-01-15,South,Home & Kitchen,2,68.46,19.61,New Customer
100415,2025-01-15,South,Beauty,2,39.68,16.58,Returning Customer
100416,2025-01-15,East,Electronics,2,438.56,70.65,VIP
100417,2025-01-15,South,Sports & Outdoors,1,70.82,21.84,Returning Customer
100418,2025-01-15,North,Electronics,1,241.23,33.95,New Customer
100419,2025-01-15,West,Apparel,2,119.27,41.08,Returning Customer
100420,2025-01-16,South,Electronics,1,190.65,42.15,Returning Customer
100421,2025-01-16,North,Beauty,2,40.28,16.53,VIP
100422,2025-01-16,West,Beauty,1,22.24,10.09,New Customer
100423,2025-01-16,South,Electronics,2,439.65,81.89,Returning Customer
100424,2025-01-16,South,Apparel,2,70.68,27.12,New Customer
100425,2025-01-16,South,Electronics,1,189.34,40.1,VIP
100426,2025-01-16,West,Apparel,2,98.79,34.27,New Customer
100427,2025-01-16,East,Apparel,1,35.52,12.87,New Customer
100428,2025-01-16,West,Electronics,2,265.02,56.12,New Customer
100429,2025-01-16,West,Home & Kitchen,2,129.89,32.59,New Customer
100430,2025-01-16,West,Apparel,2,77.61,24.32,New Customer
100431,2025-01-16,North,Beauty,2,25.69,11.82,Returning Customer
100432,2025-01-16,South,Beauty,2,52.18,22.49,Returning Customer
100433,2025-01-16,East,Apparel,2,93.11,31.64,Returning Customer
100434,2025-01-16,East,Electronics,1,155.51,27.23,New Customer
100435,2025-01-16,South,Electronics,1,131.29,26.74,VIP
100436,2025-01-16,West,Home & Kitchen,2,122.91,24.68,New Customer
100437,2025-01-16,East,Home & Kitchen,2,150.05,43.67,New Customer
100438,2025-01-16,South,Beauty,1,33.01,14.58,Returning Customer
100439,2025-01-16,West,Electronics,1,171.37,27.29,New Customer
100440,2025-01-16,North,Apparel,2,112.07,36.73,Returning Customer
100441,2025-01-16,South,Apparel,2,132.35,49.44,Returning Customer
100442,2025-01-16,West,Home & Kitchen,2,135.63,38.97,Returning Customer
100443,2025-01-16,South,Apparel,2,96.7,35.49,VIP
100444,2025-01-16,East,Apparel,2,74.36,25.93,VIP
100445,2025-01-16,West,Beauty,2,74.09,34.12,Returning Customer
100446,2025-01-16,East,Electronics,2,326.23,55.61,Returning Customer
100447,2025-01-16,West,Home & Kitchen,1,65.35,19.04,VIP
100448,2025-01-16,North,Home & Kitchen,1,75.38,20.57,New Customer
100449,2025-01-16,South,Sports & Outdoors,1,70.32,23.45,VIP
100450,2025-01-17,North,Apparel,2,53.83,19.14,Returning Customer
100451,2025-01-17,East,Electronics,2,242.32,45.01,Returning Customer
100452,2025-01-17,East,Beauty,2,62.27,26.85,New Customer
100453,2025-01-17,West,Electronics,1,63.43,11.32,VIP
100454,2025-01-17,East,Electronics,1,271.09,37.71,New Customer
100455,2025-01-17,East,Sports & Outdoors,2,124.72,40.26,New Customer
100456,2025-01-17,East,Apparel,2,88.09,27.55,Returning Customer
100457,2025-01-17,North,Home & Kitchen,1,74.14,21.69,Returning Customer
100458,2025-01-17,West,Beauty,2,38.49,16.86,New Customer
100459,2025-01-17,West,Beauty,1,22.09,8.74,New Customer
100460,2025-01-17,West,Electronics,2,291.78,38.81,VIP
100461,2025-01-17,West,Electronics,1,281.55,48.08,New Customer
100462,2025-01-17,North,Electronics,1,96.01,20.18,Returning Customer
100463,2025-01-17,North,Home & Kitchen,1,83.3,22.64,VIP
100464,2025-01-17,West,Sports & Outdoors,1,34.01,10.24,New Customer
100465,2025-01-17,North,Electronics,2,262.31,52.79,Returning Customer
100466,2025-01-17,East,Home & Kitchen,1,91.28,25.84,New Customer
100467,2025-01-17,South,Sports & Outdoors,1,50.66,16.87,Returning Customer
100468,2025-01-17,West,Sports & Outdoors,2,121.25,31.55,New Customer
100469,2025-01-17,South,Beauty,2,36.66,16.92,New Customer
100470,2025-01-17,West,Apparel,1,49.91,18.07,New Customer
100471,2025-01-17,East,Beauty,2,56.88,26.13,Returning Customer
100472,2025-01-17,North,Apparel,1,52.77,14.42,New Customer
100473,2025-01-17,West,Electronics,2,357.47,61.98,VIP
100474,2025-01-17,North,Electronics,2,421.14,61.29,Returning Customer
100475,2025-01-17,West,Apparel,2,70.79,22.82,New Customer
100476,2025-01-17,South,Sports & Outdoors,2,150.14,37.29,Returning Customer
100477,2025-01-17,North,Home & Kitchen,2,73.18,20.78,Returning Customer
100478,2025-01-18,West,Home & Kitchen,1,58.76,16.89,Returning Customer
100479,2025-01-18,South,Apparel,1,31.44,10.83,New Customer
100480,2025-01-18,North,Beauty,1,35.61,15.94,VIP
100481,2025-01-18,North,Beauty,1,25.42,10.33,Returning Customer
100482,2025-01-18,North,Electronics,1,200.6,46.19,VIP
100483,2025-01-18,South,Apparel,1,17.61,6.24,VIP
100484,2025-01-18,North,Beauty,1,27.58,11.96,New Customer
100485,2025-01-18,East,Beauty,1,44.03,21.04,Returning Customer
100486,2025-01-18,South,Apparel,2,101.07,33.78,Returning Customer
100487,2025-01-18,South,Electronics,2,412.2,86.7,Returning Customer
100488,2025-01-18,South,Beauty,1,23.45,10.39,Returning Customer
100489,2025-01-18,East,Beauty,1,18.58,8.18,New Customer
100490,2025-01-18,North,Electronics,1,133.68,18.64,Returning Customer
100491,2025-01-18,South,Beauty,2,35.96,15.75,New Customer
100492,2025-01-18,North,Apparel,2,80.27,27.7,New Customer
100493,2025-01-18,West,Home & Kitchen,2,111.83,32.45,Returning Customer
100494,2025-01-18,West,Home & Kitchen,2,98.68,24.8,Returning Customer
100495,2025-01-18,West,Electronics,1,197.47,35.77,Returning Customer
100496,2025-01-18,North,Home & Kitchen,1,46.99,10.82,New Customer
100497,2025-01-18,North,Apparel,2,108.03,44.65,Returning Customer
100498,2025-01-18,North,Home & Kitchen,1,56.12,15.26,Returning Customer
100499,2025-01-18,East,Home & Kitchen,2,174.67,53.91,New Customer
100500,2025-01-18,East,Apparel,2,54.56,20.61,New Customer
100501,2025-01-18,East,Beauty,1,27.06,10.55,Returning Customer
100502,2025-01-18,North,Sports & Outdoors,1,60.37,15.71,Returning Customer
100503,2025-01-18,East,Apparel,1,51.99,17.94,Returning Customer
100504,2025-01-18,West,Electronics,1,162.66,31.33,Returning Customer
100505,2025-01-18,West,Electronics,2,284.91,61.3,VIP
100506,2025-01-18,North,Beauty,1,24.94,9.27,Returning Customer
100507,2025-01-18,North,Home & Kitchen,1,96.94,28.71,Returning Customer
100508,2025-01-18,North,Home & Kitchen,1,70.84,21.04,New Customer
100509,2025-01-18,North,Electronics,1,136.21,16.85,New Customer
100510,2025-01-18,East,Home & Kitchen,2,146.24,43.02,VIP
100511,2025-01-19,East,Beauty,2,50.49,23.43,New Customer
100512,2025-01-19,West,Apparel,2,108.23,37.01,Returning Customer
100513,2025-01-19,West,Apparel,1,48.71,18.36,VIP
100514,2025-01-19,South,Home & Kitchen,1,56.07,17.15,Returning Customer
100515,2025-01-19,North,Apparel,2,71.96,19.94,New Customer
100516,2025-01-19,North,Apparel,1,64.68,20.66,New Customer
100517,2025-01-19,North,Electronics,1,218.52,45.61,VIP
100518,2025-01-19,South,Beauty,1,20.4,8.06,Returning Customer
100519,2025-01-19,East,Apparel,1,39.46,14.49,Returning Customer
100520,2025-01-19,West,Home & Kitchen,1,76.5,21.44,VIP
100521,2025-01-19,North,Apparel,1,39.66,15.11,Returning Customer
100522,2025-01-19,West,Sports & Outdoors,2,121.55,38.68,Returning Customer
100523,2025-01-19,East,Electronics,1,251.76,40.49,New Customer
100524,2025-01-19,South,Apparel,1,46.26,18.61,New Customer
100525,2025-01-19,North,Electronics,1,205.77,39.19,New Customer
100526,2025-01-19,East,Home & Kitchen,2,208.87,61.2,New Customer
100527,2025-01-19,North,Apparel,1,58.49,19.09,Returning Customer
100528,2025-01-19,West,Apparel,1,60.09,16.83,Returning Customer
100529,2025-01-19,East,Electronics,2,407.72,49.43,Returning Customer
100530,2025-01-19,North,Sports & Outdoors,2,84.55,26.01,New Customer
100531,2025-01-19,North,Home & Kitchen,1,69.74,18.64,Returning Customer
100532,2025-01-19,East,Sports & Outdoors,1,54.37,15.06,Returning Customer
100533,2025-01-19,East,Home & Kitchen,2,141.37,42.03,Returning Customer
100534,2025-01-19,East,Apparel,2,88.8,34.34,New Customer
100535,2025-01-19,West,Apparel,1,40.93,15.82,Returning Customer
100536,2025-01-19,North,Apparel,1,41.9,15.85,Returning Customer
100537,2025-01-19,West,Electronics,1,178.35,34.01,Returning Customer
100538,2025-01-19,West,Electronics,1,95.56,18.98,New Customer
100539,2025-01-19,South,Apparel,1,35.04,13.8,New Customer
100540,2025-01-19,North,Apparel,2,85.3,35.25,New Customer
100541,2025-01-19,West,Beauty,1,28.73,11.57,Returning Customer
100542,2025-01-19,East,Home & Kitchen,2,132.72,42.78,New Customer
100543,2025-01-19,East,Home & Kitchen,1,90.64,22.38,New Customer
100544,2025-01-19,South,Electronics,2,408.73,91.25,Returning Customer
100545,2025-01-20,East,Electronics,2,507.65,81.39,New Customer
100546,2025-01-20,East,Electronics,1,163.33,22.51,VIP
100547,2025-01-20,South,Electronics,1,133.19,24.93,Returning Customer
100548,2025-01-20,South,Sports & Outdoors,1,67.74,18.09,New Customer
100549,2025-01-20,West,Home & Kitchen,1,86.08,24.4,Returning Customer
100550,2025-01-20,North,Home & Kitchen,1,78.78,19.15,Returning Customer
100551,2025-01-20,East,Beauty,2,65.32,28.8,Returning Customer
100552,2025-01-20,North,Electronics,1,165.03,32.14,Returning Customer
100553,2025-01-20,North,Home & Kitchen,2,85.87,23.21,Returning Customer
100554,2025-01-20,East,Apparel,1,48.77,17.53,New Customer
100555,2025-01-20,East,Electronics,2,580.45,84.0,New Customer
100556,2025-01-20,South,Sports & Outdoors,1,71.7,20.22,Returning Customer
100557,2025-01-20,South,Home & Kitchen,1,68.89,20.29,New Customer
100558,2025-01-20,North,Apparel,2,135.28,51.5,VIP
100559,2025-01-20,East,Home & Kitchen,1,86.87,26.41,Returning Customer
100560,2025-01-20,North,Home & Kitchen,2,152.87,43.53,VIP
100561,2025-01-20,South,Home & Kitchen,1,24.1,5.77,Returning Customer
100562,2025-01-20,West,Apparel,2,76.67,27.12,Returning Customer
100563,2025-01-20,East,Home & Kitchen,2,113.12,32.19,Returning Customer
100564,2025-01-20,West,Electronics,2,396.37,59.19,Returning Customer
100565,2025-01-20,North,Home & Kitchen,2,87.07,30.22,VIP
100566,2025-01-20,North,Home & Kitchen,1,90.26,27.59,VIP
100567,2025-01-20,West,Sports & Outdoors,1,61.03,18.56,VIP
100568,2025-01-20,East,Beauty,2,58.12,25.74,Returning Customer
100569,2025-01-20,South,Electronics,2,378.6,76.54,New Customer
100570,2025-01-20,East,Home & Kitchen,2,150.46,38.5,New Customer
100571,2025-01-20,West,Sports & Outdoors,2,128.93,34.73,Returning Customer
100572,2025-01-20,East,Sports & Outdoors,1,52.49,14.98,New Customer
100573,2025-01-20,West,Beauty,2,51.45,22.62,Returning Customer
100574,2025-01-20,West,Apparel,2,86.02,26.11,New Customer
100575,2025-01-20,North,Electronics,1,195.02,35.22,New Customer
100576,2025-01-20,North,Electronics,1,152.43,32.25,New Customer
100577,2025-01-20,North,Electronics,1,116.33,16.4,New Customer
100578,2025-01-20,West,Electronics,2,322.83,49.13,VIP
100579,2025-01-20,North,Electronics,2,407.99,83.84,Returning Customer
100580,2025-01-20,North,Apparel,2,63.77,22.35,Returning Customer
100581,2025-01-21,North,Apparel,1,62.39,20.43,New Customer
100582,2025-01-21,South,Electronics,1,262.47,53.66,Returning Customer
100583,2025-01-21,West,Apparel,1,46.96,14.97,Returning Customer
100584,2025-01-21,West,Electronics,1,256.62,45.62,Returning Customer
100585,2025-01-21,South,Beauty,1,29.44,12.13,New Customer
100586,2025-01-21,East,Apparel,2,84.52,28.82,VIP
100587,2025-01-21,North,Home & Kitchen,1,82.84,23.29,New Customer
100588,2025-01-21,West,Sports & Outdoors,1,42.73,13.33,Returning Customer
100589,2025-01-21,North,Electronics,2,128.35,22.12,VIP
100590,2025-01-21,East,Home & Kitchen,1,47.05,13.49,New Customer
100591,2025-01-21,West,Apparel,1,58.93,19.08,Returning Customer
100592,2025-01-21,South,Sports & Outdoors,1,45.62,12.76,VIP
100593,2025-01-21,North,Electronics,1,240.72,55.33,New Customer
100594,2025-01-21,South,Electronics,2,172.17,27.97,New Customer
100595,2025-01-21,South,Sports & Outdoors,1,56.95,18.07,VIP
100596,2025-01-21,West,Home & Kitchen,1,90.85,24.88,New Customer
100597,2025-01-21,South,Apparel,1,49.05,17.42,New Customer
100598,2025-01-21,East,Apparel,1,46.59,13.33,Returning Customer
100599,2025-01-21,West,Apparel,1,48.43,15.63,New Customer
100600,2025-01-21,West,Sports & Outdoors,1,33.64,9.79,New Customer
100601,2025-01-21,East,Electronics,1,219.65,49.79,New Customer
100602,2025-01-21,North,Home & Kitchen,1,53.12,16.08,Returning Customer
100603,2025-01-21,East,Sports & Outdoors,2,70.55,18.93,Returning Customer
100604,2025-01-21,South,Electronics,1,148.38,21.35,New Customer
100605,2025-01-22,East,Home & Kitchen,2,158.39,37.26,Returning Customer
100606,2025-01-22,South,Apparel,1,54.86,21.62,VIP
100607,2025-01-22,South,Apparel,2,109.13,36.71,New Customer
100608,2025-01-22,West,Home & Kitchen,2,114.78,28.16,VIP
100609,2025-01-22,North,Electronics,2,268.47,55.91,New Customer
100610,2025-01-22,South,Sports & Outdoors,1,52.43,13.16,Returning Customer
100611,2025-01-22,East,Beauty,2,48.22,18.99,New Customer
100612,2025-01-22,West,Beauty,1,32.45,12.54,New Customer
100613,2025-01-22,South,Sports & Outdoors,2,87.85,29.02,New Customer
100614,2025-01-22,North,Apparel,2,78.1,24.86,Returning Customer
100615,2025-01-22,West,Electronics,2,267.28,47.8,Returning Customer
100616,2025-01-22,West,Electronics,1,125.59,21.71,New Customer
100617,2025-01-22,East,Sports & Outdoors,2,84.91,25.95,VIP
100618,2025-01-22,East,Home & Kitchen,2,76.22,19.15,New Customer
100619,2025-01-22,West,Beauty,1,22.88,9.44,Returning Customer
100620,2025-01-22,North,Sports & Outdoors,2,121.64,44.09,New Customer
100621,2025-01-22,North,Home & Kitchen,1,39.53,11.52,Returning Customer
100622,2025-01-22,West,Electronics,2,188.3,29.03,New Customer
100623,2025-01-22,North,Home & Kitchen,1,47.51,13.62,Returning Customer
100624,2025-01-22,West,Beauty,2,25.7,10.54,New Customer
100625,2025-01-22,West,Apparel,2,96.36,32.89,New Customer
100626,2025-01-22,West,Home & Kitchen,2,169.01,44.97,VIP
100627,2025-01-22,South,Apparel,1,39.0,13.91,Returning Customer
100628,2025-01-22,East,Sports & Outdoors,2,78.45,22.8,Returning Customer
100629,2025-01-22,West,Home & Kitchen,2,115.7,34.3,New Customer
100630,2025-01-22,South,Beauty,1,23.89,10.19,New Customer
100631,2025-01-22,East,Apparel,2,87.38,29.82,Returning Customer
100632,2025-01-22,West,Sports & Outdoors,1,40.3,9.93,Returning Customer
100633,2025-01-22,East,Electronics,1,200.98,25.6,New Customer
100634,2025-01-22,West,Electronics,2,223.7,42.42,Returning Customer
100635,2025-01-22,East,Sports & Outdoors,1,23.98,6.72,New Customer
100636,2025-01-22,North,Electronics,2,539.09,102.71,Returning Customer
100637,2025-01-22,East,Beauty,1,29.78,12.18,Returning Customer
100638,2025-01-22,South,Electronics,2,184.4,33.99,Returning Customer
100639,2025-01-22,South,Electronics,1,204.22,41.85,Returning Customer
100640,2025-01-22,South,Electronics,1,238.86,34.55,Returning Customer
100641,2025-01-22,West,Apparel,2,71.24,29.6,Returning Customer
100642,2025-01-22,West,Electronics,2,294.34,56.17,VIP
100643,2025-01-23,North,Apparel,2,94.2,29.99,Returning Customer
100644,2025-01-23,West,Beauty,2,44.23,18.28,New Customer
100645,2025-01-23,East,Home & Kitchen,2,128.73,35.8,VIP
100646,2025-01-23,West,Apparel,1,50.53,17.14,VIP
100647,2025-01-23,South,Electronics,1,172.88,30.98,VIP
100648,2025-01-23,East,Sports & Outdoors,1,45.7,15.09,New Customer
100649,2025-01-23,East,Apparel,1,72.33,28.14,Returning Customer
100650,2025-01-23,North,Apparel,1,43.89,14.57,VIP
100651,2025-01-23,West,Electronics,2,326.61,56.67,New Customer
100652,2025-01-23,North,Electronics,1,210.48,32.99,New Customer
100653,2025-01-23,South,Apparel,1,66.8,23.07,Returning Customer
100654,2025-01-23,North,Electronics,1,152.71,29.58,New Customer
100655,2025-01-23,North,Apparel,2,88.24,30.65,VIP
100656,2025-01-23,East,Apparel,2,101.82,32.16,New Customer
100657,2025-01-23,West,Sports & Outdoors,2,133.72,41.48,Returning Customer
100658,2025-01-23,North,Home & Kitchen,2,94.13,25.42,Returning Customer
100659,2025-01-23,South,Home & Kitchen,1,69.0,13.21,New Customer
100660,2025-01-23,North,Apparel,1,56.84,20.28,New Customer
100661,2025-01-23,South,Home & Kitchen,2,198.72,49.96,Returning Customer
100662,2025-01-23,South,Home & Kitchen,1,68.01,19.91,VIP
100663,2025-01-23,East,Beauty,2,32.63,13.86,Returning Customer
100664,2025-01-23,South,Electronics,1,209.86,33.22,New Customer
100665,2025-01-24,North,Sports & Outdoors,1,41.16,11.92,New Customer
100666,2025-01-24,South,Sports & Outdoors,1,73.84,23.69,New Customer
100667,2025-01-24,North,Electronics,2,393.3,62.6,New Customer
100668,2025-01-24,West,Electronics,1,170.59,33.44,Returning Customer
100669,2025-01-24,North,Electronics,2,354.41,76.86,Returning Customer
100670,2025-01-24,East,Beauty,2,70.1,26.8,VIP
100671,2025-01-24,North,Sports & Outdoors,2,129.71,30.71,VIP
100672,2025-01-24,North,Beauty,2,41.05,16.9,Returning Customer
100673,2025-01-24,North,Home & Kitchen,2,158.39,41.99,Returning Customer
100674,2025-01-24,East,Electronics,1,140.35,22.26,Returning Customer
100675,2025-01-24,East,Home & Kitchen,1,66.4,18.17,VIP
100676,2025-01-24,West,Electronics,2,291.58,55.0,New Customer
100677,2025-01-24,East,Beauty,1,32.09,11.64,New Customer
100678,2025-01-24,North,Beauty,1,28.56,12.47,Returning Customer
100679,2025-01-24,North,Home & Kitchen,2,112.44,26.94,Returning Customer
100680,2025-01-24,North,Electronics,1,178.58,33.62,Returning Customer
100681,2025-01-24,West,Sports & Outdoors,2,56.03,16.15,Returning Customer
100682,2025-01-24,South,Apparel,2,64.05,24.6,New Customer
100683,2025-01-24,East,Electronics,1,188.53,28.32,New Customer
100684,2025-01-24,West,Apparel,1,53.38,20.99,New Customer
100685,2025-01-24,North,Apparel,2,122.51,42.74,New Customer
100686,2025-01-24,North,Home & Kitchen,2,128.25,32.13,Returning Customer
100687,2025-01-24,East,Electronics,1,146.22,26.12,New Customer
100688,2025-01-24,North,Sports & Outdoors,2,164.2,49.16,New Customer
100689,2025-01-24,South,Home & Kitchen,1,65.63,19.19,New Customer
100690,2025-01-24,West,Electronics,1,118.54,20.81,Returning Customer
100691,2025-01-24,East,Apparel,1,64.43,22.98,VIP
100692,2025-01-24,West,Beauty,2,73.13,28.14,New Customer
100693,2025-01-24,East,Apparel,1,54.2,15.54,Returning Customer
100694,2025-01-24,South,Home & Kitchen,1,55.35,15.22,New Customer
100695,2025-01-24,South,Electronics,2,271.98,48.94,New Customer
100696,2025-01-24,West,Beauty,2,53.01,23.79,New Customer
100697,2025-01-24,East,Apparel,2,68.15,19.27,New Customer
100698,2025-01-24,East,Electronics,1,176.52,25.44,Returning Customer
100699,2025-01-24,East,Apparel,2,71.13,23.82,Returning Customer
100700,2025-01-25,North,Apparel,1,24.23,9.15,Returning Customer
100701,2025-01-25,East,Electronics,1,130.9,24.69,New Customer
100702,2025-01-25,West,Home & Kitchen,1,97.05,23.14,New Customer
100703,2025-01-25,West,Beauty,1,17.97,7.55,New Customer
100704,2025-01-25,West,Sports & Outdoors,2,90.56,29.61,VIP
100705,2025-01-25,North,Beauty,1,21.12,7.84,Returning Customer
100706,2025-01-25,West,Apparel,2,105.35,37.27,Returning Customer
100707,2025-01-25,South,Beauty,2,34.35,15.62,VIP
100708,2025-01-25,North,Electronics,1,172.13,25.46,Returning Customer
100709,2025-01-25,South,Electronics,1,172.02,23.97,Returning Customer
100710,2025-01-25,West,Beauty,1,30.98,13.4,Returning Customer
100711,2025-01-25,South,Beauty,2,21.92,8.21,New Customer
100712,2025-01-25,North,Beauty,1,18.59,8.09,Returning Customer
100713,2025-01-25,East,Electronics,2,404.92,79.73,New Customer
100714,2025-01-25,West,Home & Kitchen,2,126.38,32.33,New Customer
100715,2025-01-25,North,Electronics,1,105.08,23.39,VIP
100716,2025-01-25,West,Sports & Outdoors,2,104.56,31.96,Returning Customer
100717,2025-01-25,North,Electronics,1,189.01,34.07,New Customer
100718,2025-01-25,North,Electronics,1,187.89,26.29,Returning Customer
100719,2025-01-25,North,Sports & Outdoors,2,53.22,12.85,VIP
100720,2025-01-25,West,Beauty,2,33.07,14.01,New Customer
100721,2025-01-25,West,Home & Kitchen,1,60.73,16.09,Returning Customer
100722,2025-01-25,North,Electronics,2,332.8,33.91,New Customer
100723,2025-01-25,North,Apparel,2,91.18,33.26,VIP
100724,2025-01-25,North,Apparel,1,51.98,19.82,Returning Customer
100725,2025-01-25,South,Sports & Outdoors,1,82.64,22.34,Returning Customer
100726,2025-01-25,West,Apparel,2,91.02,32.0,New Customer
100727,2025-01-25,South,Apparel,1,43.08,15.13,New Customer
100728,2025-01-25,West,Electronics,2,468.09,88.23,Returning Customer
100729,2025-01-25,West,Electronics,2,387.55,78.88,Returning Customer
100730,2025-01-25,East,Home & Kitchen,2,98.62,32.43,New Customer
100731,2025-01-25,North,Sports & Outdoors,1,40.69,11.98,New Customer
100732,2025-01-25,South,Apparel,1,15.45,5.17,New Customer
100733,2025-01-25,East,Home & Kitchen,1,47.02,13.97,New Customer
100734,2025-01-25,North,Electronics,1,177.79,31.15,Returning Customer
100735,2025-01-25,East,Electronics,1,155.47,35.09,New Customer
100736,2025-01-25,South,Electronics,1,162.08,26.2,New Customer
100737,2025-01-26,North,Electronics,2,341.84,64.81,New Customer
100738,2025-01-26,South,Electronics,1,174.91,24.67,New Customer
100739,2025-01-26,East,Home & Kitchen,1,59.11,15.57,Returning Customer
100740,2025-01-26,North,Apparel,2,111.06,39.49,Returning Customer
100741,2025-01-26,West,Apparel,2,66.81,21.66,New Customer
100742,2025-01-26,North,Electronics,2,286.62,42.42,Returning Customer
100743,2025-01-26,East,Apparel,2,81.25,29.41,Returning Customer
100744,2025-01-26,East,Home & Kitchen,2,106.63,24.86,Returning Customer
100745,2025-01-26,North,Home & Kitchen,1,46.92,11.69,New Customer
100746,2025-01-26,South,Home & Kitchen,1,102.43,24.13,Returning Customer
100747,2025-01-26,East,Sports & Outdoors,2,87.08,27.89,New Customer
100748,2025-01-26,East,Apparel,2,83.78,30.46,New Customer
100749,2025-01-26,North,Beauty,2,30.61,11.88,VIP
100750,2025-01-26,North,Apparel,2,59.63,20.13,VIP
100751,2025-01-26,East,Sports & Outdoors,2,133.81,39.01,New Customer
100752,2025-01-26,North,Apparel,1,49.3,16.04,Returning Customer
100753,2025-01-26,East,Electronics,2,270.52,45.65,New Customer
100754,2025-01-26,South,Home & Kitchen,2,79.86,20.84,New Customer
100755,2025-01-26,West,Sports & Outdoors,2,92.73,30.74,Returning Customer
100756,2025-01-26,North,Home & Kitchen,2,80.98,19.86,New Customer
100757,2025-01-26,South,Electronics,2,376.35,59.17,Returning Customer
100758,2025-01-26,East,Sports & Outdoors,1,60.61,19.18,New Customer
100759,2025-01-26,East,Sports & Outdoors,1,49.58,14.65,Returning Customer
100760,2025-01-26,North,Electronics,2,449.09,72.55,VIP
100761,2025-01-26,North,Sports & Outdoors,1,39.96,12.89,VIP
100762,2025-01-26,West,Apparel,2,113.16,42.57,Returning Customer
100763,2025-01-26,North,Beauty,2,67.12,27.33,VIP
100764,2025-01-26,North,Electronics,1,195.25,33.19,Returning Customer
100765,2025-01-26,North,Beauty,1,26.39,9.55,Returning Customer
100766,2025-01-26,West,Sports & Outdoors,1,71.75,23.8,New Customer
100767,2025-01-26,West,Beauty,1,17.13,7.66,New Customer
100768,2025-01-26,North,Apparel,2,58.83,21.99,New Customer
100769,2025-01-26,West,Apparel,2,91.35,32.93,VIP
100770,2025-01-26,West,Electronics,2,230.77,32.43,New Customer
100771,2025-01-26,East,Apparel,1,37.45,12.96,New Customer
100772,2025-01-27,West,Home & Kitchen,2,175.48,47.12,New Customer
100773,2025-01-27,West,Home & Kitchen,1,58.17,15.1,New Customer
100774,2025-01-27,West,Home & Kitchen,2,155.78,43.05,New Customer
100775,2025-01-27,North,Electronics,1,211.3,56.32,New Customer
100776,2025-01-27,West,Beauty,1,29.05,11.95,VIP
100777,2025-01-27,South,Electronics,2,352.44,62.9,Returning Customer
100778,2025-01-27,East,Electronics,1,236.38,39.37,New Customer
100779,2025-01-27,South,Home & Kitchen,2,140.12,41.04,Returning Customer
100780,2025-01-27,North,Home & Kitchen,2,129.67,37.46,VIP
100781,2025-01-27,East,Electronics,1,169.19,35.1,VIP
100782,2025-01-27,North,Home & Kitchen,1,75.8,19.97,New Customer
100783,2025-01-27,West,Electronics,1,119.74,22.13,Returning Customer
100784,2025-01-27,North,Electronics,2,442.8,75.7,VIP
100785,2025-01-27,South,Apparel,2,79.74,30.22,Returning Customer
100786,2025-01-27,West,Apparel,1,50.22,16.75,New Customer
100787,2025-01-27,East,Electronics,2,513.88,89.9,New Customer
100788,2025-01-27,South,Apparel,2,125.32,44.12,VIP
100789,2025-01-27,West,Beauty,1,28.37,12.12,Returning Customer
100790,2025-01-27,West,Sports & Outdoors,2,76.52,23.32,Returning Customer
100791,2025-01-27,North,Apparel,1,50.38,19.17,New Customer
100792,2025-01-27,East,Electronics,2,340.14,53.65,New Customer
100793,2025-01-27,North,Electronics,1,220.57,46.72,VIP
100794,2025-01-27,North,Home & Kitchen,2,117.0,33.71,VIP
100795,2025-01-27,South,Beauty,2,64.74,29.72,Returning Customer
100796,2025-01-27,South,Home & Kitchen,1,69.53,21.27,Returning Customer
100797,2025-01-27,North,Apparel,2,102.14,36.41,Returning Customer
100798,2025-01-27,West,Home & Kitchen,1,49.27,13.34,New Customer
100799,2025-01-27,North,Apparel,2,93.11,34.52,Returning Customer
100800,2025-01-28,North,Apparel,2,82.62,30.9,Returning Customer
100801,2025-01-28,North,Home & Kitchen,1,72.33,21.79,New Customer
100802,2025-01-28,North,Electronics,2,319.32,49.92,New Customer
100803,2025-01-28,West,Electronics,1,212.43,34.5,New Customer
100804,2025-01-28,North,Home & Kitchen,2,151.54,38.76,Returning Customer
100805,2025-01-28,West,Home & Kitchen,1,71.0,21.17,New Customer
100806,2025-01-28,East,Electronics,2,293.46,63.32,VIP
100807,2025-01-28,East,Home & Kitchen,1,62.65,16.89,Returning Customer
100808,2025-01-28,North,Beauty,2,54.0,23.95,New Customer
100809,2025-01-28,West,Apparel,1,24.63,8.98,Returning Customer
100810,2025-01-28,South,Beauty,1,25.25,11.36,Returning Customer
100811,2025-01-28,West,Home & Kitchen,2,111.59,31.43,Returning Customer
100812,2025-01-28,South,Electronics,2,310.11,73.87,Returning Customer
100813,2025-01-28,South,Home & Kitchen,2,92.91,27.85,New Customer
100814,2025-01-28,East,Apparel,1,28.14,9.77,VIP
100815,2025-01-28,East,Sports & Outdoors,2,93.11,30.55,VIP
100816,2025-01-28,East,Home & Kitchen,2,96.33,26.55,New Customer
100817,2025-01-28,North,Electronics,1,117.77,17.03,New Customer
100818,2025-01-28,North,Beauty,2,65.4,30.47,Returning Customer
100819,2025-01-28,East,Sports & Outdoors,2,121.06,35.68,Returning Customer
100820,2025-01-28,South,Electronics,2,450.72,73.7,Returning Customer
100821,2025-01-28,South,Apparel,2,59.56,21.54,VIP
100822,2025-01-28,North,Apparel,1,41.85,13.04,New Customer
100823,2025-01-28,East,Home & Kitchen,1,57.98,14.97,Returning Customer
100824,2025-01-28,East,Beauty,2,61.75,27.57,Returning Customer
100825,2025-01-28,West,Home & Kitchen,2,172.71,49.04,New Customer
100826,2025-01-28,West,Beauty,1,42.11,19.32,New Customer
100827,2025-01-28,South,Home & Kitchen,2,97.53,27.95,New Customer
100828,2025-01-28,East,Electronics,1,230.23,51.86,Returning Customer
100829,2025-01-28,South,Home & Kitchen,1,71.75,18.66,Returning Customer
100830,2025-01-28,North,Beauty,2,82.93,32.9,Returning Customer
100831,2025-01-28,North,Home & Kitchen,2,80.76,20.67,Returning Customer
100832,2025-01-29,North,Electronics,1,175.22,40.5,New Customer
100833,2025-01-29,West,Apparel,1,41.15,12.22,Returning Customer
100834,2025-01-29,West,Beauty,2,49.16,21.58,New Customer
100835,2025-01-29,South,Beauty,2,55.63,24.0,Returning Customer
100836,2025-01-29,South,Apparel,1,58.25,20.02,New Customer
100837,2025-01-29,South,Electronics,1,162.61,33.69,Returning Customer
100838,2025-01-29,South,Home & Kitchen,2,104.61,28.48,Returning Customer
100839,2025-01-29,West,Sports & Outdoors,2,59.77,18.18,Returning Customer
100840,2025-01-29,West,Home & Kitchen,2,182.68,50.53,New Customer
100841,2025-01-29,South,Sports & Outdoors,1,38.01,11.6,New Customer
100842,2025-01-29,South,Electronics,2,423.06,111.87,New Customer
100843,2025-01-29,North,Sports & Outdoors,1,60.83,19.68,New Customer
100844,2025-01-29,South,Beauty,2,59.09,23.03,Returning Customer
100845,2025-01-29,South,Beauty,1,32.29,12.73,New Customer
100846,2025-01-29,South,Beauty,2,58.65,25.16,Returning Customer
100847,2025-01-29,South,Electronics,1,124.41,20.38,Returning Customer
100848,2025-01-29,West,Sports & Outdoors,1,38.87,11.54,VIP
100849,2025-01-29,North,Electronics,2,395.86,76.45,New Customer
100850,2025-01-29,North,Apparel,2,109.34,38.53,New Customer
100851,2025-01-29,West,Electronics,2,339.14,47.55,Returning Customer
100852,2025-01-29,West,Electronics,2,277.98,39.87,Returning Customer
100853,2025-01-29,East,Sports & Outdoors,2,86.27,21.68,New Customer
100854,2025-01-29,North,Sports & Outdoors,1,73.58,24.03,VIP
100855,2025-01-29,South,Beauty,1,34.89,15.07,Returning Customer
100856,2025-01-29,East,Home & Kitchen,2,110.88,35.76,Returning Customer
100857,2025-01-30,North,Electronics,1,140.29,19.26,Returning Customer
100858,2025-01-30,North,Sports & Outdoors,2,136.34,41.75,New Customer
100859,2025-01-30,East,Home & Kitchen,2,123.3,33.04,Returning Customer
100860,2025-01-30,North,Sports & Outdoors,2,102.25,30.98,New Customer
100861,2025-01-30,West,Apparel,2,87.6,33.68,New Customer
100862,2025-01-30,East,Home & Kitchen,1,40.32,8.11,New Customer
100863,2025-01-30,West,Home & Kitchen,2,99.1,27.22,New Customer
100864,2025-01-30,East,Beauty,2,59.12,27.07,New Customer
100865,2025-01-30,West,Apparel,1,59.0,20.67,Returning Customer
100866,2025-01-30,East,Electronics,2,448.77,71.19,Returning Customer
100867,2025-01-30,North,Electronics,2,462.75,77.16,New Customer
100868,2025-01-30,South,Apparel,1,43.89,16.65,Returning Customer
100869,2025-01-30,West,Electronics,2,475.08,94.83,New Customer
100870,2025-01-30,North,Electronics,2,571.42,90.58,Returning Customer
100871,2025-01-30,North,Beauty,1,29.76,11.7,Returning Customer
100872,2025-01-30,West,Sports & Outdoors,2,134.56,39.34,VIP
100873,2025-01-30,South,Home & Kitchen,1,66.08,17.25,VIP
100874,2025-01-30,North,Apparel,1,33.91,10.88,New Customer
100875,2025-01-30,West,Electronics,1,132.91,15.35,Returning Customer
100876,2025-01-30,South,Electronics,2,307.73,53.01,New Customer
100877,2025-01-30,West,Sports & Outdoors,1,43.99,11.53,Returning Customer
100878,2025-01-30,East,Sports & Outdoors,2,111.25,35.24,New Customer
100879,2025-01-30,North,Apparel,2,72.16,26.74,VIP
100880,2025-01-30,West,Electronics,1,127.08,21.6,VIP
100881,2025-01-30,West,Apparel,2,88.28,30.51,New Customer
100882,2025-01-30,North,Electronics,1,109.31,24.12,Returning Customer
100883,2025-01-30,North,Apparel,1,44.3,15.27,Returning Customer
100884,2025-01-31,East,Electronics,1,102.73,18.59,New Customer
100885,2025-01-31,East,Apparel,2,111.87,43.53,VIP
100886,2025-01-31,North,Apparel,1,35.59,13.98,New Customer
100887,2025-01-31,South,Apparel,1,37.7,13.62,Returning Customer
100888,2025-01-31,East,Apparel,2,47.53,15.79,Returning Customer
100889,2025-01-31,East,Electronics,2,327.86,56.61,VIP
100890,2025-01-31,North,Beauty,1,13.85,5.77,New Customer
100891,2025-01-31,South,Sports & Outdoors,2,113.36,39.17,Returning Customer
100892,2025-01-31,West,Apparel,1,53.55,21.2,New Customer
100893,2025-01-31,East,Electronics,2,504.59,77.24,Returning Customer
100894,2025-01-31,South,Apparel,1,58.57,17.82,Returning Customer
100895,2025-01-31,North,Apparel,1,55.23,18.01,Returning Customer
100896,2025-01-31,North,Apparel,1,48.3,16.81,VIP
100897,2025-01-31,West,Electronics,2,280.14,61.85,New Customer
100898,2025-01-31,South,Electronics,2,323.16,67.92,Returning Customer
100899,2025-01-31,South,Electronics,1,152.19,25.01,VIP
100900,2025-01-31,South,Electronics,1,159.04,20.1,Returning Customer
100901,2025-01-31,East,Sports & Outdoors,1,57.21,15.58,Returning Customer
100902,2025-01-31,South,Apparel,2,52.63,19.22,Returning Customer
100903,2025-01-31,South,Home & Kitchen,1,67.99,16.43,Returning Customer
100904,2025-01-31,South,Electronics,1,91.53,16.25,New Customer
100905,2025-01-31,South,Apparel,2,133.7,39.03,New Customer
100906,2025-01-31,South,Electronics,1,190.22,32.39,Returning Customer
100907,2025-01-31,East,Electronics,2,359.95,58.66,Returning Customer
100908,2025-01-31,North,Beauty,1,28.68,11.77,New Customer
100909,2025-01-31,South,Apparel,2,79.42,23.93,VIP
100910,2025-01-31,North,Electronics,2,146.55,35.36,New Customer
100911,2025-01-31,East,Beauty,1,33.4,15.34,New Customer
100912,2025-01-31,East,Electronics,1,161.72,26.12,New Customer
100913,2025-01-31,West,Home & Kitchen,1,72.52,13.68,Returning Customer
100914,2025-01-31,West,Beauty,2,43.39,16.97,VIP
100915,2025-01-31,North,Home & Kitchen,1,57.48,13.69,New Customer
100916,2025-01-31,North,Electronics,1,239.87,52.68,New Customer
100917,2025-02-01,North,Apparel,2,93.18,30.76,VIP
100918,2025-02-01,West,Apparel,2,94.51,34.8,New Customer
100919,2025-02-01,East,Electronics,2,453.5,88.85,Returning Customer
100920,2025-02-01,East,Apparel,2,72.87,24.69,Returning Customer
100921,2025-02-01,North,Home & Kitchen,2,129.85,37.8,VIP
100922,2025-02-01,East,Apparel,2,116.4,39.79,VIP
100923,2025-02-01,North,Home & Kitchen,2,91.08,23.29,Returning Customer
100924,2025-02-01,North,Beauty,2,53.02,24.14,New Customer
100925,2025-02-01,East,Electronics,2,434.63,90.27,VIP
100926,2025-02-01,North,Apparel,1,57.93,20.79,New Customer
100927,2025-02-01,North,Home & Kitchen,2,127.97,37.72,New Customer
100928,2025-02-01,West,Home & Kitchen,1,47.82,14.29,New Customer
100929,2025-02-01,North,Electronics,1,208.25,45.97,New Customer
100930,2025-02-01,South,Apparel,1,48.64,18.9,Returning Customer
100931,2025-02-01,West,Home & Kitchen,1,74.31,23.09,Returning Customer
100932,2025-02-01,West,Apparel,1,47.24,16.42,New Customer
100933,2025-02-01,East,Electronics,2,296.95,59.52,Returning Customer
100934,2025-02-01,North,Apparel,2,99.47,33.09,Returning Customer
100935,2025-02-01,West,Electronics,1,200.34,34.37,Returning Customer
100936,2025-02-01,South,Beauty,2,48.89,17.81,New Customer
100937,2025-02-01,West,Apparel,1,43.21,16.75,New Customer
100938,2025-02-01,West,Electronics,2,422.14,79.35,New Customer
100939,2025-02-01,West,Apparel,2,92.09,28.43,Returning Customer
100940,2025-02-01,North,Beauty,2,75.02,30.71,New Customer
100941,2025-02-01,North,Home & Kitchen,2,135.23,42.8,New Customer
100942,2025-02-01,North,Electronics,2,404.68,98.03,Returning Customer
100943,2025-02-01,East,Home & Kitchen,1,71.87,14.14,New Customer
100944,2025-02-01,South,Apparel,2,114.54,44.21,VIP
100945,2025-02-01,West,Home & Kitchen,1,59.57,17.71,New Customer
100946,2025-02-01,West,Beauty,2,41.44,19.82,Returning Customer
100947,2025-02-01,South,Beauty,2,65.64,27.41,VIP
100948,2025-02-01,North,Home & Kitchen,2,125.86,34.34,VIP
100949,2025-02-01,East,Beauty,1,35.21,14.1,Returning Customer
100950,2025-02-02,North,Sports & Outdoors,1,40.28,14.16,Returning Customer
100951,2025-02-02,North,Electronics,2,346.24,54.54,Returning Customer
100952,2025-02-02,North,Electronics,2,324.5,61.52,VIP
100953,2025-02-02,West,Electronics,2,226.53,41.54,Returning Customer
100954,2025-02-02,North,Electronics,1,127.04,29.81,New Customer
100955,2025-02-02,West,Beauty,1,36.84,16.44,Returning Customer
100956,2025-02-02,North,Apparel,1,64.98,21.84,Returning Customer
100957,2025-02-02,North,Apparel,1,32.78,11.47,Returning Customer
100958,2025-02-02,North,Electronics,1,167.51,36.64,Returning Customer
100959,2025-02-02,East,Sports & Outdoors,1,41.56,13.51,VIP
100960,2025-02-02,North,Home & Kitchen,2,106.17,27.59,Returning Customer
100961,2025-02-02,South,Apparel,1,55.57,21.52,New Customer
100962,2025-02-02,North,Home & Kitchen,1,65.91,17.84,Returning Customer
100963,2025-02-02,South,Electronics,1,151.68,29.29,VIP
100964,2025-02-02,North,Sports & Outdoors,1,36.35,11.36,New Customer
100965,2025-02-02,East,Beauty,2,77.08,33.8,New Customer
100966,2025-02-02,East,Electronics,2,407.09,58.37,New Customer
100967,2025-02-02,West,Apparel,1,40.51,13.32,VIP
100968,2025-02-02,West,Electronics,2,338.98,87.85,New Customer
100969,2025-02-02,South,Electronics,2,347.38,75.7,Returning Customer
100970,2025-02-02,West,Home & Kitchen,1,59.88,15.08,New Customer
100971,2025-02-02,East,Apparel,1,42.18,14.62,Returning Customer
100972,2025-02-03,South,Electronics,1,124.43,25.97,Returning Customer
100973,2025-02-03,North,Sports & Outdoors,2,105.09,25.71,VIP
100974,2025-02-03,North,Apparel,2,84.8,28.21,New Customer
100975,2025-02-03,West,Apparel,2,98.95,37.65,New Customer
100976,2025-02-03,North,Sports & Outdoors,2,75.04,19.7,New Customer
100977,2025-02-03,East,Beauty,2,60.36,23.75,VIP
100978,2025-02-03,East,Electronics,1,205.98,36.28,New Customer
100979,2025-02-03,East,Apparel,1,58.61,22.45,New Customer
100980,2025-02-03,North,Beauty,2,63.93,25.79,VIP
100981,2025-02-03,North,Sports & Outdoors,1,27.82,9.25,VIP
100982,2025-02-03,North,Apparel,1,53.13,18.77,Returning Customer
100983,2025-02-03,West,Electronics,1,192.74,37.78,Returning Customer
100984,2025-02-03,East,Electronics,1,176.03,40.07,New Customer
100985,2025-02-03,East,Electronics,1,202.13,28.44,New Customer
100986,2025-02-03,East,Beauty,2,36.89,16.27,Returning Customer
100987,2025-02-03,West,Sports & Outdoors,1,64.18,17.65,VIP
100988,2025-02-03,East,Home & Kitchen,2,124.63,31.81,VIP
100989,2025-02-03,West,Electronics,2,348.51,63.57,Returning Customer
100990,2025-02-03,North,Electronics,2,225.25,49.2,Returning Customer
100991,2025-02-03,North,Home & Kitchen,2,166.0,42.71,Returning Customer
100992,2025-02-03,South,Apparel,1,42.75,13.64,New Customer
100993,2025-02-03,East,Beauty,2,45.23,19.2,New Customer
100994,2025-02-03,South,Apparel,2,37.79,14.11,VIP
100995,2025-02-03,South,Apparel,1,40.01,13.81,Returning Customer
100996,2025-02-03,East,Sports & Outdoors,2,68.6,21.44,Returning Customer
100997,2025-02-03,South,Apparel,2,94.94,32.34,New Customer
100998,2025-02-03,South,Electronics,1,201.88,24.53,Returning Customer
100999,2025-02-03,South,Apparel,2,62.9,20.26,New Customer
101000,2025-02-03,South,Electronics,1,209.8,31.91,New Customer
101001,2025-02-03,South,Beauty,1,28.81,12.15,VIP
101002,2025-02-04,West,Home & Kitchen,1,86.46,21.94,New Customer
101003,2025-02-04,West,Electronics,1,108.76,19.95,New Customer
101004,2025-02-04,North,Home & Kitchen,1,76.05,20.84,Returning Customer
101005,2025-02-04,North,Home & Kitchen,2,112.39,31.29,Returning Customer
101006,2025-02-04,East,Electronics,2,412.91,82.0,Returning Customer
101007,2025-02-04,South,Electronics,1,131.7,26.07,VIP
101008,2025-02-04,North,Apparel,2,85.53,27.67,VIP
101009,2025-02-04,East,Beauty,1,30.68,12.86,Returning Customer
101010,2025-02-04,North,Beauty,2,19.25,9.56,Returning Customer
101011,2025-02-04,West,Home & Kitchen,2,147.75,37.85,Returning Customer
101012,2025-02-04,East,Electronics,2,299.05,57.56,VIP
101013,2025-02-04,North,Apparel,2,102.35,36.82,New Customer
101014,2025-02-04,South,Electronics,1,186.61,30.67,New Customer
101015,2025-02-04,West,Apparel,2,48.49,18.11,Returning Customer
101016,2025-02-04,South,Apparel,2,103.14,38.0,New Customer
101017,2025-02-04,North,Electronics,1,179.04,32.07,VIP
101018,2025-02-04,North,Home & Kitchen,2,150.55,40.01,New Customer
101019,2025-02-04,North,Home & Kitchen,1,65.87,20.36,New Customer
101020,2025-02-04,East,Sports & Outdoors,1,41.07,10.24,New Customer
101021,2025-02-04,South,Electronics,2,333.09,54.87,Returning Customer
101022,2025-02-04,East,Electronics,1,209.0,43.44,New Customer
101023,2025-02-04,South,Electronics,2,341.99,55.48,Returning Customer
101024,2025-02-05,South,Apparel,2,99.47,37.8,Returning Customer
101025,2025-02-05,West,Sports & Outdoors,1,45.82,12.81,Returning Customer
101026,2025-02-05,South,Apparel,1,50.03,16.76,Returning Customer
101027,2025-02-05,North,Apparel,1,34.02,10.68,New Customer
101028,2025-02-05,South,Electronics,2,447.26,86.83,New Customer
101029,2025-02-05,North,Beauty,1,26.83,10.17,VIP
101030,2025-02-05,North,Beauty,1,34.88,13.18,New Customer
101031,2025-02-05,West,Electronics,1,205.99,45.13,Returning Customer
101032,2025-02-05,West,Home & Kitchen,1,89.85,26.14,Returning Customer
101033,2025-02-05,North,Home & Kitchen,1,66.37,16.7,New Customer
101034,2025-02-05,South,Beauty,2,54.27,23.3,VIP
101035,2025-02-05,West,Apparel,1,34.66,13.64,New Customer
101036,2025-02-05,East,Electronics,1,155.07,34.0,Returning Customer
101037,2025-02-05,South,Apparel,2,114.46,41.14,VIP
101038,2025-02-05,South,Beauty,1,30.01,12.47,Returning Customer
101039,2025-02-05,East,Home & Kitchen,2,167.17,51.92,New Customer
101040,2025-02-05,North,Apparel,2,70.26,19.52,New Customer
101041,2025-02-05,North,Home & Kitchen,2,112.49,26.11,New Customer
101042,2025-02-05,North,Apparel,2,49.6,16.87,New Customer
101043,2025-02-05,East,Home & Kitchen,1,72.97,21.44,VIP
101044,2025-02-05,South,Home & Kitchen,2,111.95,31.42,Returning Customer
101045,2025-02-06,West,Home & Kitchen,2,200.62,60.38,New Customer
101046,2025-02-06,West,Home & Kitchen,2,171.86,48.2,Returning Customer
101047,2025-02-06,South,Sports & Outdoors,2,118.0,42.49,Returning Customer
101048,2025-02-06,East,Sports & Outdoors,2,116.39,38.06,Returning Customer
101049,2025-02-06,North,Electronics,1,182.82,42.49,VIP
101050,2025-02-06,North,Beauty,2,53.61,21.21,Returning Customer
101051,2025-02-06,East,Sports & Outdoors,2,141.78,43.4,Returning Customer
101052,2025-02-06,West,Apparel,2,85.01,30.48,VIP
101053,2025-02-06,North,Sports & Outdoors,2,108.24,31.33,New Customer
101054,2025-02-06,East,Electronics,2,332.53,70.3,New Customer
101055,2025-02-06,South,Apparel,1,54.28,20.06,New Customer
101056,2025-02-06,West,Electronics,2,320.65,42.08,New Customer
101057,2025-02-06,West,Beauty,2,37.25,15.61,Returning Customer
101058,2025-02-06,North,Apparel,1,48.76,19.23,Returning Customer
101059,2025-02-06,North,Electronics,2,452.75,95.12,New Customer
101060,2025-02-06,East,Electronics,1,202.14,36.63,Returning Customer
101061,2025-02-06,North,Home & Kitchen,2,129.97,34.36,Returning Customer
101062,2025-02-06,North,Beauty,1,27.19,11.14,New Customer
101063,2025-02-06,East,Sports & Outdoors,2,162.14,48.04,VIP
101064,2025-02-06,South,Electronics,1,211.78,45.69,VIP
101065,2025-02-06,East,Sports & Outdoors,2,144.42,46.53,Returning Customer
101066,2025-02-07,East,Home & Kitchen,1,64.35,15.31,VIP
101067,2025-02-07,South,Apparel,1,41.9,14.49,Returning Customer
101068,2025-02-07,North,Apparel,1,41.34,13.31,New Customer
101069,2025-02-07,North,Beauty,2,58.67,24.72,VIP
101070,2025-02-07,North,Home & Kitchen,2,134.86,38.16,VIP
101071,2025-02-07,East,Electronics,2,481.35,96.93,New Customer
101072,2025-02-07,East,Beauty,2,64.85,26.03,New Customer
101073,2025-02-07,North,Sports & Outdoors,2,100.68,30.78,New Customer
101074,2025-02-07,West,Electronics,1,174.41,30.29,Returning Customer
101075,2025-02-07,West,Apparel,1,48.6,17.13,Returning Customer
101076,2025-02-07,South,Apparel,1,46.35,15.06,Returning Customer
101077,2025-02-07,North,Apparel,1,43.0,12.48,New Customer
101078,2025-02-07,North,Electronics,1,157.34,27.61,Returning Customer
101079,2025-02-07,West,Electronics,2,226.3,51.99,Returning Customer
101080,2025-02-07,North,Beauty,1,13.58,6.15,Returning Customer
101081,2025-02-07,East,Electronics,2,399.82,59.14,VIP
101082,2025-02-07,West,Electronics,1,226.82,27.52,VIP
101083,2025-02-07,West,Beauty,2,15.62,6.6,New Customer
101084,2025-02-07,East,Apparel,1,42.43,16.68,New Customer
101085,2025-02-07,South,Beauty,2,67.02,27.72,New Customer
101086,2025-02-07,East,Sports & Outdoors,2,175.5,57.01,New Customer
101087,2025-02-08,North,Electronics,2,375.44,70.32,New Customer
101088,2025-02-08,North,Home & Kitchen,1,51.28,15.35,New Customer
101089,2025-02-08,South,Beauty,2,86.01,37.02,Returning Customer
101090,2025-02-08,East,Sports & Outdoors,2,126.51,41.59,Returning Customer
101091,2025-02-08,East,Apparel,2,107.01,37.73,VIP
101092,2025-02-08,North,Apparel,1,36.04,12.8,Returning Customer
101093,2025-02-08,East,Beauty,1,24.11,10.32,Returning Customer
101094,2025-02-08,North,Beauty,2,67.47,29.2,New Customer
101095,2025-02-08,West,Apparel,2,132.43,40.13,Returning Customer
101096,2025-02-08,North,Electronics,1,207.54,26.61,Returning Customer
101097,2025-02-08,South,Beauty,1,24.79,10.26,VIP
101098,2025-02-08,South,Beauty,2,71.29,28.77,New Customer
101099,2025-02-08,North,Electronics,1,203.33,51.28,VIP
101100,2025-02-08,North,Electronics,1,203.16,34.27,New Customer
101101,2025-02-08,East,Electronics,1,226.87,32.93,New Customer
101102,2025-02-08,West,Beauty,2,70.38,30.83,Returning Customer
101103,2025-02-08,East,Home & Kitchen,2,79.49,25.73,New Customer
101104,2025-02-08,North,Electronics,1,162.67,20.16,Returning Customer
101105,2025-02-08,West,Home & Kitchen,2,107.68,26.39,Returning Customer
101106,2025-02-08,South,Electronics,2,336.84,71.57,New Customer
101107,2025-02-08,South,Electronics,1,221.96,41.42,VIP
101108,2025-02-08,East,Electronics,2,336.58,53.96,New Customer
101109,2025-02-08,West,Beauty,2,40.07,16.5,Returning Customer
101110,2025-02-08,East,Electronics,1,228.79,42.63,Returning Customer
101111,2025-02-08,West,Home & Kitchen,2,111.13,32.25,Returning Customer
101112,2025-02-08,East,Electronics,2,470.29,82.06,Returning Customer
101113,2025-02-08,West,Apparel,1,63.2,25.08,New Customer
101114,2025-02-08,West,Home & Kitchen,2,118.72,35.99,New Customer
101115,2025-02-08,West,Home & Kitchen,2,170.61,49.93,New Customer
101116,2025-02-08,North,Apparel,2,86.43,28.99,Returning Customer
101117,2025-02-09,East,Beauty,1,14.01,6.49,New Customer
101118,2025-02-09,North,Electronics,1,98.68,16.95,VIP
101119,2025-02-09,South,Electronics,1,187.86,28.86,Returning Customer
101120,2025-02-09,South,Home & Kitchen,2,150.89,45.89,Returning Customer
101121,2025-02-09,South,Apparel,1,56.83,20.86,Returning Customer
101122,2025-02-09,North,Home & Kitchen,2,144.03,43.52,Returning Customer
101123,2025-02-09,East,Sports & Outdoors,2,87.27,28.2,New Customer
101124,2025-02-09,South,Electronics,1,210.9,37.01,New Customer
101125,2025-02-09,South,Sports & Outdoors,2,74.75,18.84,New Customer
101126,2025-02-09,East,Apparel,2,60.06,17.1,Returning Customer
101127,2025-02-09,North,Electronics,2,499.32,75.96,Returning Customer
101128,2025-02-09,North,Apparel,2,100.27,34.34,Returning Customer
101129,2025-02-09,North,Sports & Outdoors,1,47.19,15.11,New Customer
101130,2025-02-09,East,Apparel,2,102.02,35.99,Returning Customer
101131,2025-02-09,North,Home & Kitchen,2,90.7,22.77,Returning Customer
101132,2025-02-09,North,Apparel,2,109.76,35.88,New Customer
101133,2025-02-09,South,Apparel,2,137.72,47.26,Returning Customer
101134,2025-02-09,South,Beauty,2,69.49,29.14,Returning Customer
101135,2025-02-09,North,Apparel,2,135.07,46.45,VIP
101136,2025-02-09,East,Beauty,2,61.86,26.65,Returning Customer
101137,2025-02-09,South,Sports & Outdoors,1,57.87,18.4,New Customer
101138,2025-02-09,East,Home & Kitchen,2,86.13,28.69,VIP
101139,2025-02-09,North,Electronics,2,372.17,78.53,Returning Customer
101140,2025-02-09,South,Apparel,2,58.27,22.29,New Customer
101141,2025-02-09,South,Electronics,1,152.21,27.06,Returning Customer
101142,2025-02-10,South,Home & Kitchen,2,119.38,33.87,Returning Customer
101143,2025-02-10,East,Electronics,1,149.96,30.39,VIP
101144,2025-02-10,North,Apparel,2,103.94,29.73,Returning Customer
101145,2025-02-10,East,Sports & Outdoors,1,78.93,22.0,VIP
101146,2025-02-10,West,Apparel,1,49.85,15.54,New Customer
101147,2025-02-10,South,Home & Kitchen,1,58.47,14.43,New Customer
101148,2025-02-10,North,Home & Kitchen,2,153.9,43.38,VIP
101149,2025-02-10,West,Apparel,1,56.16,19.04,Returning Customer
101150,2025-02-10,South,Home & Kitchen,2,134.41,40.57,Returning Customer
101151,2025-02-10,West,Apparel,1,53.14,16.71,New Customer
101152,2025-02-10,South,Home & Kitchen,2,149.96,31.85,New Customer
101153,2025-02-10,North,Electronics,1,249.71,50.87,New Customer
101154,2025-02-10,North,Sports & Outdoors,1,72.77,20.2,Returning Customer
101155,2025-02-10,West,Sports & Outdoors,1,44.14,15.38,New Customer
101156,2025-02-10,East,Home & Kitchen,2,144.32,36.43,New Customer
101157,2025-02-10,East,Home & Kitchen,2,116.52,34.88,Returning Customer
101158,2025-02-10,South,Electronics,2,344.46,68.6,Returning Customer
101159,2025-02-10,North,Electronics,1,236.55,41.16,New Customer
101160,2025-02-10,South,Electronics,2,378.89,65.2,New Customer
101161,2025-02-11,East,Beauty,2,28.18,11.32,New Customer
101162,2025-02-11,North,Sports & Outdoors,1,41.53,10.02,Returning Customer
101163,2025-02-11,North,Apparel,1,47.19,17.97,New Customer
101164,2025-02-11,North,Apparel,1,69.62,23.88,New Customer
101165,2025-02-11,East,Home & Kitchen,1,91.48,25.3,Returning Customer
101166,2025-02-11,North,Apparel,1,49.61,16.95,New Customer
101167,2025-02-11,North,Sports & Outdoors,2,93.73,25.38,Returning Customer
101168,2025-02-11,East,Home & Kitchen,1,91.32,23.88,VIP
101169,2025-02-11,South,Electronics,2,299.61,63.11,New Customer
101170,2025-02-11,North,Home & Kitchen,1,81.88,23.16,New Customer
101171,2025-02-11,South,Electronics,1,121.76,21.61,Returning Customer
101172,2025-02-11,West,Home & Kitchen,2,128.37,31.13,Returning Customer
101173,2025-02-11,West,Home & Kitchen,1,78.99,23.88,Returning Customer
101174,2025-02-11,South,Home & Kitchen,2,134.92,38.99,Returning Customer
101175,2025-02-11,North,Apparel,1,56.78,17.65,New Customer
101176,2025-02-11,North,Beauty,1,28.52,13.11,Returning Customer
101177,2025-02-11,South,Home & Kitchen,2,35.91,10.03,Returning Customer
101178,2025-02-11,East,Electronics,2,281.17,43.81,Returning Customer
101179,2025-02-11,West,Apparel,1,36.41,12.44,VIP
101180,2025-02-11,East,Apparel,2,54.29,19.02,New Customer
101181,2025-02-11,West,Beauty,2,20.01,7.22,New Customer
101182,2025-02-11,North,Electronics,2,302.3,80.03,Returning Customer
101183,2025-02-11,North,Beauty,1,22.0,8.75,Returning Customer
101184,2025-02-11,North,Beauty,1,28.4,10.97,New Customer
101185,2025-02-11,West,Electronics,1,249.29,42.16,Returning Customer
101186,2025-02-11,West,Sports & Outdoors,1,55.94,13.85,New Customer
101187,2025-02-11,East,Home & Kitchen,1,72.19,20.31,Returning Customer
101188,2025-02-11,East,Sports & Outdoors,2,105.54,31.58,Returning Customer
101189,2025-02-11,North,Home & Kitchen,1,49.1,13.21,Returning Customer
101190,2025-02-11,North,Beauty,2,57.22,22.25,New Customer
101191,2025-02-12,West,Beauty,1,18.69,8.76,New Customer
101192,2025-02-12,West,Sports & Outdoors,1,32.67,9.44,New Customer
101193,2025-02-12,East,Electronics,2,334.24,61.84,New Customer
101194,2025-02-12,South,Apparel,2,93.06,32.42,Returning Customer
101195,2025-02-12,North,Apparel,2,71.81,29.2,Returning Customer
101196,2025-02-12,West,Home & Kitchen,1,44.76,13.23,Returning Customer
101197,2025-02-12,East,Apparel,1,22.8,8.45,VIP
101198,2025-02-12,East,Electronics,1,177.96,25.45,New Customer
101199,2025-02-12,East,Electronics,2,280.23,38.24,Returning Customer
101200,2025-02-12,North,Electronics,1,223.49,35.69,New Customer
101201,2025-02-12,West,Home & Kitchen,2,99.59,28.67,New Customer
101202,2025-02-12,West,Electronics,2,529.96,92.78,New Customer
101203,2025-02-12,North,Electronics,2,330.27,57.3,Returning Customer
101204,2025-02-12,East,Electronics,1,81.7,15.38,New Customer
101205,2025-02-12,North,Electronics,1,238.03,43.1,New Customer
101206,2025-02-12,South,Electronics,1,106.85,11.2,Returning Customer
101207,2025-02-12,West,Apparel,1,34.19,12.51,Returning Customer
101208,2025-02-12,East,Electronics,2,532.15,61.08,VIP
101209,2025-02-12,South,Apparel,1,45.54,17.53,New Customer
101210,2025-02-12,East,Apparel,2,94.93,30.83,New Customer
101211,2025-02-12,North,Home & Kitchen,2,156.72,38.63,Returning Customer
101212,2025-02-12,South,Beauty,1,40.84,17.89,New Customer
101213,2025-02-12,North,Sports & Outdoors,1,72.91,19.93,New Customer
101214,2025-02-12,North,Home & Kitchen,2,122.32,33.81,New Customer
101215,2025-02-12,West,Home & Kitchen,1,80.12,18.91,New Customer
101216,2025-02-12,South,Apparel,1,52.45,16.62,VIP
101217,2025-02-12,North,Home & Kitchen,2,66.72,16.89,Returning Customer
101218,2025-02-13,West,Apparel,1,47.74,16.04,New Customer
101219,2025-02-13,East,Apparel,1,47.0,14.82,Returning Customer
101220,2025-02-13,East,Electronics,2,248.52,51.9,Returning Customer
101221,2025-02-13,North,Electronics,2,366.57,79.43,VIP
101222,2025-02-13,North,Electronics,1,151.4,28.2,New Customer
101223,2025-02-13,East,Apparel,1,50.28,18.53,New Customer
101224,2025-02-13,West,Electronics,2,211.36,35.21,Returning Customer
101225,2025-02-13,West,Sports & Outdoors,2,119.52,39.72,New Customer
101226,2025-02-13,West,Home & Kitchen,2,144.66,44.87,Returning Customer
101227,2025-02-13,South,Beauty,2,79.74,35.18,VIP
101228,2025-02-13,North,Home & Kitchen,1,32.67,8.49,New Customer
101229,2025-02-13,South,Apparel,2,101.76,34.56,Returning Customer
101230,2025-02-13,West,Sports & Outdoors,1,51.77,14.14,New Customer
101231,2025-02-13,East,Beauty,2,57.23,28.34,VIP
101232,2025-02-13,West,Apparel,2,93.67,29.8,VIP
101233,2025-02-13,South,Apparel,2,60.5,21.64,New Customer
101234,2025-02-13,South,Sports & Outdoors,2,142.48,44.47,New Customer
101235,2025-02-13,North,Beauty,1,36.29,14.22,Returning Customer
101236,2025-02-14,North,Beauty,2,51.1,21.15,New Customer
101237,2025-02-14,North,Apparel,2,77.6,27.14,New Customer
101238,2025-02-14,West,Beauty,1,28.96,12.19,New Customer
101239,2025-02-14,North,Beauty,2,57.99,25.41,New Customer
101240,2025-02-14,East,Apparel,2,139.69,46.4,Returning Customer
101241,2025-02-14,North,Apparel,2,118.29,42.42,New Customer
101242,2025-02-14,East,Apparel,1,55.98,19.59,VIP
101243,2025-02-14,North,Beauty,2,76.63,34.19,New Customer
101244,2025-02-14,South,Electronics,2,400.78,74.94,Returning Customer
101245,2025-02-14,East,Apparel,1,58.39,22.22,Returning Customer
101246,2025-02-14,South,Electronics,1,144.13,26.12,New Customer
101247,2025-02-14,West,Beauty,2,49.35,22.46,New Customer
101248,2025-02-14,East,Apparel,1,48.45,15.16,VIP
101249,2025-02-14,South,Home & Kitchen,2,143.66,41.52,Returning Customer
101250,2025-02-14,East,Apparel,2,85.18,31.95,New Customer
101251,2025-02-14,South,Apparel,1,51.45,16.45,New Customer
101252,2025-02-14,East,Apparel,2,107.79,38.71,Returning Customer
101253,2025-02-14,West,Beauty,2,56.48,22.74,VIP
101254,2025-02-14,West,Sports & Outdoors,1,69.73,17.77,New Customer
101255,2025-02-14,North,Apparel,2,86.98,29.34,New Customer
101256,2025-02-14,East,Home & Kitchen,2,109.98,27.42,Returning Customer
101257,2025-02-14,North,Electronics,2,477.59,90.12,Returning Customer
101258,2025-02-14,North,Electronics,1,279.09,47.25,New Customer
101259,2025-02-14,East,Beauty,1,35.93,13.78,New Customer
101260,2025-02-14,East,Beauty,1,36.29,14.49,Returning Customer
101261,2025-02-15,South,Home & Kitchen,1,34.88,9.98,New Customer
101262,2025-02-15,West,Electronics,2,327.12,82.32,New Customer
101263,2025-02-15,East,Beauty,1,38.2,16.97,Returning Customer
101264,2025-02-15,East,Electronics,1,209.82,38.66,Returning Customer
101265,2025-02-15,South,Home & Kitchen,2,159.39,39.81,New Customer
101266,2025-02-15,North,Home & Kitchen,2,180.33,52.22,Returning Customer
101267,2025-02-15,West,Electronics,2,207.16,34.28,Returning Customer
101268,2025-02-15,North,Electronics,2,347.8,70.66,VIP
101269,2025-02-15,East,Sports & Outdoors,2,114.49,31.08,VIP
101270,2025-02-15,North,Apparel,1,45.81,17.05,Returning Customer
101271,2025-02-15,North,Electronics,2,435.33,73.74,Returning Customer
101272,2025-02-15,South,Beauty,2,58.52,23.29,New Customer
101273,2025-02-15,East,Apparel,2,68.82,19.77,New Customer
101274,2025-02-15,North,Sports & Outdoors,2,123.22,33.74,New Customer
101275,2025-02-15,South,Electronics,1,191.0,34.9,Returning Customer
101276,2025-02-15,East,Electronics,2,341.71,53.59,Returning Customer
101277,2025-02-15,East,Home & Kitchen,2,146.8,43.03,Returning Customer
101278,2025-02-15,South,Apparel,2,71.95,22.71,New Customer
101279,2025-02-15,North,Apparel,1,40.54,16.11,VIP
101280,2025-02-15,East,Apparel,2,41.87,14.47,VIP
101281,2025-02-15,North,Home & Kitchen,1,75.67,21.54,New Customer
101282,2025-02-15,North,Beauty,1,22.59,8.9,New Customer
101283,2025-02-15,North,Sports & Outdoors,1,41.25,10.48,VIP
101284,2025-02-15,North,Apparel,1,28.32,9.59,Returning Customer
101285,2025-02-15,North,Sports & Outdoors,1,57.63,16.21,VIP
101286,2025-02-15,East,Home & Kitchen,2,166.92,45.97,VIP
101287,2025-02-15,South,Home & Kitchen,1,49.0,13.35,Returning Customer
101288,2025-02-15,North,Home & Kitchen,1,101.37,25.53,Returning Customer
101289,2025-02-15,South,Beauty,2,67.01,26.33,New Customer
101290,2025-02-15,East,Beauty,2,55.68,25.52,New Customer
101291,2025-02-15,North,Apparel,1,52.58,17.61,Returning Customer
101292,2025-02-15,North,Home & Kitchen,1,56.71,15.24,New Customer
101293,2025-02-16,North,Home & Kitchen,2,92.6,24.66,Returning Customer
101294,2025-02-16,West,Apparel,2,141.57,57.48,Returning Customer
101295,2025-02-16,South,Home & Kitchen,2,179.67,47.5,New Customer
101296,2025-02-16,South,Home & Kitchen,1,56.81,16.86,New Customer
101297,2025-02-16,South,Apparel,2,77.63,29.03,New Customer
101298,2025-02-16,East,Apparel,1,44.02,17.89,New Customer
101299,2025-02-16,West,Home & Kitchen,1,76.38,23.13,Returning Customer
101300,2025-02-16,North,Apparel,2,79.73,30.98,Returning Customer
101301,2025-02-16,West,Apparel,1,65.59,21.6,Returning Customer
101302,2025-02-16,East,Apparel,1,42.56,13.7,Returning Customer
101303,2025-02-16,East,Electronics,2,257.02,37.53,Returning Customer
101304,2025-02-16,North,Home & Kitchen,2,142.78,38.25,Returning Customer
101305,2025-02-16,East,Apparel,2,67.88,23.47,New Customer
101306,2025-02-16,West,Sports & Outdoors,2,148.22,38.48,VIP
101307,2025-02-16,North,Apparel,2,104.11,39.91,New Customer
101308,2025-02-17,East,Beauty,2,84.49,36.39,VIP
101309,2025-02-17,North,Electronics,1,110.34,21.72,VIP
101310,2025-02-17,West,Electronics,1,220.96,38.56,VIP
101311,2025-02-17,East,Electronics,1,132.11,16.78,New Customer
101312,2025-02-17,North,Beauty,1,32.66,12.72,New Customer
101313,2025-02-17,South,Beauty,1,24.51,10.91,Returning Customer
101314,2025-02-17,North,Home & Kitchen,1,49.9,12.27,New Customer
101315,2025-02-17,North,Electronics,2,452.83,67.34,Returning Customer
101316,2025-02-17,South,Apparel,1,46.42,17.33,New Customer
101317,2025-02-17,East,Electronics,2,323.18,59.73,Returning Customer
101318,2025-02-17,West,Apparel,2,114.78,42.64,Returning Customer
101319,2025-02-17,East,Apparel,1,37.58,12.28,New Customer
101320,2025-02-17,East,Apparel,1,58.45,19.85,New Customer
101321,2025-02-17,East,Beauty,2,34.19,15.82,Returning Customer
101322,2025-02-17,West,Beauty,1,32.84,13.35,New Customer
101323,2025-02-17,West,Sports & Outdoors,2,117.56,33.69,Returning Customer
101324,2025-02-18,East,Apparel,1,55.95,20.63,New Customer
101325,2025-02-18,South,Electronics,1,218.54,36.65,New Customer
101326,2025-02-18,South,Apparel,1,21.63,7.42,Returning Customer
101327,2025-02-18,East,Apparel,2,82.23,29.21,New Customer
101328,2025-02-18,North,Home & Kitchen,2,71.23,22.47,Returning Customer
101329,2025-02-18,South,Electronics,1,202.26,38.23,Returning Customer
101330,2025-02-18,East,Apparel,2,86.14,32.99,Returning Customer
101331,2025-02-18,West,Home & Kitchen,1,62.16,18.89,Returning Customer
101332,2025-02-18,North,Electronics,2,245.98,47.51,Returning Customer
101333,2025-02-18,East,Beauty,2,60.12,24.56,New Customer
101334,2025-02-18,South,Apparel,2,69.69,26.08,New Customer
101335,2025-02-18,East,Apparel,1,44.56,15.44,New Customer
101336,2025-02-18,North,Beauty,2,66.33,26.45,Returning Customer
101337,2025-02-18,West,Apparel,2,80.94,26.44,Returning Customer
101338,2025-02-18,East,Apparel,2,98.2,32.37,Returning Customer
101339,2025-02-18,South,Sports & Outdoors,2,100.52,28.1,Returning Customer
101340,2025-02-18,South,Electronics,2,411.51,63.45,New Customer
101341,2025-02-18,South,Beauty,1,18.17,5.86,Returning Customer
101342,2025-02-19,North,Beauty,2,37.17,15.3,Returning Customer
101343,2025-02-19,West,Apparel,1,52.52,18.79,VIP
101344,2025-02-19,North,Electronics,2,320.43,51.95,VIP
101345,2025-02-19,East,Apparel,2,99.24,32.45,New Customer
101346,2025-02-19,North,Apparel,2,63.41,24.09,Returning Customer
101347,2025-02-19,North,Electronics,1,243.41,40.25,Returning Customer
101348,2025-02-19,West,Apparel,1,41.32,14.04,Returning Customer
101349,2025-02-19,North,Home & Kitchen,1,51.77,14.07,Returning Customer
101350,2025-02-19,West,Beauty,1,26.29,11.27,New Customer
101351,2025-02-19,West,Apparel,1,49.2,17.31,Returning Customer
101352,2025-02-19,South,Electronics,2,486.65,84.27,Returning Customer
101353,2025-02-19,North,Home & Kitchen,1,84.26,20.38,Returning Customer
101354,2025-02-19,South,Home & Kitchen,1,72.13,17.23,VIP
101355,2025-02-19,West,Sports & Outdoors,2,85.23,27.25,New Customer
101356,2025-02-19,West,Electronics,1,182.22,33.94,Returning Customer
101357,2025-02-19,North,Electronics,2,440.5,57.26,Returning Customer
101358,2025-02-19,South,Beauty,2,45.34,18.63,New Customer
101359,2025-02-19,East,Home & Kitchen,2,140.11,34.92,New Customer
101360,2025-02-19,North,Electronics,1,220.3,28.15,VIP
101361,2025-02-19,South,Electronics,1,174.43,36.27,Returning Customer
101362,2025-02-19,West,Electronics,1,206.05,39.93,Returning Customer
101363,2025-02-19,East,Electronics,1,179.22,30.1,Returning Customer
101364,2025-02-19,North,Electronics,1,156.2,25.81,New Customer
101365,2025-02-19,South,Apparel,2,85.95,31.76,New Customer
101366,2025-02-19,North,Electronics,2,395.77,62.36,New Customer
101367,2025-02-19,South,Electronics,1,234.4,49.37,Returning Customer
101368,2025-02-19,West,Electronics,2,469.61,91.29,Returning Customer
101369,2025-02-19,West,Apparel,2,78.92,25.28,Returning Customer
101370,2025-02-19,East,Electronics,1,174.01,24.43,VIP
101371,2025-02-19,East,Beauty,2,63.29,26.45,VIP
101372,2025-02-20,West,Apparel,1,37.67,13.24,New Customer
101373,2025-02-20,West,Electronics,2,448.18,98.49,VIP
101374,2025-02-20,West,Apparel,1,42.57,13.4,New Customer
101375,2025-02-20,East,Home & Kitchen,2,96.31,24.19,Returning Customer
101376,2025-02-20,North,Apparel,1,50.54,16.18,VIP
101377,2025-02-20,North,Apparel,2,66.29,25.24,Returning Customer
101378,2025-02-20,West,Beauty,2,65.54,29.42,Returning Customer
101379,2025-02-20,South,Beauty,1,17.91,6.96,VIP
101380,2025-02-20,West,Apparel,1,45.69,13.77,New Customer
101381,2025-02-20,South,Sports & Outdoors,1,65.09,21.02,VIP
101382,2025-02-20,West,Apparel,1,38.35,13.93,Returning Customer
101383,2025-02-20,North,Electronics,1,242.93,40.82,New Customer
101384,2025-02-20,East,Electronics,2,335.16,56.92,Returning Customer
101385,2025-02-20,North,Beauty,2,37.79,15.49,New Customer
101386,2025-02-20,East,Home & Kitchen,1,51.13,13.29,Returning Customer
101387,2025-02-20,South,Electronics,2,263.42,41.16,New Customer
101388,2025-02-20,West,Home & Kitchen,1,75.59,20.97,New Customer
101389,2025-02-20,East,Apparel,1,52.36,17.07,Returning Customer
101390,2025-02-20,East,Home & Kitchen,2,158.09,31.42,New Customer
101391,2025-02-20,North,Electronics,2,383.47,74.56,Returning Customer
101392,2025-02-20,East,Beauty,1,29.01,12.11,VIP
101393,2025-02-21,North,Apparel,2,92.01,32.39,VIP
101394,2025-02-21,West,Apparel,2,90.36,32.01,New Customer
101395,2025-02-21,South,Apparel,1,52.75,18.74,Returning Customer
101396,2025-02-21,East,Beauty,1,33.42,14.22,New Customer
101397,2025-02-21,North,Home & Kitchen,2,121.21,29.92,Returning Customer
101398,2025-02-21,North,Apparel,1,20.03,6.17,New Customer
101399,2025-02-21,South,Home & Kitchen,2,139.31,46.92,New Customer
101400,2025-02-21,East,Sports & Outdoors,1,55.56,16.1,Returning Customer
101401,2025-02-21,East,Apparel,1,54.6,21.13,Returning Customer
101402,2025-02-21,North,Beauty,2,60.67,20.94,Returning Customer
101403,2025-02-21,South,Apparel,2,77.16,26.57,New Customer
101404,2025-02-21,West,Home & Kitchen,2,175.69,51.75,VIP
101405,2025-02-21,North,Sports & Outdoors,1,69.17,22.1,New Customer
101406,2025-02-21,North,Apparel,1,25.76,8.71,New Customer
101407,2025-02-21,South,Apparel,2,70.17,22.05,Returning Customer
101408,2025-02-21,North,Electronics,2,397.14,74.91,New Customer
101409,2025-02-21,South,Apparel,1,52.54,19.37,Returning Customer
101410,2025-02-21,South,Electronics,2,433.78,75.54,Returning Customer
101411,2025-02-21,East,Home & Kitchen,1,44.81,10.26,New Customer
101412,2025-02-21,South,Beauty,2,53.66,20.62,New Customer
101413,2025-02-21,East,Electronics,1,162.47,24.22,New Customer
101414,2025-02-21,South,Home & Kitchen,1,84.53,23.69,New Customer
101415,2025-02-21,East,Electronics,2,318.4,42.04,Returning Customer
101416,2025-02-21,North,Sports & Outdoors,2,65.42,18.26,Returning Customer
101417,2025-02-22,East,Home & Kitchen,1,44.86,10.09,Returning Customer
101418,2025-02-22,East,Apparel,2,70.56,24.43,Returning Customer
101419,2025-02-22,North,Electronics,1,179.97,35.48,New Customer
101420,2025-02-22,South,Apparel,2,79.44,26.84,VIP
101421,2025-02-22,South,Apparel,1,50.41,16.09,New Customer
101422,2025-02-22,North,Electronics,1,112.7,20.24,New Customer
101423,2025-02-22,South,Electronics,2,332.18,49.09,VIP
101424,2025-02-22,West,Sports & Outdoors,2,65.23,21.64,Returning Customer
101425,2025-02-22,South,Electronics,1,204.26,51.54,New Customer
101426,2025-02-22,West,Electronics,2,579.71,111.95,VIP
101427,2025-02-22,East,Apparel,1,21.52,7.17,Returning Customer
101428,2025-02-22,West,Home & Kitchen,2,185.03,51.98,Returning Customer
101429,2025-02-22,North,Beauty,2,81.55,34.38,VIP
101430,2025-02-22,East,Beauty,1,41.53,17.76,VIP
101431,2025-02-22,South,Apparel,1,56.93,21.53,VIP
101432,2025-02-22,West,Home & Kitchen,1,55.2,13.48,New Customer
101433,2025-02-22,North,Beauty,2,62.0,26.06,New Customer
101434,2025-02-22,South,Apparel,1,47.03,15.31,Returning Customer
101435,2025-02-22,South,Apparel,2,120.67,44.46,Returning Customer
101436,2025-02-22,West,Home & Kitchen,2,109.72,28.21,New Customer
101437,2025-02-22,West,Beauty,2,76.07,30.38,New Customer
101438,2025-02-22,East,Electronics,2,445.21,80.87,New Customer
101439,2025-02-22,West,Beauty,1,29.88,11.04,VIP
101440,2025-02-22,West,Apparel,2,103.33,35.8,New Customer
101441,2025-02-22,West,Electronics,2,300.15,64.96,Returning Customer
101442,2025-02-22,South,Electronics,1,131.02,33.65,Returning Customer
101443,2025-02-22,East,Electronics,2,383.08,67.95,Returning Customer
101444,2025-02-22,East,Apparel,2,66.74,22.81,Returning Customer
101445,2025-02-22,North,Apparel,1,21.08,7.32,New Customer
101446,2025-02-22,East,Beauty,2,76.25,30.97,New Customer
101447,2025-02-23,South,Beauty,2,35.19,15.7,New Customer
101448,2025-02-23,East,Apparel,2,75.64,25.92,VIP
101449,2025-02-23,North,Electronics,2,338.19,50.15,New Customer
101450,2025-02-23,East,Beauty,1,21.01,7.72,Returning Customer
101451,2025-02-23,South,Sports & Outdoors,1,39.7,10.69,Returning Customer
101452,2025-02-23,West,Apparel,1,40.17,14.77,VIP
101453,2025-02-23,North,Beauty,1,29.73,12.49,Returning Customer
101454,2025-02-23,North,Home & Kitchen,1,47.68,13.28,New Customer
101455,2025-02-23,North,Home & Kitchen,1,39.51,10.74,VIP
101456,2025-02-23,West,Beauty,1,22.97,10.83,Returning Customer
101457,2025-02-23,East,Apparel,1,34.45,12.82,New Customer
101458,2025-02-23,West,Home & Kitchen,1,60.5,15.72,New Customer
101459,2025-02-23,North,Home & Kitchen,2,62.33,18.71,New Customer
101460,2025-02-23,North,Apparel,2,83.62,28.02,VIP
101461,2025-02-23,West,Apparel,1,45.83,19.54,New Customer
101462,2025-02-23,West,Home & Kitchen,2,153.23,41.83,Returning Customer
101463,2025-02-23,East,Home & Kitchen,1,71.26,21.59,New Customer
101464,2025-02-23,North,Apparel,1,49.93,17.96,New Customer
101465,2025-02-24,South,Beauty,1,24.31,10.44,VIP
101466,2025-02-24,West,Home & Kitchen,1,70.05,17.25,Returning Customer
101467,2025-02-24,North,Electronics,2,343.13,52.21,Returning Customer
101468,2025-02-24,North,Electronics,2,297.24,55.67,VIP
101469,2025-02-24,South,Apparel,1,56.0,18.62,New Customer
101470,2025-02-24,North,Beauty,1,31.23,11.69,New Customer
101471,2025-02-24,West,Electronics,1,199.82,37.89,New Customer
101472,2025-02-24,East,Electronics,2,319.59,63.98,Returning Customer
101473,2025-02-24,South,Electronics,1,209.75,41.53,Returning Customer
101474,2025-02-24,North,Apparel,1,47.66,15.34,New Customer
101475,2025-02-24,North,Apparel,1,56.49,22.08,Returning Customer
101476,2025-02-24,South,Electronics,1,238.08,52.83,Returning Customer
101477,2025-02-24,North,Home & Kitchen,2,146.26,44.87,Returning Customer
101478,2025-02-25,East,Home & Kitchen,2,134.49,30.05,New Customer
101479,2025-02-25,West,Electronics,2,434.57,64.03,VIP
101480,2025-02-25,East,Home & Kitchen,1,63.94,23.13,Returning Customer
101481,2025-02-25,North,Apparel,1,52.23,18.67,New Customer
101482,2025-02-25,East,Home & Kitchen,2,133.34,36.14,New Customer
101483,2025-02-25,West,Apparel,2,121.31,42.58,New Customer
101484,2025-02-25,North,Electronics,2,278.65,61.83,VIP
101485,2025-02-25,South,Home & Kitchen,2,185.55,55.58,Returning Customer
101486,2025-02-25,West,Electronics,1,158.5,28.32,New Customer
101487,2025-02-25,East,Sports & Outdoors,2,104.27,32.73,New Customer
101488,2025-02-25,West,Sports & Outdoors,1,45.17,12.61,New Customer
101489,2025-02-25,West,Beauty,2,68.24,30.49,New Customer
101490,2025-02-25,West,Electronics,2,387.88,75.35,Returning Customer
101491,2025-02-25,South,Apparel,1,47.16,19.06,New Customer
101492,2025-02-25,West,Home & Kitchen,2,63.87,17.19,Returning Customer
101493,2025-02-25,South,Electronics,1,195.6,37.59,New Customer
101494,2025-02-25,South,Electronics,1,265.4,46.87,Returning Customer
101495,2025-02-25,West,Apparel,1,45.96,17.96,Returning Customer
101496,2025-02-25,East,Electronics,1,148.53,28.58,New Customer
101497,2025-02-25,North,Beauty,1,15.82,6.62,Returning Customer
101498,2025-02-26,North,Home & Kitchen,2,135.14,37.97,VIP
101499,2025-02-26,West,Sports & Outdoors,2,137.36,40.43,VIP
101500,2025-02-26,West,Home & Kitchen,2,181.19,54.86,VIP
101501,2025-02-26,North,Beauty,1,20.05,8.92,Returning Customer
101502,2025-02-26,West,Apparel,2,143.27,48.52,New Customer
101503,2025-02-26,North,Sports & Outdoors,2,122.01,32.64,New Customer
101504,2025-02-26,South,Electronics,2,542.41,131.15,Returning Customer
101505,2025-02-26,North,Apparel,1,57.06,17.74,New Customer
101506,2025-02-26,South,Electronics,2,382.06,77.1,Returning Customer
101507,2025-02-26,South,Sports & Outdoors,1,58.79,14.53,New Customer
101508,2025-02-26,North,Electronics,2,343.07,58.12,New Customer
101509,2025-02-26,North,Beauty,2,49.6,20.2,New Customer
101510,2025-02-26,East,Apparel,2,106.18,42.96,VIP
101511,2025-02-26,South,Home & Kitchen,2,47.28,13.7,New Customer
101512,2025-02-26,East,Sports & Outdoors,1,66.46,20.28,VIP
101513,2025-02-26,North,Apparel,2,52.56,19.79,Returning Customer
101514,2025-02-26,North,Beauty,2,58.56,23.13,Returning Customer
101515,2025-02-26,North,Sports & Outdoors,1,103.89,31.94,Returning Customer
101516,2025-02-26,North,Electronics,1,255.9,43.53,New Customer
101517,2025-02-26,North,Electronics,2,339.28,50.83,New Customer
101518,2025-02-26,West,Apparel,2,109.43,38.25,Returning Customer
101519,2025-02-26,South,Electronics,1,164.59,35.36,Returning Customer
101520,2025-02-26,West,Electronics,2,256.74,40.29,New Customer
101521,2025-02-26,East,Electronics,1,164.01,36.81,New Customer
101522,2025-02-26,North,Beauty,1,20.65,8.07,New Customer
101523,2025-02-27,East,Home & Kitchen,1,65.6,18.61,New Customer
101524,2025-02-27,West,Sports & Outdoors,2,112.41,34.31,New Customer
101525,2025-02-27,West,Beauty,2,46.26,22.66,Returning Customer
101526,2025-02-27,West,Sports & Outdoors,1,87.58,29.94,VIP
101527,2025-02-27,West,Beauty,2,43.86,18.54,New Customer
101528,2025-02-27,West,Electronics,1,255.33,46.23,New Customer
101529,2025-02-27,North,Beauty,1,17.44,6.97,New Customer
101530,2025-02-27,East,Home & Kitchen,2,100.25,28.45,Returning Customer
101531,2025-02-27,South,Home & Kitchen,1,75.56,17.99,Returning Customer
101532,2025-02-27,West,Apparel,2,76.12,24.11,Returning Customer
101533,2025-02-27,East,Beauty,1,20.12,8.51,New Customer
101534,2025-02-27,East,Electronics,2,324.59,39.84,Returning Customer
101535,2025-02-27,East,Beauty,2,36.41,14.57,Returning Customer
101536,2025-02-27,West,Apparel,2,109.03,37.04,New Customer
101537,2025-02-27,North,Beauty,2,38.68,16.63,Returning Customer
101538,2025-02-27,North,Electronics,1,121.15,20.55,New Customer
101539,2025-02-27,South,Home & Kitchen,2,150.43,35.85,Returning Customer
101540,2025-02-27,East,Beauty,2,67.43,26.18,New Customer
101541,2025-02-28,North,Apparel,1,53.97,21.31,New Customer
101542,2025-02-28,West,Beauty,1,44.02,16.16,VIP
101543,2025-02-28,West,Electronics,1,116.87,24.12,Returning Customer
101544,2025-02-28,East,Electronics,1,203.11,25.8,New Customer
101545,2025-02-28,North,Apparel,2,84.1,29.13,Returning Customer
101546,2025-02-28,North,Home & Kitchen,2,115.34,33.31,Returning Customer
101547,2025-02-28,North,Home & Kitchen,2,136.29,37.31,New Customer
101548,2025-02-28,North,Home & Kitchen,2,148.4,41.0,Returning Customer
101549,2025-02-28,North,Beauty,2,54.77,22.72,VIP
101550,2025-02-28,South,Home & Kitchen,2,95.68,23.78,Returning Customer
101551,2025-02-28,North,Electronics,2,160.49,24.8,Returning Customer
101552,2025-02-28,North,Sports & Outdoors,1,41.71,13.99,New Customer
101553,2025-02-28,South,Home & Kitchen,2,65.81,16.76,New Customer
101554,2025-02-28,East,Beauty,1,19.34,8.86,Returning Customer
101555,2025-02-28,North,Beauty,2,32.71,13.45,Returning Customer
101556,2025-02-28,East,Apparel,1,38.91,11.09,Returning Customer
101557,2025-02-28,West,Electronics,2,515.75,110.11,New Customer
101558,2025-02-28,North,Apparel,2,82.4,27.29,Returning Customer
101559,2025-02-28,West,Sports & Outdoors,1,56.88,12.24,Returning Customer
101560,2025-02-28,North,Home & Kitchen,1,72.99,18.09,Returning Customer
101561,2025-02-28,South,Apparel,1,70.64,23.25,New Customer
101562,2025-02-28,West,Sports & Outdoors,1,45.82,10.66,New Customer
101563,2025-02-28,East,Apparel,1,40.14,13.09,VIP
101564,2025-02-28,North,Electronics,1,190.73,44.54,New Customer
101565,2025-02-28,South,Home & Kitchen,1,56.46,17.18,New Customer
101566,2025-02-28,South,Sports & Outdoors,2,137.94,39.71,New Customer
101567,2025-02-28,South,Home & Kitchen,1,53.78,15.32,New Customer
101568,2025-03-01,West,Electronics,2,357.03,58.72,VIP
101569,2025-03-01,North,Sports & Outdoors,2,121.99,35.9,New Customer
101570,2025-03-01,East,Electronics,2,426.59,98.28,VIP
101571,2025-03-01,North,Home & Kitchen,1,85.56,26.45,New Customer
101572,2025-03-01,South,Beauty,1,25.48,11.61,New Customer
101573,2025-03-01,North,Electronics,2,479.96,73.1,New Customer
101574,2025-03-01,North,Electronics,2,392.67,50.41,New Customer
101575,2025-03-01,North,Sports & Outdoors,2,110.52,30.61,Returning Customer
101576,2025-03-01,East,Home & Kitchen,2,142.3,37.33,New Customer
101577,2025-03-01,North,Apparel,2,123.28,43.53,New Customer
101578,2025-03-01,South,Apparel,1,44.68,17.47,New Customer
101579,2025-03-01,East,Home & Kitchen,2,92.49,19.83,VIP
101580,2025-03-01,West,Home & Kitchen,2,133.76,38.37,New Customer
101581,2025-03-01,South,Electronics,2,342.16,69.12,Returning Customer
101582,2025-03-01,West,Apparel,1,43.55,14.58,New Customer
101583,2025-03-01,East,Electronics,1,169.39,32.7,Returning Customer
101584,2025-03-01,West,Home & Kitchen,2,129.53,34.65,Returning Customer
101585,2025-03-01,South,Electronics,2,333.95,48.4,VIP
101586,2025-03-01,West,Apparel,1,35.97,12.04,New Customer
101587,2025-03-01,North,Apparel,2,107.73,36.9,VIP
101588,2025-03-01,West,Electronics,1,141.28,21.67,New Customer
101589,2025-03-01,South,Beauty,1,39.22,14.37,New Customer
101590,2025-03-01,East,Apparel,1,32.65,11.07,New Customer
101591,2025-03-01,East,Sports & Outdoors,2,91.26,34.29,New Customer
101592,2025-03-01,East,Electronics,2,379.69,83.12,Returning Customer
101593,2025-03-01,North,Apparel,1,48.51,15.87,New Customer
101594,2025-03-01,East,Electronics,1,214.19,33.16,Returning Customer
101595,2025-03-01,West,Beauty,1,42.45,17.93,VIP
101596,2025-03-02,South,Electronics,2,322.06,64.02,New Customer
101597,2025-03-02,South,Apparel,1,41.72,14.8,Returning Customer
101598,2025-03-02,West,Electronics,2,449.49,93.08,New Customer
101599,2025-03-02,West,Beauty,1,20.7,8.83,Returning Customer
101600,2025-03-02,North,Beauty,2,65.86,29.26,Returning Customer
101601,2025-03-02,East,Electronics,1,242.29,39.69,Returning Customer
101602,2025-03-02,South,Apparel,1,55.03,17.42,Returning Customer
101603,2025-03-02,South,Electronics,1,199.41,41.87,New Customer
101604,2025-03-02,East,Home & Kitchen,2,100.56,25.71,VIP
101605,2025-03-02,North,Home & Kitchen,1,85.47,26.12,New Customer
101606,2025-03-02,West,Electronics,1,147.87,31.84,New Customer
101607,2025-03-02,South,Beauty,1,16.15,6.83,New Customer
101608,2025-03-02,South,Electronics,1,250.9,38.66,VIP
101609,2025-03-02,East,Beauty,2,52.12,22.03,New Customer
101610,2025-03-02,North,Beauty,2,93.94,40.92,VIP
101611,2025-03-02,East,Apparel,2,106.95,35.13,VIP
101612,2025-03-02,South,Apparel,1,52.66,19.74,Returning Customer
101613,2025-03-02,West,Home & Kitchen,2,123.83,34.92,New Customer
101614,2025-03-02,North,Beauty,1,21.31,10.43,New Customer
101615,2025-03-02,South,Home & Kitchen,2,127.52,40.01,VIP
101616,2025-03-02,West,Sports & Outdoors,2,152.32,46.65,Returning Customer
101617,2025-03-02,South,Sports & Outdoors,1,65.43,20.0,New Customer
101618,2025-03-02,North,Beauty,1,33.71,14.77,VIP
101619,2025-03-02,West,Apparel,1,56.79,20.99,Returning Customer
101620,2025-03-02,North,Home & Kitchen,1,101.05,28.47,VIP
101621,2025-03-02,North,Home & Kitchen,1,30.94,8.47,New Customer
101622,2025-03-02,South,Apparel,2,59.84,20.37,VIP
101623,2025-03-02,North,Apparel,2,104.09,41.63,New Customer
101624,2025-03-02,North,Apparel,2,121.96,39.68,Returning Customer
101625,2025-03-02,South,Home & Kitchen,1,50.98,16.45,New Customer
101626,2025-03-02,North,Home & Kitchen,2,115.42,33.13,Returning Customer
101627,2025-03-02,East,Beauty,2,56.99,24.71,New Customer
101628,2025-03-02,West,Beauty,1,20.89,8.54,Returning Customer
101629,2025-03-02,West,Apparel,2,95.28,35.45,Returning Customer
101630,2025-03-02,South,Electronics,2,379.59,58.94,Returning Customer
101631,2025-03-02,West,Electronics,1,213.54,36.88,New Customer
101632,2025-03-02,East,Electronics,1,209.09,52.13,New Customer
101633,2025-03-02,South,Sports & Outdoors,1,45.18,14.97,Returning Customer
101634,2025-03-02,West,Sports & Outdoors,2,92.11,26.73,Returning Customer
101635,2025-03-02,East,Beauty,1,20.77,9.1,New Customer
101636,2025-03-02,West,Electronics,2,286.97,41.47,New Customer
101637,2025-03-02,South,Apparel,1,45.62,17.03,New Customer
101638,2025-03-02,West,Apparel,1,54.68,20.47,Returning Customer
101639,2025-03-02,North,Home & Kitchen,1,73.6,21.49,New Customer
101640,2025-03-02,South,Beauty,2,60.16,24.43,New Customer
101641,2025-03-03,South,Electronics,1,111.84,14.91,Returning Customer
101642,2025-03-03,North,Home & Kitchen,1,74.5,20.26,VIP
101643,2025-03-03,East,Apparel,2,63.34,24.41,New Customer
101644,2025-03-03,East,Sports & Outdoors,1,52.41,15.97,VIP
101645,2025-03-03,West,Sports & Outdoors,1,66.32,17.71,Returning Customer
101646,2025-03-03,North,Sports & Outdoors,1,70.3,20.94,New Customer
101647,2025-03-03,East,Beauty,2,66.94,30.14,Returning Customer
101648,2025-03-03,South,Electronics,1,163.39,28.23,New Customer
101649,2025-03-03,North,Electronics,2,345.09,62.44,New Customer
101650,2025-03-03,East,Electronics,2,477.95,102.82,New Customer
101651,2025-03-03,West,Beauty,1,23.42,9.13,Returning Customer
101652,2025-03-03,West,Apparel,1,40.68,13.63,Returning Customer
101653,2025-03-03,East,Home & Kitchen,2,122.37,34.02,Returning Customer
101654,2025-03-03,West,Sports & Outdoors,1,52.39,17.05,Returning Customer
101655,2025-03-03,South,Apparel,2,129.06,46.26,New Customer
101656,2025-03-03,East,Home & Kitchen,1,86.37,27.08,Returning Customer
101657,2025-03-03,South,Sports & Outdoors,1,51.53,14.47,New Customer
101658,2025-03-03,East,Home & Kitchen,1,86.97,29.83,Returning Customer
101659,2025-03-03,South,Electronics,2,363.14,63.81,New Customer
101660,2025-03-03,North,Home & Kitchen,1,58.47,14.51,VIP
101661,2025-03-03,West,Apparel,2,69.73,22.17,New Customer
101662,2025-03-03,East,Home & Kitchen,2,97.89,29.53,New Customer
101663,2025-03-03,South,Apparel,1,71.47,21.64,New Customer
101664,2025-03-03,North,Home & Kitchen,2,104.05,29.83,Returning Customer
101665,2025-03-03,North,Electronics,1,140.8,33.58,New Customer
101666,2025-03-03,North,Apparel,1,48.68,15.82,Returning Customer
101667,2025-03-03,East,Electronics,2,302.95,52.79,VIP
101668,2025-03-03,West,Beauty,2,68.48,28.25,New Customer
101669,2025-03-03,North,Electronics,2,210.06,39.49,New Customer
101670,2025-03-03,South,Electronics,1,275.44,57.66,Returning Customer
101671,2025-03-03,South,Sports & Outdoors,1,42.33,14.84,Returning Customer
101672,2025-03-03,West,Apparel,2,90.94,28.71,New Customer
101673,2025-03-03,North,Electronics,2,331.89,78.97,Returning Customer
101674,2025-03-03,South,Apparel,2,55.06,16.95,Returning Customer
101675,2025-03-03,South,Beauty,2,55.47,22.9,New Customer
101676,2025-03-03,North,Home & Kitchen,2,121.54,35.38,VIP
101677,2025-03-03,East,Beauty,1,33.74,13.19,Returning Customer
101678,2025-03-03,North,Beauty,2,50.07,20.29,Returning Customer
101679,2025-03-03,North,Electronics,1,233.48,42.15,Returning Customer
101680,2025-03-03,West,Sports & Outdoors,2,125.09,42.3,New Customer
101681,2025-03-03,East,Electronics,1,136.98,21.4,VIP
101682,2025-03-04,South,Home & Kitchen,2,109.9,28.15,Returning Customer
101683,2025-03-04,South,Beauty,1,31.39,13.14,New Customer
101684,2025-03-04,South,Apparel,1,48.97,14.6,New Customer
101685,2025-03-04,South,Apparel,2,65.36,22.93,Returning Customer
101686,2025-03-04,North,Beauty,2,41.29,18.39,New Customer
101687,2025-03-04,South,Sports & Outdoors,2,120.37,35.2,New Customer
101688,2025-03-04,North,Electronics,1,231.72,50.22,VIP
101689,2025-03-04,West,Electronics,1,230.48,38.03,Returning Customer
101690,2025-03-04,East,Home & Kitchen,1,64.38,19.61,Returning Customer
101691,2025-03-04,West,Apparel,2,126.6,43.21,Returning Customer
101692,2025-03-04,West,Home & Kitchen,2,137.79,35.24,New Customer
101693,2025-03-04,East,Electronics,1,96.21,20.15,VIP
101694,2025-03-04,West,Home & Kitchen,2,158.57,39.9,VIP
101695,2025-03-04,North,Sports & Outdoors,2,63.69,17.79,VIP
101696,2025-03-04,North,Apparel,2,49.22,21.11,New Customer
101697,2025-03-04,East,Electronics,2,302.7,61.54,Returning Customer
101698,2025-03-04,West,Sports & Outdoors,2,70.22,20.09,Returning Customer
101699,2025-03-04,West,Home & Kitchen,2,85.94,20.99,New Customer
101700,2025-03-04,North,Sports & Outdoors,2,60.18,16.24,VIP
101701,2025-03-04,North,Home & Kitchen,2,171.14,47.04,VIP
101702,2025-03-04,West,Electronics,2,200.87,54.19,Returning Customer
101703,2025-03-04,East,Electronics,2,182.86,31.16,Returning Customer
101704,2025-03-04,East,Beauty,2,68.27,29.3,VIP
101705,2025-03-04,West,Beauty,1,23.83,8.62,New Customer
101706,2025-03-04,South,Beauty,1,33.3,13.73,Returning Customer
101707,2025-03-04,South,Sports & Outdoors,1,48.04,14.63,New Customer
101708,2025-03-04,West,Electronics,1,134.43,27.65,VIP
101709,2025-03-04,West,Electronics,2,321.1,49.99,Returning Customer
101710,2025-03-04,North,Apparel,1,52.24,21.54,New Customer
101711,2025-03-04,East,Apparel,2,132.47,41.81,New Customer
101712,2025-03-04,West,Home & Kitchen,1,57.31,14.82,Returning Customer
101713,2025-03-04,East,Electronics,1,207.46,37.87,New Customer
101714,2025-03-04,North,Electronics,1,157.2,29.43,New Customer
101715,2025-03-04,East,Electronics,2,510.84,89.84,New Customer
101716,2025-03-04,North,Apparel,1,42.13,15.06,New Customer
101717,2025-03-05,West,Apparel,2,63.06,18.31,New Customer
101718,2025-03-05,West,Sports & Outdoors,1,67.57,18.27,New Customer
101719,2025-03-05,East,Apparel,1,52.15,17.69,New Customer
101720,2025-03-05,North,Electronics,2,346.48,61.94,Returning Customer
101721,2025-03-05,South,Home & Kitchen,1,65.25,17.56,Returning Customer
101722,2025-03-05,West,Electronics,2,370.34,82.52,Returning Customer
101723,2025-03-05,West,Beauty,1,26.67,10.05,VIP
101724,2025-03-05,South,Apparel,2,61.06,20.0,Returning Customer
101725,2025-03-05,East,Electronics,2,282.72,52.85,VIP
101726,2025-03-05,West,Home & Kitchen,2,112.71,30.24,Returning Customer
101727,2025-03-05,North,Home & Kitchen,1,102.73,26.12,Returning Customer
101728,2025-03-05,North,Electronics,1,226.22,36.44,Returning Customer
101729,2025-03-05,South,Apparel,2,88.68,30.76,Returning Customer
101730,2025-03-05,North,Home & Kitchen,1,63.56,22.01,Returning Customer
101731,2025-03-05,East,Beauty,2,57.94,25.41,VIP
101732,2025-03-05,North,Electronics,2,401.27,89.9,New Customer
101733,2025-03-05,West,Electronics,1,230.25,43.06,New Customer
101734,2025-03-05,South,Beauty,1,23.51,9.69,Returning Customer
101735,2025-03-05,South,Electronics,1,129.96,18.83,Returning Customer
101736,2025-03-05,East,Apparel,1,42.46,13.35,New Customer
101737,2025-03-05,East,Home & Kitchen,1,61.93,16.11,Returning Customer
101738,2025-03-05,North,Home & Kitchen,2,124.8,34.03,New Customer
101739,2025-03-05,East,Beauty,1,16.93,6.65,New Customer
101740,2025-03-05,South,Apparel,2,106.28,36.37,VIP
101741,2025-03-05,West,Sports & Outdoors,2,86.24,24.37,New Customer
101742,2025-03-05,West,Electronics,2,180.9,34.37,New Customer
101743,2025-03-05,West,Beauty,1,47.17,18.7,Returning Customer
101744,2025-03-05,East,Apparel,1,49.92,20.22,Returning Customer
101745,2025-03-05,North,Apparel,1,30.96,9.75,VIP
101746,2025-03-05,South,Sports & Outdoors,2,125.64,39.14,Returning Customer
101747,2025-03-06,South,Apparel,2,60.27,20.24,VIP
101748,2025-03-06,West,Apparel,2,108.61,33.1,VIP
101749,2025-03-06,West,Home & Kitchen,2,123.26,34.88,Returning Customer
101750,2025-03-06,East,Home & Kitchen,1,55.42,13.43,New Customer
101751,2025-03-06,West,Apparel,1,55.7,20.8,New Customer
101752,2025-03-06,South,Apparel,1,49.99,17.77,VIP
101753,2025-03-06,West,Home & Kitchen,1,45.34,13.21,Returning Customer
101754,2025-03-06,North,Beauty,2,47.22,19.77,VIP
101755,2025-03-06,South,Home & Kitchen,1,44.35,13.48,New Customer
101756,2025-03-06,South,Apparel,1,37.81,12.53,New Customer
101757,2025-03-06,North,Beauty,1,32.0,15.11,VIP
101758,2025-03-06,East,Electronics,1,217.37,33.22,Returning Customer
101759,2025-03-06,North,Apparel,1,39.75,14.92,VIP
101760,2025-03-06,North,Electronics,1,189.65,33.16,Returning Customer
101761,2025-03-06,West,Apparel,2,86.05,29.87,New Customer
101762,2025-03-06,West,Apparel,1,36.15,13.01,Returning Customer
101763,2025-03-06,North,Sports & Outdoors,2,103.08,32.13,New Customer
101764,2025-03-06,West,Home & Kitchen,1,77.65,19.13,New Customer
101765,2025-03-06,South,Sports & Outdoors,1,51.69,15.9,Returning Customer
101766,2025-03-06,East,Sports & Outdoors,1,68.59,19.79,Returning Customer
101767,2025-03-06,East,Apparel,1,61.9,21.49,New Customer
101768,2025-03-06,South,Apparel,1,37.06,13.77,Returning Customer
101769,2025-03-06,South,Home & Kitchen,2,117.69,34.32,Returning Customer
101770,2025-03-06,North,Beauty,2,83.77,37.09,New Customer
101771,2025-03-06,East,Electronics,2,304.69,54.83,New Customer
101772,2025-03-06,West,Sports & Outdoors,2,128.83,36.2,Returning Customer
101773,2025-03-06,East,Apparel,2,125.16,43.71,New Customer
101774,2025-03-06,West,Electronics,1,227.17,35.18,Returning Customer
101775,2025-03-06,North,Sports & Outdoors,2,55.19,16.23,New Customer
101776,2025-03-06,East,Home & Kitchen,1,83.67,21.86,New Customer
101777,2025-03-06,West,Electronics,1,206.54,30.7,New Customer
101778,2025-03-06,North,Home & Kitchen,2,162.84,43.42,New Customer
101779,2025-03-07,South,Beauty,2,46.18,20.9,New Customer
101780,2025-03-07,North,Electronics,1,222.32,41.26,Returning Customer
101781,2025-03-07,North,Apparel,2,84.15,26.85,New Customer
101782,2025-03-07,West,Home & Kitchen,1,66.32,20.92,New Customer
101783,2025-03-07,North,Apparel,1,60.83,21.71,New Customer
101784,2025-03-07,East,Apparel,1,58.11,20.2,Returning Customer
101785,2025-03-07,West,Apparel,2,116.43,44.9,VIP
101786,2025-03-07,East,Apparel,2,117.69,43.05,New Customer
101787,2025-03-07,East,Home & Kitchen,2,223.8,66.35,New Customer
101788,2025-03-07,South,Electronics,2,281.93,50.86,VIP
101789,2025-03-07,North,Beauty,2,54.65,24.93,Returning Customer
101790,2025-03-07,West,Sports & Outdoors,2,102.69,32.52,Returning Customer
101791,2025-03-07,East,Electronics,2,348.88,54.36,Returning Customer
101792,2025-03-07,South,Electronics,1,165.72,30.52,New Customer
101793,2025-03-07,West,Electronics,1,204.25,31.14,VIP
101794,2025-03-07,South,Home & Kitchen,1,58.76,15.11,Returning Customer
101795,2025-03-07,East,Beauty,2,29.21,12.22,New Customer
101796,2025-03-07,East,Sports & Outdoors,1,39.42,12.51,VIP
101797,2025-03-07,West,Electronics,2,312.84,76.48,VIP
101798,2025-03-08,South,Apparel,2,83.62,32.25,Returning Customer
101799,2025-03-08,West,Beauty,1,32.87,12.16,Returning Customer
101800,2025-03-08,West,Electronics,2,364.43,63.49,Returning Customer
101801,2025-03-08,South,Apparel,1,53.07,18.16,VIP
101802,2025-03-08,South,Electronics,2,505.53,79.31,Returning Customer
101803,2025-03-08,West,Apparel,1,50.08,17.94,VIP
101804,2025-03-08,South,Electronics,2,525.6,108.78,New Customer
101805,2025-03-08,South,Sports & Outdoors,1,50.24,16.17,Returning Customer
101806,2025-03-08,North,Beauty,1,25.73,11.47,New Customer
101807,2025-03-08,North,Electronics,1,109.36,21.18,Returning Customer
101808,2025-03-08,North,Home & Kitchen,1,82.73,23.02,New Customer
101809,2025-03-08,West,Home & Kitchen,1,68.37,21.03,VIP
101810,2025-03-08,East,Apparel,1,54.81,19.72,Returning Customer
101811,2025-03-08,South,Apparel,1,42.02,15.91,Returning Customer
101812,2025-03-08,West,Home & Kitchen,1,62.4,18.74,VIP
101813,2025-03-08,East,Electronics,2,377.55,63.37,New Customer
101814,2025-03-08,West,Apparel,1,62.91,20.91,Returning Customer
101815,2025-03-08,West,Home & Kitchen,2,105.22,29.63,VIP
101816,2025-03-08,West,Electronics,1,140.51,31.26,Returning Customer
101817,2025-03-08,North,Apparel,1,50.65,16.78,Returning Customer
101818,2025-03-08,East,Beauty,2,65.02,27.59,New Customer
101819,2025-03-08,East,Beauty,1,34.56,13.51,New Customer
101820,2025-03-08,East,Electronics,1,185.31,21.68,Returning Customer
101821,2025-03-08,North,Sports & Outdoors,1,54.13,17.08,Returning Customer
101822,2025-03-08,North,Home & Kitchen,1,68.37,18.65,VIP
101823,2025-03-08,South,Apparel,1,33.36,9.62,Returning Customer
101824,2025-03-08,East,Electronics,1,199.0,36.64,Returning Customer
101825,2025-03-08,North,Apparel,1,51.52,18.1,Returning Customer
101826,2025-03-08,North,Electronics,2,415.72,70.15,Returning Customer
101827,2025-03-08,South,Beauty,1,40.35,15.51,New Customer
101828,2025-03-08,West,Apparel,1,65.9,19.56,VIP
101829,2025-03-08,West,Home & Kitchen,2,125.93,36.9,Returning Customer
101830,2025-03-08,North,Sports & Outdoors,1,50.28,16.81,Returning Customer
101831,2025-03-08,West,Beauty,2,53.79,23.54,Returning Customer
101832,2025-03-08,North,Home & Kitchen,2,118.16,40.26,New Customer
101833,2025-03-08,West,Beauty,1,31.51,12.57,Returning Customer
101834,2025-03-08,North,Home & Kitchen,1,85.41,26.96,New Customer
101835,2025-03-09,East,Apparel,2,57.73,20.93,New Customer
101836,2025-03-09,East,Apparel,1,47.16,16.64,Returning Customer
101837,2025-03-09,West,Home & Kitchen,1,49.19,12.38,New Customer
101838,2025-03-09,South,Electronics,2,394.27,86.85,Returning Customer
101839,2025-03-09,West,Electronics,2,381.55,74.86,Returning Customer
101840,2025-03-09,West,Apparel,2,68.81,24.72,New Customer
101841,2025-03-09,West,Apparel,2,92.71,27.11,Returning Customer
101842,2025-03-09,West,Beauty,2,46.11,20.36,New Customer
101843,2025-03-09,South,Electronics,2,313.75,64.33,New Customer
101844,2025-03-09,North,Apparel,2,73.82,25.62,New Customer
101845,2025-03-09,East,Sports & Outdoors,2,84.41,22.67,VIP
101846,2025-03-09,North,Home & Kitchen,2,145.32,46.23,New Customer
101847,2025-03-09,East,Electronics,1,86.63,10.0,Returning Customer
101848,2025-03-09,East,Electronics,2,353.06,64.48,Returning Customer
101849,2025-03-09,North,Beauty,1,27.29,11.71,New Customer
101850,2025-03-09,East,Sports & Outdoors,1,59.66,17.67,New Customer
101851,2025-03-09,South,Sports & Outdoors,1,27.39,8.68,New Customer
101852,2025-03-09,East,Electronics,1,149.23,24.8,New Customer
101853,2025-03-09,East,Electronics,1,171.63,36.4,New Customer
101854,2025-03-09,North,Beauty,2,43.68,17.27,VIP
101855,2025-03-09,North,Beauty,2,57.99,23.4,New Customer
101856,2025-03-09,East,Electronics,1,205.11,25.31,Returning Customer
101857,2025-03-09,North,Electronics,1,157.17,32.47,New Customer
101858,2025-03-09,South,Electronics,2,269.61,49.56,New Customer
101859,2025-03-09,North,Sports & Outdoors,2,109.54,33.87,Returning Customer
101860,2025-03-09,East,Apparel,2,101.12,39.5,Returning Customer
101861,2025-03-09,South,Sports & Outdoors,2,135.3,46.29,New Customer
101862,2025-03-09,East,Electronics,2,342.08,63.47,VIP
101863,2025-03-09,East,Electronics,2,250.72,44.15,Returning Customer
101864,2025-03-09,East,Sports & Outdoors,2,99.04,26.37,VIP
101865,2025-03-10,West,Electronics,1,249.94,50.01,New Customer
101866,2025-03-10,West,Apparel,1,40.91,14.68,New Customer
101867,2025-03-10,West,Beauty,2,54.51,22.32,New Customer
101868,2025-03-10,North,Beauty,1,24.06,11.26,VIP
101869,2025-03-10,South,Sports & Outdoors,2,90.95,27.62,Returning Customer
101870,2025-03-10,North,Electronics,2,339.72,78.14,New Customer
101871,2025-03-10,North,Apparel,1,43.05,15.01,Returning Customer
101872,2025-03-10,South,Apparel,1,43.54,15.21,New Customer
101873,2025-03-10,East,Home & Kitchen,2,100.56,29.14,Returning Customer
101874,2025-03-10,North,Apparel,2,86.5,27.28,VIP
101875,2025-03-10,South,Beauty,1,26.59,13.01,VIP
101876,2025-03-10,West,Apparel,2,73.56,25.43,New Customer
101877,2025-03-10,South,Apparel,1,65.22,25.82,New Customer
101878,2025-03-10,North,Beauty,1,28.33,12.49,VIP
101879,2025-03-10,South,Electronics,2,267.36,59.82,Returning Customer
101880,2025-03-10,South,Beauty,1,37.31,15.5,Returning Customer
101881,2025-03-10,South,Sports & Outdoors,2,100.26,28.05,VIP
101882,2025-03-10,East,Home & Kitchen,1,61.86,18.99,New Customer
101883,2025-03-10,West,Electronics,2,376.17,47.56,Returning Customer
101884,2025-03-10,East,Apparel,2,103.38,35.31,VIP
101885,2025-03-10,North,Electronics,1,111.77,17.64,VIP
101886,2025-03-10,East,Electronics,2,401.07,67.78,New Customer
101887,2025-03-10,North,Sports & Outdoors,1,34.27,10.51,New Customer
101888,2025-03-10,West,Beauty,1,30.56,13.9,New Customer
101889,2025-03-10,East,Home & Kitchen,1,70.31,21.21,New Customer
101890,2025-03-10,East,Sports & Outdoors,2,106.1,32.79,New Customer
101891,2025-03-11,East,Electronics,1,175.26,26.35,Returning Customer
101892,2025-03-11,West,Apparel,1,51.25,14.81,VIP
101893,2025-03-11,West,Electronics,1,287.1,52.15,New Customer
101894,2025-03-11,West,Apparel,1,53.25,20.84,New Customer
101895,2025-03-11,North,Home & Kitchen,1,90.98,23.45,Returning Customer
101896,2025-03-11,West,Home & Kitchen,2,115.66,33.39,VIP
101897,2025-03-11,East,Home & Kitchen,2,109.7,34.6,New Customer
101898,2025-03-11,South,Home & Kitchen,1,91.21,27.53,VIP
101899,2025-03-11,North,Beauty,1,14.91,6.1,Returning Customer
101900,2025-03-11,North,Electronics,2,435.0,86.11,Returning Customer
101901,2025-03-11,East,Home & Kitchen,2,125.91,27.26,New Customer
101902,2025-03-11,South,Apparel,1,42.83,16.34,Returning Customer
101903,2025-03-11,North,Electronics,2,369.32,65.56,Returning Customer
101904,2025-03-11,East,Beauty,1,34.58,13.78,New Customer
101905,2025-03-11,East,Sports & Outdoors,2,108.77,26.29,Returning Customer
101906,2025-03-11,North,Apparel,1,60.73,23.43,New Customer
101907,2025-03-11,North,Beauty,2,63.82,26.87,New Customer
101908,2025-03-11,South,Beauty,2,57.02,26.41,New Customer
101909,2025-03-11,North,Home & Kitchen,2,117.48,30.12,New Customer
101910,2025-03-11,East,Sports & Outdoors,1,40.88,11.7,New Customer
101911,2025-03-11,South,Sports & Outdoors,2,122.46,38.58,New Customer
101912,2025-03-11,North,Sports & Outdoors,2,114.41,30.5,New Customer
101913,2025-03-11,North,Electronics,1,120.46,30.07,New Customer
101914,2025-03-11,South,Apparel,2,103.91,37.45,New Customer
101915,2025-03-11,South,Home & Kitchen,2,149.76,44.11,New Customer
101916,2025-03-11,West,Apparel,1,34.44,13.01,New Customer
101917,2025-03-11,South,Apparel,2,67.82,22.01,New Customer
101918,2025-03-11,South,Sports & Outdoors,1,58.4,19.07,VIP
101919,2025-03-11,West,Apparel,1,53.13,15.03,VIP
101920,2025-03-11,West,Electronics,2,447.13,55.19,VIP
101921,2025-03-11,East,Electronics,1,194.59,37.96,VIP
101922,2025-03-11,South,Apparel,2,111.13,33.8,Returning Customer
101923,2025-03-11,North,Electronics,2,416.8,65.45,New Customer
101924,2025-03-12,East,Electronics,2,243.56,50.42,Returning Customer
101925,2025-03-12,East,Sports & Outdoors,1,54.18,16.14,VIP
101926,2025-03-12,East,Apparel,1,41.63,13.62,New Customer
101927,2025-03-12,East,Sports & Outdoors,2,107.18,31.57,New Customer
101928,2025-03-12,North,Home & Kitchen,2,86.74,23.21,New Customer
101929,2025-03-12,North,Home & Kitchen,1,55.11,16.23,Returning Customer
101930,2025-03-12,East,Electronics,2,186.7,41.97,New Customer
101931,2025-03-12,East,Electronics,2,359.11,52.82,New Customer
101932,2025-03-12,East,Sports & Outdoors,1,66.92,23.02,Returning Customer
101933,2025-03-12,East,Apparel,1,50.47,19.82,New Customer
101934,2025-03-12,West,Electronics,1,159.18,27.19,Returning Customer
101935,2025-03-12,West,Beauty,1,32.75,13.88,VIP
101936,2025-03-12,South,Electronics,2,534.71,97.73,New Customer
101937,2025-03-12,East,Electronics,1,268.83,43.24,Returning Customer
101938,2025-03-12,West,Sports & Outdoors,1,44.55,12.42,VIP
101939,2025-03-12,South,Electronics,2,326.58,48.11,New Customer
101940,2025-03-12,South,Sports & Outdoors,2,134.51,45.28,VIP
101941,2025-03-12,West,Home & Kitchen,2,116.6,27.56,VIP
101942,2025-03-12,East,Beauty,1,35.55,14.84,New Customer
101943,2025-03-12,South,Electronics,2,295.59,61.7,New Customer
101944,2025-03-12,East,Sports & Outdoors,2,119.35,33.73,New Customer
101945,2025-03-12,North,Electronics,1,226.58,35.3,Returning Customer
101946,2025-03-12,East,Beauty,1,17.88,7.7,Returning Customer
101947,2025-03-12,South,Sports & Outdoors,2,132.69,40.5,New Customer
101948,2025-03-12,West,Electronics,2,354.82,57.76,Returning Customer
101949,2025-03-12,East,Sports & Outdoors,1,63.15,19.67,Returning Customer
101950,2025-03-12,West,Electronics,2,362.8,63.54,VIP
101951,2025-03-12,East,Sports & Outdoors,2,101.07,30.59,VIP
101952,2025-03-12,West,Sports & Outdoors,2,120.47,41.73,New Customer
101953,2025-03-12,East,Apparel,2,107.72,33.13,VIP
101954,2025-03-12,East,Apparel,1,40.56,14.57,New Customer
101955,2025-03-12,North,Home & Kitchen,2,117.89,39.26,Returning Customer
101956,2025-03-12,South,Electronics,1,265.92,39.59,VIP
101957,2025-03-13,North,Electronics,1,176.84,34.77,Returning Customer
101958,2025-03-13,East,Apparel,1,44.97,14.3,New Customer
101959,2025-03-13,North,Electronics,2,476.61,89.33,Returning Customer
101960,2025-03-13,East,Home & Kitchen,1,92.41,23.96,Returning Customer
101961,2025-03-13,East,Apparel,1,42.86,13.86,VIP
101962,2025-03-13,East,Sports & Outdoors,2,127.51,36.44,VIP
101963,2025-03-13,North,Electronics,2,385.57,63.9,Returning Customer
101964,2025-03-13,South,Beauty,1,33.44,12.97,Returning Customer
101965,2025-03-13,North,Electronics,2,478.61,77.74,Returning Customer
101966,2025-03-13,East,Sports & Outdoors,2,125.36,36.09,VIP
101967,2025-03-13,West,Apparel,1,35.55,12.02,New Customer
101968,2025-03-13,East,Electronics,2,439.47,85.91,VIP
101969,2025-03-13,East,Sports & Outdoors,2,98.23,29.08,New Customer
101970,2025-03-13,North,Home & Kitchen,1,32.84,11.19,VIP
101971,2025-03-13,North,Electronics,2,431.58,63.09,VIP
101972,2025-03-13,South,Beauty,1,26.87,12.18,VIP
101973,2025-03-13,South,Electronics,1,94.19,20.94,Returning Customer
101974,2025-03-13,West,Beauty,1,25.33,11.2,VIP
101975,2025-03-13,South,Home & Kitchen,1,83.9,25.89,New Customer
101976,2025-03-13,North,Electronics,2,346.7,73.54,VIP
101977,2025-03-13,West,Apparel,1,49.92,16.99,New Customer
101978,2025-03-13,North,Electronics,1,244.51,30.37,VIP
101979,2025-03-13,West,Apparel,1,61.71,19.87,New Customer
101980,2025-03-13,West,Electronics,2,453.93,83.36,Returning Customer
101981,2025-03-13,North,Beauty,2,47.59,19.16,Returning Customer
101982,2025-03-13,South,Beauty,2,49.28,21.1,New Customer
101983,2025-03-13,West,Beauty,1,30.03,11.89,Returning Customer
101984,2025-03-13,West,Beauty,2,75.29,31.72,Returning Customer
101985,2025-03-14,West,Beauty,2,53.05,21.88,New Customer
101986,2025-03-14,East,Apparel,2,80.92,30.33,Returning Customer
101987,2025-03-14,South,Electronics,1,217.24,38.8,Returning Customer
101988,2025-03-14,East,Apparel,1,50.07,19.74,Returning Customer
101989,2025-03-14,North,Electronics,2,350.76,55.32,New Customer
101990,2025-03-14,East,Home & Kitchen,1,45.68,13.4,New Customer
101991,2025-03-14,West,Beauty,1,22.18,9.1,New Customer
101992,2025-03-14,North,Apparel,1,50.08,18.44,New Customer
101993,2025-03-14,South,Electronics,2,413.64,78.33,New Customer
101994,2025-03-14,South,Beauty,2,65.4,28.93,New Customer
101995,2025-03-14,South,Home & Kitchen,1,68.67,14.94,New Customer
101996,2025-03-14,East,Home & Kitchen,2,204.11,52.66,New Customer
101997,2025-03-14,North,Electronics,1,158.25,31.34,New Customer
101998,2025-03-14,West,Home & Kitchen,1,72.64,20.56,Returning Customer
101999,2025-03-14,North,Apparel,1,53.15,19.96,Returning Customer
102000,2025-03-14,South,Sports & Outdoors,1,67.83,23.77,New Customer
102001,2025-03-14,North,Electronics,2,385.94,82.96,New Customer
102002,2025-03-14,West,Electronics,2,463.45,61.53,VIP
102003,2025-03-14,East,Home & Kitchen,2,168.37,39.22,VIP
102004,2025-03-14,North,Apparel,2,82.01,34.76,New Customer
102005,2025-03-14,North,Sports & Outdoors,1,38.1,13.76,VIP
102006,2025-03-15,West,Electronics,1,115.8,22.58,VIP
102007,2025-03-15,East,Apparel,2,108.18,37.74,VIP
102008,2025-03-15,South,Electronics,1,97.84,20.55,New Customer
102009,2025-03-15,East,Apparel,1,57.73,20.32,Returning Customer
102010,2025-03-15,North,Electronics,2,333.17,53.05,New Customer
102011,2025-03-15,North,Electronics,2,258.77,34.73,Returning Customer
102012,2025-03-15,South,Electronics,1,213.06,29.0,VIP
102013,2025-03-15,North,Electronics,1,184.12,30.9,Returning Customer
102014,2025-03-15,East,Beauty,2,71.73,31.58,Returning Customer
102015,2025-03-15,East,Beauty,2,66.28,24.22,VIP
102016,2025-03-15,North,Sports & Outdoors,1,74.96,21.39,New Customer
102017,2025-03-15,East,Apparel,1,50.25,16.79,Returning Customer
102018,2025-03-15,East,Electronics,1,188.42,36.11,New Customer
102019,2025-03-15,South,Beauty,2,63.78,27.07,Returning Customer
102020,2025-03-15,North,Beauty,2,32.65,13.07,Returning Customer
102021,2025-03-15,East,Apparel,2,109.6,37.47,New Customer
102022,2025-03-15,East,Sports & Outdoors,2,123.33,35.88,Returning Customer
102023,2025-03-15,East,Electronics,2,301.91,45.21,New Customer
102024,2025-03-15,North,Apparel,2,90.91,26.96,VIP
102025,2025-03-15,North,Home & Kitchen,2,134.02,37.95,VIP
102026,2025-03-15,South,Apparel,1,30.55,10.39,New Customer
102027,2025-03-15,West,Apparel,1,38.38,13.65,New Customer
102028,2025-03-15,East,Home & Kitchen,2,144.77,35.2,VIP
102029,2025-03-15,West,Sports & Outdoors,1,67.47,21.29,New Customer
102030,2025-03-15,East,Electronics,1,122.52,26.3,New Customer
102031,2025-03-15,East,Apparel,2,71.2,25.63,New Customer
102032,2025-03-15,North,Sports & Outdoors,1,49.02,15.62,New Customer
102033,2025-03-15,East,Electronics,1,246.17,43.68,Returning Customer
102034,2025-03-15,West,Apparel,2,79.1,28.03,Returning Customer
102035,2025-03-15,North,Beauty,1,38.32,15.59,VIP
102036,2025-03-15,West,Sports & Outdoors,2,123.21,36.04,Returning Customer
102037,2025-03-15,North,Home & Kitchen,1,59.09,16.94,New Customer
102038,2025-03-15,East,Apparel,2,83.2,33.08,VIP
102039,2025-03-15,North,Home & Kitchen,1,70.69,18.61,New Customer
102040,2025-03-15,South,Home & Kitchen,2,134.06,32.67,New Customer
102041,2025-03-15,East,Home & Kitchen,1,71.29,15.95,New Customer
102042,2025-03-15,North,Home & Kitchen,1,78.37,22.73,New Customer
102043,2025-03-15,West,Electronics,1,224.44,47.9,Returning Customer
102044,2025-03-15,East,Sports & Outdoors,2,164.28,47.43,VIP
102045,2025-03-15,South,Home & Kitchen,2,142.65,43.88,New Customer
102046,2025-03-15,North,Apparel,1,21.69,7.46,New Customer
102047,2025-03-15,North,Beauty,2,39.05,16.45,Returning Customer
102048,2025-03-15,North,Home & Kitchen,1,76.87,20.67,Returning Customer
102049,2025-03-15,North,Beauty,2,27.99,12.46,New Customer
102050,2025-03-16,West,Apparel,2,79.75,27.07,Returning Customer
102051,2025-03-16,East,Home & Kitchen,1,71.56,19.32,Returning Customer
102052,2025-03-16,East,Apparel,1,29.08,9.5,New Customer
102053,2025-03-16,West,Beauty,2,55.59,22.79,New Customer
102054,2025-03-16,East,Apparel,2,105.45,34.88,Returning Customer
102055,2025-03-16,North,Apparel,2,106.28,37.87,New Customer
102056,2025-03-16,East,Beauty,1,30.78,13.33,New Customer
102057,2025-03-16,North,Home & Kitchen,2,76.55,20.95,New Customer
102058,2025-03-16,South,Apparel,1,45.66,14.3,Returning Customer
102059,2025-03-16,South,Apparel,2,97.34,36.73,VIP
102060,2025-03-16,South,Apparel,1,42.43,14.79,Returning Customer
102061,2025-03-16,North,Electronics,1,146.88,21.37,VIP
102062,2025-03-16,South,Home & Kitchen,2,138.32,34.09,Returning Customer
102063,2025-03-16,East,Electronics,2,388.81,78.77,Returning Customer
102064,2025-03-16,East,Apparel,2,95.04,30.85,Returning Customer
102065,2025-03-16,East,Beauty,2,66.94,23.02,New Customer
102066,2025-03-16,West,Apparel,2,113.89,44.69,VIP
102067,2025-03-16,East,Beauty,1,40.11,15.78,Returning Customer
102068,2025-03-16,East,Sports & Outdoors,2,113.32,31.78,New Customer
102069,2025-03-16,West,Beauty,2,56.54,20.4,New Customer
102070,2025-03-16,South,Electronics,2,284.91,49.28,Returning Customer
102071,2025-03-16,West,Beauty,2,76.03,34.31,Returning Customer
102072,2025-03-16,East,Electronics,1,122.51,27.85,Returning Customer
102073,2025-03-16,North,Electronics,2,497.89,87.43,Returning Customer
102074,2025-03-16,East,Apparel,1,18.64,6.18,VIP
102075,2025-03-16,South,Home & Kitchen,1,60.15,16.27,New Customer
102076,2025-03-16,East,Home & Kitchen,1,54.46,15.63,New Customer
102077,2025-03-16,North,Home & Kitchen,2,159.01,53.87,Returning Customer
102078,2025-03-16,South,Electronics,1,210.98,36.49,Returning Customer
102079,2025-03-16,East,Apparel,1,25.94,9.45,New Customer
102080,2025-03-16,North,Electronics,1,163.76,35.73,Returning Customer
102081,2025-03-16,South,Home & Kitchen,2,155.35,38.38,New Customer
102082,2025-03-16,North,Beauty,2,39.3,16.04,New Customer
102083,2025-03-16,South,Apparel,1,26.42,9.27,New Customer
102084,2025-03-16,East,Beauty,1,23.13,11.1,New Customer
102085,2025-03-16,West,Beauty,2,34.85,14.55,Returning Customer
102086,2025-03-16,East,Apparel,2,116.94,38.22,New Customer
102087,2025-03-16,East,Beauty,2,49.85,20.45,Returning Customer
102088,2025-03-16,West,Electronics,1,189.76,37.88,New Customer
102089,2025-03-17,East,Beauty,2,81.31,35.5,New Customer
102090,2025-03-17,North,Electronics,2,206.58,36.67,Returning Customer
102091,2025-03-17,East,Electronics,2,345.2,79.6,New Customer
102092,2025-03-17,East,Apparel,1,50.41,16.15,Returning Customer
102093,2025-03-17,North,Electronics,1,181.74,28.97,New Customer
102094,2025-03-17,West,Home & Kitchen,1,72.33,20.71,Returning Customer
102095,2025-03-17,West,Home & Kitchen,2,113.41,27.25,Returning Customer
102096,2025-03-17,East,Sports & Outdoors,2,66.98,19.72,Returning Customer
102097,2025-03-17,West,Beauty,2,56.86,23.11,Returning Customer
102098,2025-03-17,South,Home & Kitchen,2,137.01,36.91,New Customer
102099,2025-03-17,South,Electronics,1,200.38,39.04,Returning Customer
102100,2025-03-17,West,Home & Kitchen,2,120.46,35.11,New Customer
102101,2025-03-17,North,Home & Kitchen,1,27.91,9.04,New Customer
102102,2025-03-17,West,Electronics,1,136.42,18.9,Returning Customer
102103,2025-03-17,East,Electronics,2,262.16,42.81,New Customer
102104,2025-03-17,East,Home & Kitchen,1,97.58,26.71,VIP
102105,2025-03-17,North,Electronics,1,250.44,38.29,Returning Customer
102106,2025-03-17,South,Home & Kitchen,2,102.11,26.92,Returning Customer
102107,2025-03-17,West,Apparel,1,35.52,13.43,New Customer
102108,2025-03-17,South,Electronics,1,186.68,31.73,New Customer
102109,2025-03-17,West,Beauty,2,79.06,32.78,Returning Customer
102110,2025-03-17,North,Apparel,1,50.32,13.5,New Customer
102111,2025-03-17,East,Electronics,2,282.57,47.09,Returning Customer
102112,2025-03-17,East,Electronics,2,321.14,47.09,New Customer
102113,2025-03-17,South,Home & Kitchen,1,67.44,19.01,Returning Customer
102114,2025-03-17,East,Electronics,1,127.38,22.35,Returning Customer
102115,2025-03-17,North,Sports & Outdoors,1,92.33,23.4,Returning Customer
102116,2025-03-17,West,Home & Kitchen,1,31.52,9.15,New Customer
102117,2025-03-17,West,Home & Kitchen,1,80.36,23.5,VIP
102118,2025-03-17,West,Beauty,1,38.64,16.36,New Customer
102119,2025-03-17,North,Home & Kitchen,1,54.01,14.94,Returning Customer
102120,2025-03-18,West,Home & Kitchen,2,151.22,38.92,Returning Customer
102121,2025-03-18,East,Apparel,2,86.49,29.52,New Customer
102122,2025-03-18,East,Electronics,1,190.51,46.39,New Customer
102123,2025-03-18,West,Apparel,2,113.2,38.92,New Customer
102124,2025-03-18,South,Apparel,1,61.37,24.94,Returning Customer
102125,2025-03-18,West,Sports & Outdoors,1,31.57,10.05,New Customer
102126,2025-03-18,East,Electronics,1,248.23,33.45,New Customer
102127,2025-03-18,South,Beauty,2,62.36,26.62,New Customer
102128,2025-03-18,East,Apparel,2,141.17,50.83,Returning Customer
102129,2025-03-18,South,Beauty,1,22.58,9.55,New Customer
102130,2025-03-18,South,Home & Kitchen,2,112.68,28.78,New Customer
102131,2025-03-18,East,Electronics,2,337.27,58.78,VIP
102132,2025-03-18,East,Home & Kitchen,2,126.35,32.21,VIP
102133,2025-03-18,East,Apparel,1,50.74,20.28,Returning Customer
102134,2025-03-18,South,Sports & Outdoors,2,96.84,30.55,New Customer
102135,2025-03-18,North,Apparel,1,60.71,22.78,New Customer
102136,2025-03-18,East,Electronics,1,143.56,28.35,Returning Customer
102137,2025-03-18,North,Sports & Outdoors,1,52.04,14.63,VIP
102138,2025-03-18,North,Apparel,1,45.45,17.13,New Customer
102139,2025-03-18,North,Apparel,2,89.77,32.18,Returning Customer
102140,2025-03-18,East,Beauty,2,59.7,22.77,Returning Customer
102141,2025-03-18,East,Electronics,1,230.06,36.21,VIP
102142,2025-03-18,North,Electronics,1,226.9,42.43,VIP
102143,2025-03-18,East,Home & Kitchen,2,78.39,20.92,VIP
102144,2025-03-18,North,Home & Kitchen,1,47.91,10.75,New Customer
102145,2025-03-18,North,Home & Kitchen,2,174.78,44.65,Returning Customer
102146,2025-03-18,East,Home & Kitchen,1,95.67,24.02,New Customer
102147,2025-03-18,East,Sports & Outdoors,2,58.42,18.78,New Customer
102148,2025-03-19,South,Electronics,1,219.07,35.12,New Customer
102149,2025-03-19,North,Sports & Outdoors,2,130.42,36.29,New Customer
102150,2025-03-19,South,Apparel,1,56.67,19.37,New Customer
102151,2025-03-19,East,Sports & Outdoors,1,40.17,13.07,New Customer
102152,2025-03-19,North,Beauty,2,41.99,18.57,New Customer
102153,2025-03-19,South,Sports & Outdoors,2,67.33,21.54,New Customer
102154,2025-03-19,West,Beauty,1,24.84,8.94,New Customer
102155,2025-03-19,South,Electronics,1,227.01,27.3,VIP
102156,2025-03-19,North,Beauty,1,24.43,9.82,Returning Customer
102157,2025-03-19,North,Apparel,2,100.88,40.31,New Customer
102158,2025-03-19,East,Home & Kitchen,1,59.13,16.77,New Customer
102159,2025-03-19,East,Electronics,1,188.02,32.94,New Customer
102160,2025-03-19,West,Beauty,2,61.91,23.81,New Customer
102161,2025-03-19,East,Sports & Outdoors,2,140.65,39.96,New Customer
102162,2025-03-19,South,Apparel,2,72.58,24.92,New Customer
102163,2025-03-19,East,Sports & Outdoors,1,75.32,20.13,VIP
102164,2025-03-19,West,Apparel,1,31.01,10.19,New Customer
102165,2025-03-19,North,Electronics,2,483.18,100.9,New Customer
102166,2025-03-19,East,Electronics,1,164.92,29.02,New Customer
102167,2025-03-19,North,Home & Kitchen,1,96.34,29.12,VIP
102168,2025-03-19,East,Beauty,1,34.23,15.21,New Customer
102169,2025-03-19,North,Apparel,2,110.79,32.5,VIP
102170,2025-03-19,West,Apparel,2,80.51,30.7,New Customer
102171,2025-03-19,East,Home & Kitchen,1,72.6,18.87,New Customer
102172,2025-03-19,East,Electronics,1,180.83,39.67,VIP
102173,2025-03-19,East,Beauty,1,31.65,12.89,Returning Customer
102174,2025-03-20,North,Electronics,2,321.98,67.88,Returning Customer
102175,2025-03-20,West,Beauty,2,63.38,23.45,New Customer
102176,2025-03-20,South,Beauty,1,36.7,15.13,New Customer
102177,2025-03-20,East,Sports & Outdoors,1,44.8,11.48,Returning Customer
102178,2025-03-20,West,Home & Kitchen,2,144.81,37.1,Returning Customer
102179,2025-03-20,East,Apparel,2,81.86,27.17,Returning Customer
102180,2025-03-20,South,Sports & Outdoors,1,41.9,11.71,New Customer
102181,2025-03-20,North,Apparel,2,60.77,20.61,New Customer
102182,2025-03-20,North,Electronics,1,157.63,23.87,New Customer
102183,2025-03-20,East,Home & Kitchen,1,67.55,20.27,New Customer
102184,2025-03-20,West,Electronics,1,187.67,30.33,New Customer
102185,2025-03-20,East,Sports & Outdoors,2,111.41,32.16,Returning Customer
102186,2025-03-20,South,Sports & Outdoors,1,40.04,11.19,VIP
102187,2025-03-20,East,Apparel,1,66.47,25.06,Returning Customer
102188,2025-03-20,West,Electronics,2,419.56,102.68,VIP
102189,2025-03-20,West,Apparel,1,57.81,21.66,New Customer
102190,2025-03-20,North,Electronics,1,175.72,24.19,VIP
102191,2025-03-20,East,Home & Kitchen,1,73.5,21.05,New Customer
102192,2025-03-20,South,Home & Kitchen,1,48.36,11.8,VIP
102193,2025-03-21,South,Beauty,1,20.54,8.12,New Customer
102194,2025-03-21,North,Beauty,2,30.53,14.53,Returning Customer
102195,2025-03-21,North,Apparel,2,76.07,31.08,VIP
102196,2025-03-21,West,Electronics,1,133.23,20.51,New Customer
102197,2025-03-21,South,Apparel,2,96.55,35.99,Returning Customer
102198,2025-03-21,North,Home & Kitchen,1,57.88,17.27,New Customer
102199,2025-03-21,East,Apparel,1,39.35,14.34,Returning Customer
102200,2025-03-21,West,Apparel,2,101.24,33.23,Returning Customer
102201,2025-03-21,South,Apparel,2,98.42,36.52,Returning Customer
102202,2025-03-21,East,Apparel,1,49.37,16.88,New Customer
102203,2025-03-21,North,Home & Kitchen,2,175.3,44.98,New Customer
102204,2025-03-21,North,Home & Kitchen,2,74.02,20.24,New Customer
102205,2025-03-21,East,Sports & Outdoors,2,122.02,36.09,Returning Customer
102206,2025-03-21,West,Home & Kitchen,1,63.68,19.43,New Customer
102207,2025-03-21,West,Beauty,1,20.11,7.85,Returning Customer
102208,2025-03-21,North,Home & Kitchen,2,111.06,34.85,Returning Customer
102209,2025-03-21,North,Apparel,2,90.33,31.59,New Customer
102210,2025-03-21,South,Electronics,1,231.06,36.93,VIP
102211,2025-03-21,South,Apparel,2,78.27,24.48,New Customer
102212,2025-03-21,East,Home & Kitchen,2,169.33,48.83,New Customer
102213,2025-03-21,West,Home & Kitchen,1,103.91,28.71,New Customer
102214,2025-03-21,East,Home & Kitchen,2,172.25,44.54,Returning Customer
102215,2025-03-22,West,Electronics,2,139.5,33.2,VIP
102216,2025-03-22,South,Apparel,1,37.29,15.06,VIP
102217,2025-03-22,East,Electronics,2,380.69,80.56,New Customer
102218,2025-03-22,North,Electronics,1,163.67,21.96,VIP
102219,2025-03-22,North,Electronics,1,240.9,40.08,Returning Customer
102220,2025-03-22,West,Home & Kitchen,2,97.73,28.72,New Customer
102221,2025-03-22,North,Sports & Outdoors,2,115.54,36.27,New Customer
102222,2025-03-22,North,Beauty,1,33.96,15.2,New Customer
102223,2025-03-22,East,Apparel,1,58.7,22.37,New Customer
102224,2025-03-22,West,Electronics,1,105.19,14.21,New Customer
102225,2025-03-22,South,Electronics,2,219.43,30.0,New Customer
102226,2025-03-22,North,Electronics,2,421.62,62.27,Returning Customer
102227,2025-03-22,East,Beauty,1,22.45,9.22,Returning Customer
102228,2025-03-22,East,Sports & Outdoors,1,37.94,10.93,Returning Customer
102229,2025-03-22,North,Apparel,2,125.08,45.85,New Customer
102230,2025-03-22,South,Beauty,1,26.28,9.84,VIP
102231,2025-03-22,West,Electronics,1,112.08,22.83,Returning Customer
102232,2025-03-22,East,Home & Kitchen,2,146.43,40.91,Returning Customer
102233,2025-03-22,North,Electronics,2,255.75,32.8,VIP
102234,2025-03-22,North,Electronics,2,320.85,43.53,VIP
102235,2025-03-22,West,Apparel,2,110.87,44.14,New Customer
102236,2025-03-22,North,Home & Kitchen,1,62.91,14.95,Returning Customer
102237,2025-03-22,North,Electronics,1,111.65,21.69,New Customer
102238,2025-03-22,West,Apparel,1,35.7,12.07,Returning Customer
102239,2025-03-22,East,Electronics,1,118.39,18.85,New Customer
102240,2025-03-22,North,Beauty,2,41.92,20.41,New Customer
102241,2025-03-22,South,Electronics,2,339.8,71.53,Returning Customer
102242,2025-03-22,North,Sports & Outdoors,1,67.84,21.23,Returning Customer
102243,2025-03-22,South,Home & Kitchen,1,53.64,15.51,Returning Customer
102244,2025-03-22,South,Apparel,2,123.64,46.13,Returning Customer
102245,2025-03-22,South,Home & Kitchen,2,152.06,35.26,Returning Customer
102246,2025-03-22,East,Beauty,2,45.62,20.27,Returning Customer
102247,2025-03-22,East,Apparel,1,26.42,9.45,New Customer
102248,2025-03-22,East,Beauty,1,13.64,6.12,VIP
102249,2025-03-22,South,Apparel,1,41.98,14.84,Returning Customer
102250,2025-03-23,South,Electronics,2,443.75,71.08,Returning Customer
102251,2025-03-23,North,Beauty,2,42.22,20.97,Returning Customer
102252,2025-03-23,West,Apparel,1,56.25,21.17,Returning Customer
102253,2025-03-23,South,Electronics,1,213.03,38.28,New Customer
102254,2025-03-23,West,Apparel,1,38.78,12.88,Returning Customer
102255,2025-03-23,West,Apparel,2,83.54,31.82,New Customer
102256,2025-03-23,South,Apparel,1,39.17,14.31,New Customer
102257,2025-03-23,South,Apparel,1,36.26,11.97,New Customer
102258,2025-03-23,South,Electronics,1,162.84,28.3,Returning Customer
102259,2025-03-23,East,Electronics,2,290.18,34.07,VIP
102260,2025-03-23,North,Apparel,2,68.78,22.34,New Customer
102261,2025-03-23,North,Home & Kitchen,2,173.52,48.48,Returning Customer
102262,2025-03-23,West,Electronics,1,177.75,39.84,New Customer
102263,2025-03-23,East,Beauty,1,32.57,11.4,VIP
102264,2025-03-23,North,Electronics,1,173.69,34.65,Returning Customer
102265,2025-03-23,West,Home & Kitchen,1,53.63,13.71,New Customer
102266,2025-03-23,East,Apparel,1,39.58,14.14,Returning Customer
102267,2025-03-23,East,Electronics,2,385.76,58.48,New Customer
102268,2025-03-23,North,Beauty,2,75.98,31.62,New Customer
102269,2025-03-23,South,Electronics,1,100.99,18.83,VIP
102270,2025-03-23,South,Apparel,1,27.96,10.25,New Customer
102271,2025-03-23,South,Home & Kitchen,1,59.21,18.51,Returning Customer
102272,2025-03-23,West,Electronics,1,177.3,23.28,New Customer
102273,2025-03-23,North,Apparel,2,91.62,35.77,Returning Customer
102274,2025-03-23,East,Apparel,1,64.04,21.92,New Customer
102275,2025-03-23,South,Electronics,2,379.69,65.52,VIP
102276,2025-03-23,West,Electronics,1,167.36,27.47,VIP
102277,2025-03-23,North,Beauty,2,75.06,31.63,Returning Customer
102278,2025-03-23,West,Beauty,1,34.42,15.71,Returning Customer
102279,2025-03-23,North,Home & Kitchen,1,76.59,17.24,Returning Customer
102280,2025-03-24,North,Electronics,1,238.94,34.61,VIP
102281,2025-03-24,South,Apparel,2,115.11,42.51,Returning Customer
102282,2025-03-24,North,Apparel,1,52.15,16.65,Returning Customer
102283,2025-03-24,West,Apparel,2,95.77,34.64,New Customer
102284,2025-03-24,South,Electronics,2,328.09,53.69,Returning Customer
102285,2025-03-24,East,Beauty,2,73.28,24.8,Returning Customer
102286,2025-03-24,East,Electronics,1,222.49,41.35,Returning Customer
102287,2025-03-24,East,Beauty,2,64.69,26.83,New Customer
102288,2025-03-24,North,Apparel,1,47.05,14.88,New Customer
102289,2025-03-24,North,Electronics,2,255.61,50.63,Returning Customer
102290,2025-03-24,South,Beauty,2,71.55,31.67,Returning Customer
102291,2025-03-24,West,Electronics,1,173.33,33.62,Returning Customer
102292,2025-03-24,East,Electronics,1,229.75,24.28,VIP
102293,2025-03-24,West,Beauty,2,60.94,24.45,New Customer
102294,2025-03-24,West,Beauty,1,18.68,8.58,New Customer
102295,2025-03-24,East,Sports & Outdoors,2,72.48,26.39,New Customer
102296,2025-03-24,East,Home & Kitchen,1,41.56,11.76,Returning Customer
102297,2025-03-24,East,Sports & Outdoors,1,39.24,13.7,Returning Customer
102298,2025-03-24,North,Beauty,1,21.85,8.53,VIP
102299,2025-03-24,South,Electronics,1,196.89,30.34,Returning Customer
102300,2025-03-24,North,Electronics,1,222.39,37.62,Returning Customer
102301,2025-03-24,West,Apparel,2,101.16,34.62,Returning Customer
102302,2025-03-24,North,Home & Kitchen,2,176.94,40.67,Returning Customer
102303,2025-03-24,West,Beauty,1,34.21,15.48,New Customer
102304,2025-03-24,North,Home & Kitchen,1,70.02,18.89,New Customer
102305,2025-03-24,South,Electronics,2,667.68,89.09,New Customer
102306,2025-03-24,South,Home & Kitchen,2,171.31,46.29,VIP
102307,2025-03-24,North,Home & Kitchen,2,163.71,47.16,New Customer
102308,2025-03-24,North,Apparel,2,98.49,31.42,New Customer
102309,2025-03-24,North,Apparel,1,48.23,15.68,Returning Customer
102310,2025-03-25,South,Home & Kitchen,1,73.77,19.7,Returning Customer
102311,2025-03-25,West,Apparel,2,85.71,30.47,VIP
102312,2025-03-25,South,Home & Kitchen,1,81.98,21.45,New Customer
102313,2025-03-25,East,Electronics,2,307.67,65.04,New Customer
102314,2025-03-25,South,Home & Kitchen,2,146.97,38.76,VIP
102315,2025-03-25,North,Electronics,2,409.45,93.86,New Customer
102316,2025-03-25,North,Electronics,2,238.03,29.67,VIP
102317,2025-03-25,East,Home & Kitchen,2,65.08,15.52,New Customer
102318,2025-03-25,West,Electronics,2,296.89,62.13,Returning Customer
102319,2025-03-25,North,Beauty,2,54.1,19.6,Returning Customer
102320,2025-03-25,North,Sports & Outdoors,2,78.86,20.47,New Customer
102321,2025-03-25,West,Electronics,1,174.01,25.82,Returning Customer
102322,2025-03-25,North,Sports & Outdoors,1,45.46,14.11,Returning Customer
102323,2025-03-25,North,Electronics,1,135.92,21.06,Returning Customer
102324,2025-03-25,North,Apparel,2,93.78,31.71,Returning Customer
102325,2025-03-25,South,Home & Kitchen,2,131.86,30.82,Returning Customer
102326,2025-03-25,East,Electronics,1,175.14,30.93,Returning Customer
102327,2025-03-25,West,Apparel,1,36.78,14.08,VIP
102328,2025-03-25,West,Home & Kitchen,1,69.37,18.35,New Customer
102329,2025-03-25,South,Apparel,1,39.75,13.47,Returning Customer
102330,2025-03-25,West,Electronics,1,167.37,27.03,VIP
102331,2025-03-25,South,Home & Kitchen,1,54.43,16.4,VIP
102332,2025-03-25,West,Electronics,1,179.21,28.38,Returning Customer
102333,2025-03-25,North,Electronics,1,119.26,23.58,Returning Customer
102334,2025-03-25,North,Electronics,2,420.79,83.03,Returning Customer
102335,2025-03-25,East,Apparel,2,126.49,41.35,New Customer
102336,2025-03-25,West,Electronics,1,167.17,34.89,New Customer
102337,2025-03-25,North,Electronics,1,187.22,40.04,New Customer
102338,2025-03-25,West,Sports & Outdoors,2,184.66,63.72,Returning Customer
102339,2025-03-25,North,Electronics,2,428.13,54.06,Returning Customer
102340,2025-03-25,South,Apparel,1,45.85,13.61,New Customer
102341,2025-03-26,East,Electronics,2,273.0,53.44,Returning Customer
102342,2025-03-26,South,Sports & Outdoors,2,145.68,43.36,Returning Customer
102343,2025-03-26,West,Apparel,2,107.7,35.99,New Customer
102344,2025-03-26,North,Sports & Outdoors,2,124.74,40.3,New Customer
102345,2025-03-26,West,Electronics,1,159.36,28.48,New Customer
102346,2025-03-26,East,Beauty,1,24.13,9.72,New Customer
102347,2025-03-26,South,Beauty,1,39.24,17.04,Returning Customer
102348,2025-03-26,South,Sports & Outdoors,1,65.95,18.29,New Customer
102349,2025-03-26,North,Electronics,2,530.46,100.66,Returning Customer
102350,2025-03-26,North,Apparel,1,69.02,23.46,New Customer
102351,2025-03-26,North,Electronics,1,223.98,43.99,Returning Customer
102352,2025-03-26,East,Beauty,1,23.42,10.11,New Customer
102353,2025-03-26,West,Electronics,1,227.18,38.17,VIP
102354,2025-03-26,North,Beauty,2,44.75,18.16,New Customer
102355,2025-03-26,North,Electronics,1,184.66,33.96,Returning Customer
102356,2025-03-26,South,Electronics,2,183.37,30.4,New Customer
102357,2025-03-26,North,Sports & Outdoors,1,66.69,23.47,Returning Customer
102358,2025-03-26,South,Beauty,2,54.24,21.03,New Customer
102359,2025-03-26,South,Electronics,1,203.87,27.17,Returning Customer
102360,2025-03-26,North,Electronics,1,207.85,44.43,VIP
102361,2025-03-26,North,Apparel,2,107.54,39.98,New Customer
102362,2025-03-26,West,Sports & Outdoors,1,56.96,19.83,VIP
102363,2025-03-26,West,Beauty,1,24.44,8.03,New Customer
102364,2025-03-26,East,Home & Kitchen,1,69.34,18.82,VIP
102365,2025-03-26,West,Home & Kitchen,1,79.0,23.87,Returning Customer
102366,2025-03-26,East,Electronics,2,664.0,129.79,VIP
102367,2025-03-26,North,Beauty,2,36.99,16.65,VIP
102368,2025-03-26,East,Electronics,1,235.2,45.52,Returning Customer
102369,2025-03-26,East,Beauty,2,40.82,19.72,New Customer
102370,2025-03-26,East,Electronics,1,182.4,36.27,Returning Customer
102371,2025-03-26,North,Apparel,1,29.78,10.36,Returning Customer
102372,2025-03-26,South,Apparel,1,59.96,19.39,Returning Customer
102373,2025-03-26,East,Apparel,2,83.0,30.24,VIP
102374,2025-03-26,South,Electronics,1,179.62,37.59,Returning Customer
102375,2025-03-27,West,Apparel,1,64.37,19.63,Returning Customer
102376,2025-03-27,North,Sports & Outdoors,2,89.81,29.05,New Customer
102377,2025-03-27,West,Apparel,1,52.66,18.75,New Customer
102378,2025-03-27,East,Home & Kitchen,2,147.07,30.64,VIP
102379,2025-03-27,West,Electronics,2,374.35,78.66,New Customer
102380,2025-03-27,North,Home & Kitchen,1,57.05,15.8,VIP
102381,2025-03-27,North,Apparel,2,61.91,20.4,New Customer
102382,2025-03-27,East,Apparel,1,41.46,16.41,New Customer
102383,2025-03-27,South,Beauty,2,69.61,26.9,VIP
102384,2025-03-27,West,Electronics,1,206.96,38.37,Returning Customer
102385,2025-03-27,North,Electronics,2,325.95,63.43,New Customer
102386,2025-03-27,West,Sports & Outdoors,1,51.31,15.93,Returning Customer
102387,2025-03-27,South,Apparel,1,65.97,22.46,Returning Customer
102388,2025-03-27,South,Electronics,2,499.33,88.86,New Customer
102389,2025-03-27,East,Electronics,1,206.93,35.79,Returning Customer
102390,2025-03-27,North,Apparel,1,24.61,7.85,Returning Customer
102391,2025-03-27,East,Home & Kitchen,2,157.3,44.67,VIP
102392,2025-03-27,East,Sports & Outdoors,2,108.9,24.19,Returning Customer
102393,2025-03-27,East,Electronics,1,200.16,39.65,Returning Customer
102394,2025-03-27,South,Electronics,2,318.2,70.87,New Customer
102395,2025-03-27,West,Home & Kitchen,2,103.89,23.16,New Customer
102396,2025-03-27,North,Electronics,1,175.61,23.63,New Customer
102397,2025-03-28,East,Apparel,2,114.42,39.25,New Customer
102398,2025-03-28,West,Home & Kitchen,2,137.36,43.81,Returning Customer
102399,2025-03-28,West,Sports & Outdoors,1,37.55,10.88,New Customer
102400,2025-03-28,South,Beauty,1,34.31,13.62,VIP
102401,2025-03-28,East,Home & Kitchen,1,76.8,27.47,New Customer
102402,2025-03-28,South,Beauty,2,70.12,29.65,New Customer
102403,2025-03-28,South,Beauty,2,67.16,24.78,Returning Customer
102404,2025-03-28,North,Apparel,2,43.22,15.39,New Customer
102405,2025-03-28,East,Electronics,2,411.22,61.08,Returning Customer
102406,2025-03-28,South,Apparel,1,37.91,11.48,Returning Customer
102407,2025-03-28,East,Home & Kitchen,2,105.37,25.04,VIP
102408,2025-03-28,West,Home & Kitchen,1,83.85,24.52,Returning Customer
102409,2025-03-28,North,Home & Kitchen,2,153.99,41.8,Returning Customer
102410,2025-03-28,North,Electronics,1,199.36,38.93,New Customer
102411,2025-03-28,East,Electronics,2,318.47,52.44,VIP
102412,2025-03-28,West,Electronics,2,311.79,60.56,New Customer
102413,2025-03-28,North,Beauty,2,52.71,20.65,New Customer
102414,2025-03-28,East,Apparel,2,77.91,28.36,New Customer
102415,2025-03-28,East,Sports & Outdoors,2,140.0,40.56,Returning Customer
102416,2025-03-28,East,Electronics,2,247.62,40.91,Returning Customer
102417,2025-03-28,West,Electronics,2,229.81,32.55,Returning Customer
102418,2025-03-28,South,Electronics,1,153.44,27.06,Returning Customer
102419,2025-03-28,South,Home & Kitchen,2,106.6,29.52,VIP
102420,2025-03-28,West,Apparel,1,42.04,13.79,New Customer
102421,2025-03-28,West,Beauty,2,89.79,41.8,New Customer
102422,2025-03-28,West,Home & Kitchen,1,59.03,16.58,New Customer
102423,2025-03-28,West,Beauty,2,29.73,11.77,Returning Customer
102424,2025-03-29,West,Sports & Outdoors,2,83.9,25.48,VIP
102425,2025-03-29,North,Electronics,1,162.6,32.81,New Customer
102426,2025-03-29,North,Beauty,2,69.68,29.64,New Customer
102427,2025-03-29,South,Sports & Outdoors,1,95.81,29.98,Returning Customer
102428,2025-03-29,South,Electronics,1,176.26,37.53,Returning Customer
102429,2025-03-29,West,Beauty,2,73.43,32.69,VIP
102430,2025-03-29,West,Sports & Outdoors,1,57.86,19.07,Returning Customer
102431,2025-03-29,East,Beauty,2,92.79,43.65,New Customer
102432,2025-03-29,South,Home & Kitchen,2,95.07,28.46,VIP
102433,2025-03-29,North,Electronics,1,174.09,32.36,New Customer
102434,2025-03-29,East,Beauty,2,57.42,22.82,New Customer
102435,2025-03-29,West,Home & Kitchen,2,108.47,31.31,New Customer
102436,2025-03-29,North,Sports & Outdoors,1,29.32,7.05,New Customer
102437,2025-03-29,North,Home & Kitchen,2,144.21,42.32,Returning Customer
102438,2025-03-29,West,Electronics,2,535.67,97.67,Returning Customer
102439,2025-03-29,West,Apparel,2,62.96,23.7,New Customer
102440,2025-03-29,East,Apparel,1,37.49,13.72,New Customer
102441,2025-03-29,North,Apparel,2,76.66,23.54,Returning Customer
102442,2025-03-29,West,Apparel,1,26.31,10.43,VIP
102443,2025-03-29,East,Beauty,1,28.04,12.6,Returning Customer
102444,2025-03-29,North,Apparel,2,78.97,29.49,Returning Customer
102445,2025-03-29,North,Home & Kitchen,2,102.12,32.04,Returning Customer
102446,2025-03-29,North,Home & Kitchen,2,176.6,45.76,Returning Customer
102447,2025-03-29,East,Electronics,1,103.3,21.86,New Customer
102448,2025-03-29,North,Sports & Outdoors,2,105.76,34.77,New Customer
102449,2025-03-29,West,Sports & Outdoors,1,44.51,13.51,Returning Customer
102450,2025-03-29,West,Electronics,2,249.7,45.96,New Customer
102451,2025-03-29,South,Electronics,1,130.82,21.44,Returning Customer
102452,2025-03-29,North,Apparel,1,39.16,13.71,New Customer
102453,2025-03-29,North,Home & Kitchen,1,61.31,18.18,Returning Customer
102454,2025-03-29,North,Home & Kitchen,2,133.09,44.17,Returning Customer
102455,2025-03-29,West,Sports & Outdoors,2,122.21,30.98,New Customer
102456,2025-03-29,North,Electronics,2,266.74,46.52,Returning Customer
102457,2025-03-29,East,Apparel,1,52.57,18.79,VIP
102458,2025-03-29,East,Apparel,2,57.8,20.11,New Customer
102459,2025-03-29,South,Electronics,2,362.08,74.29,Returning Customer
102460,2025-03-29,South,Apparel,2,99.13,33.21,New Customer
102461,2025-03-29,East,Home & Kitchen,1,69.06,18.73,Returning Customer
102462,2025-03-29,North,Home & Kitchen,2,173.0,45.58,Returning Customer
102463,2025-03-29,South,Apparel,1,50.35,17.16,Returning Customer
102464,2025-03-29,East,Apparel,2,127.59,53.1,New Customer
102465,2025-03-29,East,Beauty,1,40.4,14.09,Returning Customer
102466,2025-03-29,East,Beauty,1,32.52,14.35,Returning Customer
102467,2025-03-29,West,Sports & Outdoors,2,71.94,22.07,Returning Customer
102468,2025-03-30,West,Electronics,2,295.68,45.87,Returning Customer
102469,2025-03-30,South,Electronics,1,173.45,30.82,New Customer
102470,2025-03-30,East,Beauty,1,32.19,12.58,New Customer
102471,2025-03-30,West,Electronics,2,369.23,55.98,New Customer
102472,2025-03-30,North,Home & Kitchen,2,176.11,42.42,VIP
102473,2025-03-30,North,Sports & Outdoors,1,52.32,16.16,New Customer
102474,2025-03-30,North,Beauty,1,25.26,10.63,New Customer
102475,2025-03-30,East,Home & Kitchen,1,64.12,16.52,Returning Customer
102476,2025-03-30,East,Apparel,2,88.47,31.08,VIP
102477,2025-03-30,South,Beauty,1,35.65,14.82,New Customer
102478,2025-03-30,North,Electronics,1,171.23,29.25,New Customer
102479,2025-03-30,East,Electronics,2,155.13,26.94,New Customer
102480,2025-03-30,South,Electronics,2,306.32,55.41,New Customer
102481,2025-03-30,North,Apparel,1,56.87,20.26,Returning Customer
102482,2025-03-30,West,Electronics,2,330.19,62.2,Returning Customer
102483,2025-03-30,South,Electronics,1,189.92,30.76,Returning Customer
102484,2025-03-30,North,Sports & Outdoors,2,162.57,52.02,New Customer
102485,2025-03-30,South,Electronics,1,197.84,33.07,New Customer
102486,2025-03-30,East,Electronics,1,130.33,24.47,Returning Customer
102487,2025-03-30,East,Sports & Outdoors,2,118.54,34.94,New Customer
102488,2025-03-30,West,Electronics,1,242.54,57.86,New Customer
102489,2025-03-30,South,Home & Kitchen,2,150.47,36.6,VIP
102490,2025-03-30,North,Home & Kitchen,2,117.78,33.9,New Customer
102491,2025-03-30,North,Electronics,1,166.39,31.09,New Customer
102492,2025-03-30,West,Electronics,2,390.87,62.77,VIP
102493,2025-03-30,West,Electronics,2,110.57,18.59,New Customer
102494,2025-03-30,South,Sports & Outdoors,1,72.52,16.2,Returning Customer
102495,2025-03-30,South,Apparel,1,37.48,14.66,VIP
102496,2025-03-30,South,Apparel,1,48.3,16.24,New Customer
102497,2025-03-30,West,Home & Kitchen,2,159.26,40.92,Returning Customer
102498,2025-03-30,East,Electronics,2,367.01,83.06,New Customer
102499,2025-03-30,East,Apparel,1,53.6,20.27,New Customer
102500,2025-03-31,South,Beauty,1,36.11,14.69,VIP
102501,2025-03-31,North,Home & Kitchen,2,84.18,22.36,New Customer
102502,2025-03-31,East,Sports & Outdoors,1,56.06,18.31,VIP
102503,2025-03-31,North,Home & Kitchen,2,108.09,27.2,New Customer
102504,2025-03-31,North,Beauty,2,70.41,28.58,VIP
102505,2025-03-31,North,Home & Kitchen,1,87.5,23.43,VIP
102506,2025-03-31,East,Apparel,1,38.12,14.24,Returning Customer
102507,2025-03-31,North,Electronics,2,203.32,41.39,Returning Customer
102508,2025-03-31,West,Home & Kitchen,1,73.09,19.3,Returning Customer
102509,2025-03-31,East,Beauty,2,43.66,17.73,New Customer
102510,2025-03-31,East,Beauty,2,74.28,29.61,New Customer
102511,2025-03-31,South,Apparel,1,32.86,11.03,New Customer
102512,2025-03-31,East,Apparel,1,63.89,17.87,Returning Customer
102513,2025-03-31,East,Sports & Outdoors,1,54.65,16.52,Returning Customer
102514,2025-03-31,South,Sports & Outdoors,2,139.77,39.16,VIP
102515,2025-03-31,North,Home & Kitchen,1,56.76,17.47,Returning Customer
102516,2025-03-31,West,Beauty,2,58.45,23.29,VIP
102517,2025-03-31,West,Electronics,1,118.56,22.01,Returning Customer
102518,2025-03-31,North,Apparel,2,101.17,39.91,Returning Customer
102519,2025-03-31,East,Electronics,1,181.65,30.63,New Customer
102520,2025-03-31,North,Apparel,1,46.48,17.2,Returning Customer
102521,2025-03-31,East,Beauty,1,27.7,11.38,New Customer
102522,2025-03-31,South,Apparel,1,53.89,19.7,New Customer
102523,2025-04-01,East,Electronics,2,282.99,54.34,Returning Customer
102524,2025-04-01,West,Home & Kitchen,2,124.57,37.5,New Customer
102525,2025-04-01,West,Electronics,1,191.11,34.61,VIP
102526,2025-04-01,North,Beauty,1,31.25,12.03,Returning Customer
102527,2025-04-01,South,Electronics,1,117.1,14.51,VIP
102528,2025-04-01,North,Home & Kitchen,1,45.58,13.71,New Customer
102529,2025-04-01,South,Sports & Outdoors,1,27.57,8.47,New Customer
102530,2025-04-01,East,Apparel,1,58.2,19.46,Returning Customer
102531,2025-04-01,East,Home & Kitchen,1,88.66,24.81,Returning Customer
102532,2025-04-01,North,Apparel,1,34.0,10.72,New Customer
102533,2025-04-01,East,Home & Kitchen,1,58.91,16.57,New Customer
102534,2025-04-01,South,Electronics,2,161.32,27.77,New Customer
102535,2025-04-01,East,Electronics,1,190.15,29.82,New Customer
102536,2025-04-01,North,Home & Kitchen,2,156.06,36.7,VIP
102537,2025-04-01,East,Beauty,1,16.75,6.39,Returning Customer
102538,2025-04-01,West,Sports & Outdoors,2,107.91,32.63,Returning Customer
102539,2025-04-01,East,Apparel,1,47.79,16.59,VIP
102540,2025-04-01,North,Electronics,2,233.8,42.11,Returning Customer
102541,2025-04-01,West,Electronics,2,380.76,73.99,Returning Customer
102542,2025-04-01,South,Sports & Outdoors,1,61.23,20.34,VIP
102543,2025-04-01,East,Beauty,1,30.15,13.94,New Customer
102544,2025-04-01,East,Home & Kitchen,1,68.26,18.38,Returning Customer
102545,2025-04-01,West,Electronics,2,340.94,53.47,New Customer
102546,2025-04-01,North,Electronics,1,238.43,35.14,Returning Customer
102547,2025-04-01,North,Home & Kitchen,2,105.91,36.71,New Customer
102548,2025-04-01,South,Home & Kitchen,1,48.37,15.61,VIP
102549,2025-04-01,East,Beauty,2,60.61,22.71,Returning Customer
102550,2025-04-01,West,Electronics,1,193.93,38.07,Returning Customer
102551,2025-04-01,North,Electronics,1,153.61,31.7,VIP
102552,2025-04-02,North,Sports & Outdoors,1,58.95,17.05,Returning Customer
102553,2025-04-02,East,Apparel,1,28.98,9.96,New Customer
102554,2025-04-02,North,Home & Kitchen,1,103.49,31.63,New Customer
102555,2025-04-02,North,Electronics,2,257.17,57.65,VIP
102556,2025-04-02,East,Beauty,2,55.44,25.59,New Customer
102557,2025-04-02,North,Electronics,1,172.55,39.0,New Customer
102558,2025-04-02,East,Beauty,1,17.45,7.41,Returning Customer
102559,2025-04-02,North,Electronics,2,346.59,60.53,VIP
102560,2025-04-02,East,Beauty,1,35.04,14.91,New Customer
102561,2025-04-02,North,Home & Kitchen,2,109.08,30.46,Returning Customer
102562,2025-04-02,North,Sports & Outdoors,1,58.38,15.03,New Customer
102563,2025-04-02,North,Electronics,2,302.11,55.84,New Customer
102564,2025-04-02,North,Home & Kitchen,1,53.61,14.38,VIP
102565,2025-04-02,East,Electronics,2,342.63,63.23,New Customer
102566,2025-04-02,North,Home & Kitchen,2,152.16,47.36,Returning Customer
102567,2025-04-02,East,Home & Kitchen,2,157.38,52.96,VIP
102568,2025-04-02,West,Home & Kitchen,1,34.04,7.78,VIP
102569,2025-04-02,West,Beauty,1,40.62,16.81,New Customer
102570,2025-04-02,East,Apparel,1,31.54,8.74,VIP
102571,2025-04-02,East,Apparel,2,106.29,32.94,New Customer
102572,2025-04-02,South,Sports & Outdoors,2,135.06,39.86,New Customer
102573,2025-04-02,North,Sports & Outdoors,1,77.83,26.18,New Customer
102574,2025-04-02,South,Electronics,1,147.23,29.89,Returning Customer
102575,2025-04-02,North,Apparel,2,78.34,30.1,Returning Customer
102576,2025-04-02,North,Home & Kitchen,2,178.69,45.03,Returning Customer
102577,2025-04-02,East,Electronics,2,425.64,75.81,New Customer
102578,2025-04-02,South,Home & Kitchen,1,77.19,17.71,VIP
102579,2025-04-02,South,Beauty,1,19.91,8.55,VIP
102580,2025-04-02,South,Home & Kitchen,1,60.1,16.05,VIP
102581,2025-04-02,North,Home & Kitchen,2,87.56,27.04,Returning Customer
102582,2025-04-02,East,Electronics,2,353.04,88.7,New Customer
102583,2025-04-02,North,Apparel,1,52.98,18.44,New Customer
102584,2025-04-02,West,Electronics,1,143.92,26.31,VIP
102585,2025-04-03,North,Sports & Outdoors,1,40.86,12.85,VIP
102586,2025-04-03,East,Home & Kitchen,1,94.0,25.85,New Customer
102587,2025-04-03,North,Beauty,2,38.09,14.23,Returning Customer
102588,2025-04-03,East,Home & Kitchen,1,52.41,16.58,Returning Customer
102589,2025-04-03,South,Home & Kitchen,2,163.35,51.5,Returning Customer
102590,2025-04-03,North,Beauty,1,36.99,15.35,New Customer
102591,2025-04-03,South,Sports & Outdoors,1,68.55,20.33,Returning Customer
102592,2025-04-03,South,Sports & Outdoors,1,61.4,16.35,Returning Customer
102593,2025-04-03,East,Electronics,1,201.39,37.77,New Customer
102594,2025-04-03,North,Electronics,1,193.26,31.04,New Customer
102595,2025-04-03,South,Home & Kitchen,2,164.78,42.93,New Customer
102596,2025-04-03,North,Beauty,2,36.37,15.06,Returning Customer
102597,2025-04-03,North,Electronics,1,197.7,39.99,New Customer
102598,2025-04-03,East,Home & Kitchen,1,40.02,13.83,Returning Customer
102599,2025-04-03,North,Electronics,1,155.95,23.76,Returning Customer
102600,2025-04-03,East,Apparel,2,70.95,27.88,Returning Customer
102601,2025-04-03,East,Sports & Outdoors,1,42.93,12.02,New Customer
102602,2025-04-03,East,Beauty,1,26.45,10.79,New Customer
102603,2025-04-03,East,Electronics,1,189.11,32.99,Returning Customer
102604,2025-04-03,North,Home & Kitchen,1,79.56,22.63,Returning Customer
102605,2025-04-04,South,Apparel,1,73.36,28.68,Returning Customer
102606,2025-04-04,South,Electronics,1,145.87,21.97,VIP
102607,2025-04-04,South,Electronics,1,172.97,34.42,Returning Customer
102608,2025-04-04,West,Electronics,2,244.34,35.43,New Customer
102609,2025-04-04,East,Home & Kitchen,2,103.44,23.47,Returning Customer
102610,2025-04-04,South,Home & Kitchen,2,130.1,34.38,New Customer
102611,2025-04-04,North,Beauty,1,9.34,3.86,New Customer
102612,2025-04-04,North,Apparel,1,58.2,20.37,Returning Customer
102613,2025-04-04,North,Apparel,2,91.92,29.25,New Customer
102614,2025-04-04,North,Sports & Outdoors,2,86.37,24.03,New Customer
102615,2025-04-04,North,Sports & Outdoors,2,87.58,24.16,VIP
102616,2025-04-04,South,Electronics,2,221.98,36.0,Returning Customer
102617,2025-04-04,West,Beauty,2,73.88,26.17,New Customer
102618,2025-04-04,North,Sports & Outdoors,1,39.58,10.15,New Customer
102619,2025-04-04,South,Sports & Outdoors,1,49.49,13.96,VIP
102620,2025-04-04,South,Home & Kitchen,2,124.4,38.63,New Customer
102621,2025-04-04,East,Electronics,2,322.07,54.73,New Customer
102622,2025-04-04,West,Sports & Outdoors,1,37.86,10.06,New Customer
102623,2025-04-04,West,Beauty,2,59.14,25.61,Returning Customer
102624,2025-04-04,North,Electronics,2,421.62,49.16,Returning Customer
102625,2025-04-04,South,Home & Kitchen,2,71.36,22.86,New Customer
102626,2025-04-04,South,Sports & Outdoors,2,144.43,42.8,New Customer
102627,2025-04-04,North,Home & Kitchen,1,72.07,23.61,New Customer
102628,2025-04-04,North,Home & Kitchen,1,103.0,30.97,New Customer
102629,2025-04-04,West,Home & Kitchen,2,138.9,35.47,Returning Customer
102630,2025-04-04,West,Beauty,2,49.23,20.63,VIP
102631,2025-04-04,North,Apparel,1,37.97,14.49,VIP
102632,2025-04-04,East,Home & Kitchen,1,69.74,19.58,Returning Customer
102633,2025-04-04,West,Sports & Outdoors,1,52.01,14.22,Returning Customer
102634,2025-04-05,North,Electronics,2,229.49,39.92,VIP
102635,2025-04-05,South,Beauty,1,17.12,6.72,New Customer
102636,2025-04-05,North,Home & Kitchen,2,118.3,36.44,Returning Customer
102637,2025-04-05,West,Electronics,2,306.78,65.44,VIP
102638,2025-04-05,North,Beauty,1,25.2,10.54,New Customer
102639,2025-04-05,North,Electronics,2,520.89,63.42,Returning Customer
102640,2025-04-05,West,Electronics,2,351.31,61.32,Returning Customer
102641,2025-04-05,West,Beauty,2,66.05,23.73,Returning Customer
102642,2025-04-05,South,Sports & Outdoors,2,66.41,20.63,New Customer
102643,2025-04-05,West,Beauty,1,27.59,10.63,Returning Customer
102644,2025-04-05,East,Sports & Outdoors,1,77.73,25.25,New Customer
102645,2025-04-05,West,Sports & Outdoors,1,44.38,12.69,Returning Customer
102646,2025-04-05,East,Home & Kitchen,2,118.52,33.3,Returning Customer
102647,2025-04-05,South,Apparel,2,106.36,40.1,Returning Customer
102648,2025-04-05,East,Electronics,2,244.71,36.68,New Customer
102649,2025-04-05,West,Home & Kitchen,2,124.72,35.82,Returning Customer
102650,2025-04-05,East,Home & Kitchen,1,62.98,19.27,Returning Customer
102651,2025-04-05,West,Sports & Outdoors,1,41.5,12.3,Returning Customer
102652,2025-04-05,South,Electronics,1,174.49,26.24,New Customer
102653,2025-04-05,West,Sports & Outdoors,2,124.18,37.4,New Customer
102654,2025-04-05,North,Sports & Outdoors,2,69.92,25.26,New Customer
102655,2025-04-05,North,Electronics,2,541.92,109.57,New Customer
102656,2025-04-05,North,Electronics,1,175.96,38.34,VIP
102657,2025-04-05,South,Home & Kitchen,1,47.77,12.07,New Customer
102658,2025-04-05,West,Home & Kitchen,1,41.71,14.42,Returning Customer
102659,2025-04-05,North,Beauty,2,60.87,26.88,New Customer
102660,2025-04-05,North,Apparel,1,54.13,22.18,New Customer
102661,2025-04-05,West,Home & Kitchen,2,136.19,39.27,Returning Customer
102662,2025-04-05,North,Apparel,1,52.89,19.66,New Customer
102663,2025-04-05,West,Sports & Outdoors,2,69.81,22.37,New Customer
102664,2025-04-05,South,Home & Kitchen,2,129.82,32.64,Returning Customer
102665,2025-04-05,South,Home & Kitchen,2,130.45,32.36,VIP
102666,2025-04-05,East,Home & Kitchen,1,68.22,14.94,New Customer
102667,2025-04-05,West,Electronics,1,212.39,37.93,Returning Customer
102668,2025-04-05,West,Home & Kitchen,2,161.7,40.43,Returning Customer
102669,2025-04-05,North,Sports & Outdoors,2,140.83,44.99,VIP
102670,2025-04-06,West,Apparel,2,68.39,20.34,New Customer
102671,2025-04-06,North,Electronics,2,461.44,71.71,New Customer
102672,2025-04-06,East,Home & Kitchen,1,44.91,13.1,Returning Customer
102673,2025-04-06,West,Home & Kitchen,2,133.27,37.78,New Customer
102674,2025-04-06,East,Sports & Outdoors,1,47.5,14.94,New Customer
102675,2025-04-06,East,Electronics,1,215.17,40.17,Returning Customer
102676,2025-04-06,East,Home & Kitchen,2,117.35,33.22,New Customer
102677,2025-04-06,South,Electronics,1,146.97,29.71,VIP
102678,2025-04-06,North,Electronics,2,554.15,100.36,New Customer
102679,2025-04-06,East,Apparel,1,40.96,14.02,Returning Customer
102680,2025-04-06,South,Beauty,1,22.91,9.2,Returning Customer
102681,2025-04-06,South,Beauty,2,48.03,20.96,New Customer
102682,2025-04-06,West,Apparel,2,97.36,34.53,New Customer
102683,2025-04-06,East,Beauty,2,59.06,23.28,New Customer
102684,2025-04-06,West,Beauty,2,68.69,30.57,Returning Customer
102685,2025-04-06,South,Home & Kitchen,2,106.83,31.68,New Customer
102686,2025-04-06,South,Home & Kitchen,2,141.99,39.81,New Customer
102687,2025-04-06,East,Apparel,2,102.17,37.26,New Customer
102688,2025-04-06,South,Beauty,1,39.24,15.14,New Customer
102689,2025-04-06,South,Electronics,1,131.06,17.62,VIP
102690,2025-04-06,North,Apparel,1,44.28,13.89,Returning Customer
102691,2025-04-06,West,Electronics,1,130.77,23.03,Returning Customer
102692,2025-04-06,East,Home & Kitchen,1,45.94,14.66,New Customer
102693,2025-04-06,North,Apparel,1,30.99,10.76,New Customer
102694,2025-04-06,West,Apparel,2,120.3,43.45,Returning Customer
102695,2025-04-06,South,Beauty,1,12.49,5.42,New Customer
102696,2025-04-06,East,Electronics,1,239.16,49.94,Returning Customer
102697,2025-04-06,East,Apparel,1,61.71,20.55,VIP
102698,2025-04-06,South,Apparel,2,134.63,48.06,New Customer
102699,2025-04-06,East,Apparel,2,120.74,40.63,VIP
102700,2025-04-06,South,Home & Kitchen,1,85.68,26.69,Returning Customer
102701,2025-04-07,South,Electronics,2,326.74,66.64,New Customer
102702,2025-04-07,North,Apparel,2,85.79,32.17,VIP
102703,2025-04-07,North,Electronics,2,291.25,56.67,VIP
102704,2025-04-07,East,Electronics,2,334.62,61.31,VIP
102705,2025-04-07,North,Home & Kitchen,2,155.03,55.27,Returning Customer
102706,2025-04-07,East,Apparel,1,35.68,10.93,Returning Customer
102707,2025-04-07,North,Electronics,2,356.51,74.72,VIP
102708,2025-04-07,South,Beauty,2,28.36,10.94,Returning Customer
102709,2025-04-07,West,Apparel,2,101.38,35.88,New Customer
102710,2025-04-07,East,Sports & Outdoors,2,87.57,25.35,New Customer
102711,2025-04-07,West,Apparel,1,42.94,16.83,New Customer
102712,2025-04-07,West,Home & Kitchen,1,45.89,12.0,New Customer
102713,2025-04-07,West,Apparel,2,34.4,10.22,Returning Customer
102714,2025-04-07,North,Home & Kitchen,2,110.92,32.16,New Customer
102715,2025-04-07,West,Beauty,1,31.34,13.07,Returning Customer
102716,2025-04-07,East,Sports & Outdoors,2,70.08,23.2,New Customer
102717,2025-04-07,South,Home & Kitchen,2,129.13,37.92,New Customer
102718,2025-04-07,South,Apparel,2,96.34,38.28,Returning Customer
102719,2025-04-07,South,Sports & Outdoors,1,27.36,8.47,Returning Customer
102720,2025-04-07,North,Electronics,2,467.18,64.52,Returning Customer
102721,2025-04-07,West,Home & Kitchen,1,72.78,18.87,VIP
102722,2025-04-07,North,Apparel,1,33.83,11.28,VIP
102723,2025-04-07,East,Electronics,2,456.85,69.24,New Customer
102724,2025-04-07,East,Electronics,2,540.01,105.55,Returning Customer
102725,2025-04-07,South,Beauty,2,71.91,29.76,Returning Customer
102726,2025-04-07,East,Sports & Outdoors,2,87.93,31.5,Returning Customer
102727,2025-04-07,North,Electronics,1,133.0,28.03,New Customer
102728,2025-04-07,North,Electronics,2,555.06,118.24,VIP
102729,2025-04-07,North,Home & Kitchen,2,50.58,12.8,Returning Customer
102730,2025-04-07,North,Apparel,2,77.7,24.89,New Customer
102731,2025-04-07,West,Home & Kitchen,1,54.37,14.48,New Customer
102732,2025-04-08,East,Beauty,2,46.28,18.82,Returning Customer
102733,2025-04-08,South,Electronics,1,241.59,40.6,New Customer
102734,2025-04-08,West,Beauty,1,18.68,8.37,VIP
102735,2025-04-08,South,Apparel,1,40.96,14.9,New Customer
102736,2025-04-08,North,Sports & Outdoors,1,54.19,15.82,VIP
102737,2025-04-08,West,Apparel,2,79.11,32.18,Returning Customer
102738,2025-04-08,North,Beauty,2,60.9,27.22,New Customer
102739,2025-04-08,North,Home & Kitchen,2,124.87,40.4,Returning Customer
102740,2025-04-08,East,Home & Kitchen,1,75.53,24.34,Returning Customer
102741,2025-04-08,East,Apparel,2,98.51,33.36,Returning Customer
102742,2025-04-08,West,Home & Kitchen,2,100.61,25.71,New Customer
102743,2025-04-08,East,Home & Kitchen,2,160.12,53.71,New Customer
102744,2025-04-08,North,Apparel,1,59.14,22.69,Returning Customer
102745,2025-04-08,East,Electronics,2,349.08,47.66,Returning Customer
102746,2025-04-08,North,Home & Kitchen,2,115.96,40.96,Returning Customer
102747,2025-04-08,South,Apparel,2,101.74,34.95,Returning Customer
102748,2025-04-08,North,Apparel,2,48.35,16.07,New Customer
102749,2025-04-08,East,Beauty,1,31.51,12.74,Returning Customer
102750,2025-04-08,West,Apparel,1,38.13,13.47,New Customer
102751,2025-04-08,East,Beauty,1,31.82,12.77,New Customer
102752,2025-04-08,West,Apparel,1,45.8,16.17,VIP
102753,2025-04-08,North,Home & Kitchen,2,136.97,39.44,New Customer
102754,2025-04-08,South,Beauty,1,35.4,16.39,Returning Customer
102755,2025-04-08,West,Apparel,1,63.68,22.01,Returning Customer
102756,2025-04-08,South,Apparel,1,46.61,14.23,New Customer
102757,2025-04-08,East,Home & Kitchen,2,151.43,38.2,New Customer
102758,2025-04-08,West,Sports & Outdoors,1,64.7,19.91,New Customer
102759,2025-04-08,South,Apparel,1,35.06,12.86,New Customer
102760,2025-04-08,North,Home & Kitchen,1,80.14,23.11,VIP
102761,2025-04-09,West,Home & Kitchen,2,79.37,23.91,New Customer
102762,2025-04-09,North,Apparel,2,131.74,47.6,VIP
102763,2025-04-09,West,Sports & Outdoors,1,48.49,16.0,New Customer
102764,2025-04-09,East,Sports & Outdoors,2,126.77,39.1,New Customer
102765,2025-04-09,East,Electronics,1,214.63,59.47,Returning Customer
102766,2025-04-09,South,Electronics,2,332.17,57.39,Returning Customer
102767,2025-04-09,North,Home & Kitchen,2,121.45,35.8,VIP
102768,2025-04-09,East,Beauty,1,29.78,11.6,Returning Customer
102769,2025-04-09,North,Beauty,2,53.4,21.39,New Customer
102770,2025-04-09,East,Electronics,2,262.65,35.44,VIP
102771,2025-04-09,North,Home & Kitchen,1,60.37,19.08,VIP
102772,2025-04-09,North,Home & Kitchen,1,57.89,13.17,New Customer
102773,2025-04-09,North,Apparel,2,90.57,34.46,Returning Customer
102774,2025-04-09,North,Home & Kitchen,1,76.09,21.97,New Customer
102775,2025-04-09,West,Home & Kitchen,2,116.64,33.96,New Customer
102776,2025-04-09,East,Sports & Outdoors,1,63.16,20.39,Returning Customer
102777,2025-04-09,East,Apparel,2,109.35,39.44,VIP
102778,2025-04-09,South,Beauty,2,70.05,32.08,New Customer
102779,2025-04-09,South,Sports & Outdoors,2,98.02,26.22,Returning Customer
102780,2025-04-09,North,Sports & Outdoors,1,53.7,16.63,New Customer
102781,2025-04-09,West,Electronics,2,361.69,58.93,New Customer
102782,2025-04-09,North,Sports & Outdoors,1,41.63,13.07,Returning Customer
102783,2025-04-09,East,Apparel,2,75.69,25.34,New Customer
102784,2025-04-09,North,Apparel,2,53.91,18.39,New Customer
102785,2025-04-09,West,Apparel,1,44.41,16.13,VIP
102786,2025-04-09,North,Beauty,1,26.43,10.6,VIP
102787,2025-04-09,North,Home & Kitchen,2,72.8,20.79,VIP
102788,2025-04-09,South,Home & Kitchen,1,68.31,20.72,Returning Customer
102789,2025-04-09,East,Home & Kitchen,1,83.14,20.64,New Customer
102790,2025-04-10,West,Electronics,2,393.55,72.82,New Customer
102791,2025-04-10,East,Electronics,1,120.71,17.69,VIP
102792,2025-04-10,North,Electronics,2,318.6,64.86,New Customer
102793,2025-04-10,North,Apparel,2,59.03,21.8,VIP
102794,2025-04-10,North,Electronics,1,112.27,16.81,Returning Customer
102795,2025-04-10,East,Home & Kitchen,1,88.52,31.08,Returning Customer
102796,2025-04-10,South,Electronics,2,343.67,72.97,New Customer
102797,2025-04-10,West,Home & Kitchen,1,50.77,13.97,VIP
102798,2025-04-10,South,Home & Kitchen,1,54.86,14.9,Returning Customer
102799,2025-04-10,East,Apparel,1,36.94,13.59,New Customer
102800,2025-04-10,North,Home & Kitchen,1,74.39,23.25,New Customer
102801,2025-04-10,South,Apparel,1,50.33,18.45,New Customer
102802,2025-04-10,North,Home & Kitchen,2,132.03,38.31,Returning Customer
102803,2025-04-10,East,Electronics,1,209.53,31.53,New Customer
102804,2025-04-10,North,Electronics,2,379.4,56.05,New Customer
102805,2025-04-10,North,Electronics,2,526.54,66.12,New Customer
102806,2025-04-10,West,Home & Kitchen,1,76.33,18.84,VIP
102807,2025-04-10,North,Beauty,1,31.53,13.32,New Customer
102808,2025-04-10,North,Electronics,1,275.16,57.75,New Customer
102809,2025-04-10,East,Electronics,1,187.29,41.07,New Customer
102810,2025-04-10,South,Electronics,2,489.61,93.31,Returning Customer
102811,2025-04-10,North,Home & Kitchen,1,37.56,9.83,Returning Customer
102812,2025-04-10,West,Apparel,1,36.98,11.66,New Customer
102813,2025-04-10,West,Beauty,1,21.1,8.32,Returning Customer
102814,2025-04-10,South,Electronics,2,429.04,84.15,Returning Customer
102815,2025-04-10,East,Apparel,2,128.71,46.72,New Customer
102816,2025-04-10,North,Electronics,1,139.45,22.07,Returning Customer
102817,2025-04-10,North,Beauty,2,65.52,29.4,New Customer
102818,2025-04-10,South,Home & Kitchen,2,106.44,32.06,Returning Customer
102819,2025-04-10,North,Sports & Outdoors,1,51.53,15.63,New Customer
102820,2025-04-11,South,Sports & Outdoors,2,142.97,46.64,New Customer
102821,2025-04-11,South,Electronics,2,200.92,40.08,New Customer
102822,2025-04-11,East,Apparel,1,49.39,18.95,Returning Customer
102823,2025-04-11,North,Home & Kitchen,2,96.5,28.11,New Customer
102824,2025-04-11,East,Apparel,1,39.19,11.8,New Customer
102825,2025-04-11,North,Electronics,1,227.18,44.72,Returning Customer
102826,2025-04-11,East,Apparel,2,91.15,32.37,Returning Customer
102827,2025-04-11,South,Electronics,1,136.56,22.05,New Customer
102828,2025-04-11,South,Apparel,2,69.7,27.17,Returning Customer
102829,2025-04-11,North,Apparel,2,78.39,26.39,Returning Customer
102830,2025-04-11,East,Sports & Outdoors,1,14.18,4.83,Returning Customer
102831,2025-04-11,West,Beauty,1,22.29,9.89,New Customer
102832,2025-04-11,West,Apparel,1,42.14,14.65,Returning Customer
102833,2025-04-11,West,Home & Kitchen,2,104.48,29.61,VIP
102834,2025-04-11,East,Sports & Outdoors,1,79.98,27.23,Returning Customer
102835,2025-04-11,East,Beauty,1,31.01,14.6,Returning Customer
102836,2025-04-11,North,Electronics,2,362.95,48.48,Returning Customer
102837,2025-04-11,North,Beauty,1,25.98,11.24,Returning Customer
102838,2025-04-11,North,Apparel,2,122.36,44.05,New Customer
102839,2025-04-11,West,Beauty,2,73.59,30.76,Returning Customer
102840,2025-04-11,East,Home & Kitchen,1,55.96,14.22,Returning Customer
102841,2025-04-11,South,Apparel,2,115.66,41.48,Returning Customer
102842,2025-04-11,South,Electronics,2,511.02,93.63,New Customer
102843,2025-04-11,North,Apparel,2,82.86,27.68,New Customer
102844,2025-04-11,South,Apparel,2,107.29,34.52,Returning Customer
102845,2025-04-11,South,Beauty,2,36.23,15.05,Returning Customer
102846,2025-04-11,North,Electronics,2,490.04,96.73,Returning Customer
102847,2025-04-11,East,Electronics,2,215.14,43.64,New Customer
102848,2025-04-11,East,Apparel,2,104.16,31.37,Returning Customer
102849,2025-04-11,East,Apparel,2,122.98,51.43,Returning Customer
102850,2025-04-11,North,Home & Kitchen,1,59.25,16.74,Returning Customer
102851,2025-04-11,West,Home & Kitchen,2,58.97,16.04,Returning Customer
102852,2025-04-11,North,Apparel,1,35.84,11.85,New Customer
102853,2025-04-11,East,Home & Kitchen,1,76.0,18.93,Returning Customer
102854,2025-04-11,South,Apparel,1,35.42,12.71,Returning Customer
102855,2025-04-11,East,Home & Kitchen,2,68.96,14.36,VIP
102856,2025-04-12,East,Electronics,2,362.23,65.02,New Customer
102857,2025-04-12,West,Sports & Outdoors,2,85.17,27.69,New Customer
102858,2025-04-12,West,Electronics,2,431.97,70.15,New Customer
102859,2025-04-12,South,Sports & Outdoors,2,98.25,27.52,New Customer
102860,2025-04-12,East,Electronics,1,206.57,45.31,Returning Customer
102861,2025-04-12,East,Electronics,1,157.5,28.78,Returning Customer
102862,2025-04-12,North,Apparel,1,62.0,19.26,New Customer
102863,2025-04-12,West,Home & Kitchen,1,95.52,25.28,Returning Customer
102864,2025-04-12,South,Electronics,2,270.17,48.42,Returning Customer
102865,2025-04-12,North,Apparel,2,113.47,32.53,New Customer
102866,2025-04-12,South,Apparel,2,139.96,51.53,VIP
102867,2025-04-12,North,Apparel,1,34.83,13.38,Returning Customer
102868,2025-04-12,North,Home & Kitchen,1,71.14,19.5,VIP
102869,2025-04-12,East,Electronics,1,214.52,34.65,Returning Customer
102870,2025-04-12,East,Sports & Outdoors,2,162.27,50.34,VIP
102871,2025-04-12,North,Electronics,2,422.49,89.32,Returning Customer
102872,2025-04-12,South,Electronics,1,186.45,26.81,New Customer
102873,2025-04-12,South,Home & Kitchen,1,80.71,19.28,Returning Customer
102874,2025-04-12,South,Electronics,2,567.69,89.52,Returning Customer
102875,2025-04-12,North,Sports & Outdoors,1,52.68,15.61,New Customer
102876,2025-04-12,West,Home & Kitchen,1,64.45,17.82,VIP
102877,2025-04-12,East,Electronics,1,222.51,42.01,Returning Customer
102878,2025-04-12,South,Sports & Outdoors,2,150.79,33.45,VIP
102879,2025-04-12,West,Sports & Outdoors,2,119.91,40.58,Returning Customer
102880,2025-04-12,South,Beauty,1,30.64,12.68,New Customer
102881,2025-04-12,East,Home & Kitchen,2,69.64,25.15,New Customer
102882,2025-04-12,North,Sports & Outdoors,1,56.16,15.52,Returning Customer
102883,2025-04-12,West,Beauty,1,38.99,15.39,New Customer
102884,2025-04-12,South,Home & Kitchen,2,185.78,54.38,VIP
102885,2025-04-12,West,Apparel,2,68.15,25.44,Returning Customer
102886,2025-04-12,East,Apparel,2,86.65,31.58,Returning Customer
102887,2025-04-12,East,Home & Kitchen,1,64.67,16.39,Returning Customer
102888,2025-04-12,North,Electronics,1,78.7,16.94,New Customer
102889,2025-04-12,South,Beauty,2,79.9,39.59,Returning Customer
102890,2025-04-12,West,Sports & Outdoors,1,64.27,22.2,Returning Customer
102891,2025-04-12,West,Beauty,2,57.92,23.35,New Customer
102892,2025-04-12,North,Apparel,2,90.2,36.33,New Customer
102893,2025-04-12,North,Beauty,2,69.63,29.88,New Customer
102894,2025-04-12,West,Sports & Outdoors,2,133.5,37.39,New Customer
102895,2025-04-12,North,Beauty,2,54.89,22.6,Returning Customer
102896,2025-04-13,North,Beauty,1,23.1,9.58,Returning Customer
102897,2025-04-13,South,Apparel,1,60.44,19.76,Returning Customer
102898,2025-04-13,North,Home & Kitchen,1,91.39,20.24,VIP
102899,2025-04-13,North,Electronics,2,302.0,46.96,Returning Customer
102900,2025-04-13,West,Home & Kitchen,2,141.87,42.08,Returning Customer
102901,2025-04-13,South,Home & Kitchen,1,62.74,15.55,New Customer
102902,2025-04-13,North,Beauty,1,29.28,10.72,New Customer
102903,2025-04-13,North,Sports & Outdoors,2,92.85,30.29,Returning Customer
102904,2025-04-13,North,Electronics,2,332.64,61.32,VIP
102905,2025-04-13,North,Sports & Outdoors,1,51.35,15.86,VIP
102906,2025-04-13,East,Beauty,1,47.15,20.61,New Customer
102907,2025-04-13,East,Home & Kitchen,1,60.26,18.54,Returning Customer
102908,2025-04-13,West,Electronics,1,182.61,22.93,Returning Customer
102909,2025-04-13,East,Electronics,2,368.33,87.48,New Customer
102910,2025-04-13,North,Electronics,2,337.11,68.13,New Customer
102911,2025-04-13,East,Electronics,1,158.56,38.47,New Customer
102912,2025-04-13,South,Electronics,2,321.31,71.6,VIP
102913,2025-04-13,East,Electronics,1,155.6,25.45,VIP
102914,2025-04-13,North,Beauty,2,42.88,16.3,New Customer
102915,2025-04-13,South,Electronics,2,332.44,73.78,New Customer
102916,2025-04-13,South,Apparel,2,93.01,29.35,Returning Customer
102917,2025-04-13,South,Home & Kitchen,1,55.93,18.09,New Customer
102918,2025-04-13,South,Home & Kitchen,2,89.59,22.25,New Customer
102919,2025-04-13,North,Home & Kitchen,2,99.03,30.49,Returning Customer
102920,2025-04-13,West,Beauty,2,42.47,17.57,New Customer
102921,2025-04-13,East,Home & Kitchen,1,76.83,22.73,VIP
102922,2025-04-13,East,Beauty,2,73.14,29.88,Returning Customer
102923,2025-04-14,North,Sports & Outdoors,1,46.61,15.07,Returning Customer
102924,2025-04-14,South,Home & Kitchen,1,34.89,11.61,New Customer
102925,2025-04-14,North,Apparel,2,83.91,30.11,New Customer
102926,2025-04-14,South,Beauty,2,77.09,30.7,VIP
102927,2025-04-14,North,Apparel,1,42.95,15.43,Returning Customer
102928,2025-04-14,North,Home & Kitchen,1,41.6,11.39,Returning Customer
102929,2025-04-14,North,Electronics,2,353.58,67.55,New Customer
102930,2025-04-14,North,Apparel,2,80.25,29.43,Returning Customer
102931,2025-04-14,North,Home & Kitchen,2,158.02,41.13,New Customer
102932,2025-04-14,West,Sports & Outdoors,2,76.72,24.62,New Customer
102933,2025-04-14,North,Apparel,2,59.14,20.13,Returning Customer
102934,2025-04-14,North,Electronics,2,352.95,65.97,VIP
102935,2025-04-14,North,Apparel,2,110.31,39.61,Returning Customer
102936,2025-04-14,North,Apparel,1,35.11,12.21,VIP
102937,2025-04-14,East,Home & Kitchen,2,161.7,47.12,VIP
102938,2025-04-14,North,Home & Kitchen,2,122.33,32.45,Returning Customer
102939,2025-04-14,South,Electronics,1,137.03,24.43,New Customer
102940,2025-04-14,North,Electronics,1,177.12,22.73,New Customer
102941,2025-04-14,North,Beauty,1,24.68,9.66,VIP
102942,2025-04-14,East,Apparel,1,60.29,19.26,VIP
102943,2025-04-14,East,Electronics,2,343.85,69.23,Returning Customer
102944,2025-04-14,West,Home & Kitchen,2,155.95,42.56,New Customer
102945,2025-04-14,South,Sports & Outdoors,2,105.33,32.74,New Customer
102946,2025-04-14,North,Electronics,2,465.05,76.86,New Customer
102947,2025-04-14,West,Electronics,1,198.63,38.91,New Customer
102948,2025-04-14,South,Apparel,2,87.19,29.1,VIP
102949,2025-04-14,East,Apparel,2,79.11,27.76,New Customer
102950,2025-04-14,East,Beauty,2,37.87,17.56,Returning Customer
102951,2025-04-14,East,Apparel,1,54.86,20.22,VIP
102952,2025-04-14,North,Sports & Outdoors,1,44.64,13.47,New Customer
102953,2025-04-14,West,Beauty,1,21.85,8.71,New Customer
102954,2025-04-14,South,Apparel,1,41.37,15.87,Returning Customer
102955,2025-04-14,North,Electronics,1,200.55,31.26,New Customer
102956,2025-04-14,South,Electronics,1,168.71,23.79,Returning Customer
102957,2025-04-15,East,Electronics,1,167.17,28.58,New Customer
102958,2025-04-15,South,Electronics,1,212.2,35.69,New Customer
102959,2025-04-15,East,Beauty,1,31.01,11.89,Returning Customer
102960,2025-04-15,South,Electronics,1,209.28,40.02,New Customer
102961,2025-04-15,South,Sports & Outdoors,2,106.32,23.86,Returning Customer
102962,2025-04-15,South,Home & Kitchen,2,141.35,38.43,Returning Customer
102963,2025-04-15,West,Apparel,2,76.66,26.17,New Customer
102964,2025-04-15,North,Sports & Outdoors,1,53.35,17.59,Returning Customer
102965,2025-04-15,West,Home & Kitchen,2,90.58,27.69,New Customer
102966,2025-04-15,East,Electronics,2,527.92,89.92,Returning Customer
102967,2025-04-15,East,Home & Kitchen,2,143.2,39.56,VIP
102968,2025-04-15,West,Electronics,2,403.25,78.15,Returning Customer
102969,2025-04-15,North,Home & Kitchen,2,139.1,33.02,Returning Customer
102970,2025-04-15,North,Electronics,2,495.73,96.84,New Customer
102971,2025-04-15,East,Home & Kitchen,1,91.59,23.92,VIP
102972,2025-04-15,North,Electronics,1,154.69,27.14,Returning Customer
102973,2025-04-15,South,Apparel,1,54.26,18.73,New Customer
102974,2025-04-15,East,Apparel,1,45.76,16.61,New Customer
102975,2025-04-15,South,Home & Kitchen,2,110.68,21.81,New Customer
102976,2025-04-15,South,Apparel,2,66.0,23.57,New Customer
102977,2025-04-15,South,Home & Kitchen,2,184.01,51.74,New Customer
102978,2025-04-15,North,Beauty,2,56.38,22.63,New Customer
102979,2025-04-15,North,Apparel,2,95.54,34.22,New Customer
102980,2025-04-15,East,Home & Kitchen,2,77.83,24.81,New Customer
102981,2025-04-15,East,Sports & Outdoors,2,119.71,40.5,Returning Customer
102982,2025-04-15,East,Electronics,1,240.03,38.07,VIP
102983,2025-04-15,West,Electronics,2,335.16,53.51,New Customer
102984,2025-04-16,East,Home & Kitchen,2,165.67,39.1,Returning Customer
102985,2025-04-16,East,Sports & Outdoors,1,41.79,11.77,VIP
102986,2025-04-16,North,Electronics,1,227.57,36.21,Returning Customer
102987,2025-04-16,East,Beauty,1,35.8,16.53,VIP
102988,2025-04-16,West,Apparel,1,56.57,17.93,VIP
102989,2025-04-16,North,Electronics,2,475.03,81.48,Returning Customer
102990,2025-04-16,East,Electronics,1,152.4,25.88,New Customer
102991,2025-04-16,East,Electronics,1,175.38,25.93,New Customer
102992,2025-04-16,East,Sports & Outdoors,1,75.71,23.49,Returning Customer
102993,2025-04-16,East,Apparel,2,87.66,28.08,Returning Customer
102994,2025-04-16,South,Electronics,1,254.84,50.0,Returning Customer
102995,2025-04-16,West,Apparel,2,114.03,41.96,New Customer
102996,2025-04-16,North,Electronics,2,275.86,61.49,Returning Customer
102997,2025-04-16,West,Beauty,2,65.09,25.29,New Customer
102998,2025-04-16,North,Apparel,1,49.22,15.34,Returning Customer
102999,2025-04-16,South,Electronics,2,330.92,67.91,VIP
103000,2025-04-16,South,Electronics,1,167.15,27.33,Returning Customer
103001,2025-04-16,North,Home & Kitchen,1,60.97,14.53,VIP
103002,2025-04-16,East,Beauty,2,49.84,19.72,Returning Customer
103003,2025-04-16,South,Apparel,1,31.0,10.58,Returning Customer
103004,2025-04-16,North,Home & Kitchen,2,101.16,28.42,Returning Customer
103005,2025-04-16,North,Apparel,1,37.02,13.72,New Customer
103006,2025-04-16,East,Home & Kitchen,1,64.16,16.28,VIP
103007,2025-04-16,East,Electronics,1,115.58,22.18,New Customer
103008,2025-04-16,East,Electronics,2,472.37,82.97,Returning Customer
103009,2025-04-16,North,Sports & Outdoors,1,66.45,24.12,Returning Customer
103010,2025-04-16,East,Apparel,2,131.01,42.13,Returning Customer
103011,2025-04-16,East,Apparel,1,39.75,11.75,New Customer
103012,2025-04-16,North,Apparel,2,79.27,26.28,Returning Customer
103013,2025-04-16,East,Electronics,1,203.77,38.65,New Customer
103014,2025-04-16,North,Apparel,1,45.06,17.84,New Customer
103015,2025-04-16,South,Apparel,1,42.39,14.61,Returning Customer
103016,2025-04-16,East,Beauty,1,28.21,13.19,VIP
103017,2025-04-16,East,Beauty,2,46.32,22.06,New Customer
103018,2025-04-17,South,Home & Kitchen,2,130.42,31.95,New Customer
103019,2025-04-17,North,Electronics,1,219.4,39.43,Returning Customer
103020,2025-04-17,North,Electronics,1,128.44,18.33,VIP
103021,2025-04-17,East,Home & Kitchen,2,127.38,31.4,New Customer
103022,2025-04-17,West,Electronics,1,235.06,51.72,New Customer
103023,2025-04-17,North,Sports & Outdoors,2,103.98,31.29,New Customer
103024,2025-04-17,East,Electronics,1,146.55,28.65,VIP
103025,2025-04-17,North,Apparel,2,114.94,36.34,Returning Customer
103026,2025-04-17,South,Home & Kitchen,1,65.63,18.79,New Customer
103027,2025-04-17,North,Sports & Outdoors,2,90.67,26.61,VIP
103028,2025-04-17,East,Electronics,1,176.5,32.37,VIP
103029,2025-04-17,East,Sports & Outdoors,1,66.63,23.0,VIP
103030,2025-04-17,North,Sports & Outdoors,1,31.87,10.82,New Customer
103031,2025-04-17,North,Sports & Outdoors,2,114.01,29.96,Returning Customer
103032,2025-04-17,North,Apparel,1,34.02,14.16,Returning Customer
103033,2025-04-17,South,Electronics,2,413.68,77.56,New Customer
103034,2025-04-17,West,Apparel,1,42.52,13.15,New Customer
103035,2025-04-18,North,Beauty,2,57.27,24.4,VIP
103036,2025-04-18,South,Home & Kitchen,2,145.12,45.93,New Customer
103037,2025-04-18,South,Beauty,2,61.47,24.81,VIP
103038,2025-04-18,East,Home & Kitchen,2,135.27,41.38,Returning Customer
103039,2025-04-18,North,Home & Kitchen,1,95.3,25.85,VIP
103040,2025-04-18,East,Beauty,2,37.26,15.47,New Customer
103041,2025-04-18,East,Apparel,1,35.81,11.83,Returning Customer
103042,2025-04-18,North,Apparel,2,66.65,26.28,Returning Customer
103043,2025-04-18,South,Home & Kitchen,1,69.33,19.3,New Customer
103044,2025-04-18,East,Electronics,1,221.71,39.32,VIP
103045,2025-04-18,West,Apparel,2,64.25,22.08,New Customer
103046,2025-04-18,East,Beauty,2,64.35,26.93,New Customer
103047,2025-04-18,West,Electronics,2,334.07,49.4,VIP
103048,2025-04-18,North,Beauty,1,25.79,11.3,Returning Customer
103049,2025-04-18,East,Sports & Outdoors,2,159.53,49.85,New Customer
103050,2025-04-18,West,Home & Kitchen,2,24.36,8.36,New Customer
103051,2025-04-18,West,Electronics,2,384.03,74.65,Returning Customer
103052,2025-04-18,East,Apparel,2,97.51,35.62,Returning Customer
103053,2025-04-18,East,Apparel,1,48.7,18.43,Returning Customer
103054,2025-04-18,North,Electronics,1,161.99,38.35,New Customer
103055,2025-04-18,South,Apparel,2,111.4,34.4,New Customer
103056,2025-04-18,South,Electronics,2,466.45,95.2,New Customer
103057,2025-04-18,North,Electronics,2,390.51,89.91,New Customer
103058,2025-04-18,North,Electronics,2,263.63,55.09,New Customer
103059,2025-04-18,East,Electronics,2,356.39,38.05,Returning Customer
103060,2025-04-18,North,Apparel,1,54.11,19.03,New Customer
103061,2025-04-18,East,Apparel,2,128.57,43.98,New Customer
103062,2025-04-18,West,Home & Kitchen,2,181.66,58.42,Returning Customer
103063,2025-04-18,South,Sports & Outdoors,1,60.94,19.18,New Customer
103064,2025-04-19,West,Apparel,2,67.48,25.73,Returning Customer
103065,2025-04-19,East,Apparel,2,93.56,38.75,New Customer
103066,2025-04-19,North,Apparel,2,89.15,34.63,New Customer
103067,2025-04-19,South,Electronics,1,161.86,31.44,Returning Customer
103068,2025-04-19,East,Electronics,1,228.25,43.76,Returning Customer
103069,2025-04-19,East,Sports & Outdoors,2,112.42,37.84,New Customer
103070,2025-04-19,North,Home & Kitchen,1,83.9,23.12,New Customer
103071,2025-04-19,South,Sports & Outdoors,2,141.0,41.49,Returning Customer
103072,2025-04-19,South,Sports & Outdoors,1,59.38,16.82,New Customer
103073,2025-04-19,South,Apparel,2,104.51,35.18,Returning Customer
103074,2025-04-19,South,Electronics,1,219.4,33.79,New Customer
103075,2025-04-19,West,Apparel,1,22.04,8.01,Returning Customer
103076,2025-04-19,North,Sports & Outdoors,1,72.78,21.49,Returning Customer
103077,2025-04-19,West,Beauty,2,50.36,19.7,New Customer
103078,2025-04-19,East,Apparel,2,90.43,27.53,VIP
103079,2025-04-19,West,Home & Kitchen,2,100.66,31.88,VIP
103080,2025-04-19,North,Home & Kitchen,1,66.21,13.68,New Customer
103081,2025-04-19,East,Sports & Outdoors,1,66.65,20.25,Returning Customer
103082,2025-04-19,East,Apparel,2,91.68,30.36,New Customer
103083,2025-04-19,North,Beauty,2,77.71,32.94,New Customer
103084,2025-04-19,West,Home & Kitchen,1,58.35,13.66,New Customer
103085,2025-04-19,West,Beauty,1,23.95,9.28,Returning Customer
103086,2025-04-19,West,Sports & Outdoors,1,70.14,19.27,New Customer
103087,2025-04-19,East,Beauty,1,25.43,10.95,New Customer
103088,2025-04-19,North,Electronics,2,275.9,52.94,VIP
103089,2025-04-19,West,Apparel,2,70.48,24.86,Returning Customer
103090,2025-04-19,North,Electronics,1,237.77,43.13,Returning Customer
103091,2025-04-19,South,Electronics,2,485.66,98.78,New Customer
103092,2025-04-19,North,Electronics,2,358.76,56.16,New Customer
103093,2025-04-19,North,Electronics,2,360.46,70.38,Returning Customer
103094,2025-04-19,North,Home & Kitchen,2,157.79,46.71,VIP
103095,2025-04-20,East,Electronics,1,234.98,33.75,New Customer
103096,2025-04-20,East,Electronics,2,536.23,110.17,VIP
103097,2025-04-20,East,Home & Kitchen,1,79.48,25.06,New Customer
103098,2025-04-20,East,Beauty,2,46.34,16.97,New Customer
103099,2025-04-20,East,Electronics,2,277.08,58.72,Returning Customer
103100,2025-04-20,East,Electronics,2,324.89,57.98,New Customer
103101,2025-04-20,East,Electronics,2,280.98,46.42,Returning Customer
103102,2025-04-20,East,Home & Kitchen,1,41.2,12.94,VIP
103103,2025-04-20,East,Apparel,2,83.64,28.05,New Customer
103104,2025-04-20,North,Beauty,2,30.05,12.97,Returning Customer
103105,2025-04-20,East,Home & Kitchen,1,73.62,22.8,Returning Customer
103106,2025-04-20,West,Apparel,1,44.6,15.23,VIP
103107,2025-04-20,West,Apparel,1,66.35,21.53,New Customer
103108,2025-04-20,East,Home & Kitchen,1,28.98,8.0,Returning Customer
103109,2025-04-20,South,Sports & Outdoors,1,57.28,18.71,Returning Customer
103110,2025-04-20,East,Electronics,1,178.14,41.23,New Customer
103111,2025-04-20,East,Apparel,2,34.97,12.73,New Customer
103112,2025-04-20,East,Sports & Outdoors,2,162.39,46.0,New Customer
103113,2025-04-20,South,Sports & Outdoors,2,147.73,50.21,New Customer
103114,2025-04-20,North,Apparel,1,48.51,17.92,New Customer
103115,2025-04-20,West,Apparel,2,110.61,37.38,Returning Customer
103116,2025-04-20,East,Apparel,1,47.08,14.41,Returning Customer
103117,2025-04-20,South,Electronics,1,123.76,25.52,New Customer
103118,2025-04-20,North,Sports & Outdoors,2,115.84,35.59,New Customer
103119,2025-04-20,South,Home & Kitchen,1,46.23,13.87,VIP
103120,2025-04-20,North,Apparel,2,116.7,41.17,New Customer
103121,2025-04-20,North,Electronics,2,329.6,69.95,Returning Customer
103122,2025-04-20,East,Electronics,1,165.15,37.43,Returning Customer
103123,2025-04-20,East,Electronics,2,489.96,107.37,New Customer
103124,2025-04-20,West,Electronics,1,160.52,21.9,New Customer
103125,2025-04-20,North,Sports & Outdoors,1,53.84,15.98,VIP
103126,2025-04-20,North,Apparel,1,46.06,17.14,VIP
103127,2025-04-20,South,Apparel,1,30.95,10.26,VIP
103128,2025-04-20,East,Sports & Outdoors,2,156.75,63.44,New Customer
103129,2025-04-20,North,Apparel,2,70.2,26.53,Returning Customer
103130,2025-04-20,West,Electronics,1,157.44,29.29,New Customer
103131,2025-04-21,West,Sports & Outdoors,2,115.84,42.2,New Customer
103132,2025-04-21,East,Apparel,2,45.58,15.04,Returning Customer
103133,2025-04-21,South,Home & Kitchen,2,127.46,37.89,Returning Customer
103134,2025-04-21,East,Electronics,1,205.42,33.96,VIP
103135,2025-04-21,East,Electronics,2,319.46,63.15,New Customer
103136,2025-04-21,North,Sports & Outdoors,1,60.47,15.55,New Customer
103137,2025-04-21,East,Home & Kitchen,1,49.94,11.42,Returning Customer
103138,2025-04-21,South,Sports & Outdoors,2,60.6,17.56,New Customer
103139,2025-04-21,North,Sports & Outdoors,2,143.03,41.47,Returning Customer
103140,2025-04-21,South,Beauty,2,59.2,22.57,VIP
103141,2025-04-21,North,Electronics,2,442.22,85.97,Returning Customer
103142,2025-04-21,West,Electronics,1,210.77,29.8,New Customer
103143,2025-04-21,East,Apparel,1,72.62,26.62,New Customer
103144,2025-04-21,South,Home & Kitchen,1,80.8,25.42,Returning Customer
103145,2025-04-21,North,Electronics,2,367.12,73.82,Returning Customer
103146,2025-04-21,East,Apparel,2,82.8,27.64,VIP
103147,2025-04-21,North,Apparel,1,39.24,13.98,Returning Customer
103148,2025-04-21,North,Apparel,2,75.41,26.0,Returning Customer
103149,2025-04-21,East,Sports & Outdoors,2,134.42,36.59,Returning Customer
103150,2025-04-21,South,Home & Kitchen,1,70.83,23.62,VIP
103151,2025-04-21,North,Sports & Outdoors,2,149.06,47.44,Returning Customer
103152,2025-04-21,North,Home & Kitchen,1,84.21,26.06,VIP
103153,2025-04-21,East,Electronics,2,179.56,37.79,New Customer
103154,2025-04-21,West,Apparel,1,61.96,20.93,VIP
103155,2025-04-21,West,Apparel,1,37.83,13.66,Returning Customer
103156,2025-04-21,South,Beauty,1,37.14,13.96,New Customer
103157,2025-04-21,North,Sports & Outdoors,2,122.15,38.81,New Customer
103158,2025-04-21,South,Electronics,2,409.55,64.29,New Customer
103159,2025-04-21,North,Apparel,2,83.19,31.51,VIP
103160,2025-04-21,East,Beauty,1,28.19,11.53,Returning Customer
103161,2025-04-21,West,Sports & Outdoors,2,158.92,48.15,New Customer
103162,2025-04-21,East,Home & Kitchen,2,117.02,25.89,New Customer
103163,2025-04-21,South,Beauty,1,28.85,11.8,Returning Customer
103164,2025-04-21,East,Home & Kitchen,2,154.74,49.05,Returning Customer
103165,2025-04-21,South,Sports & Outdoors,1,63.35,18.08,New Customer
103166,2025-04-21,South,Apparel,1,43.78,14.62,New Customer
103167,2025-04-21,West,Home & Kitchen,2,68.97,21.09,Returning Customer
103168,2025-04-22,West,Apparel,1,44.91,14.1,Returning Customer
103169,2025-04-22,South,Beauty,1,17.48,6.42,New Customer
103170,2025-04-22,East,Apparel,1,35.05,11.76,VIP
103171,2025-04-22,East,Beauty,1,30.78,14.22,New Customer
103172,2025-04-22,West,Electronics,2,359.31,66.43,VIP
103173,2025-04-22,South,Electronics,2,236.24,48.71,VIP
103174,2025-04-22,South,Apparel,1,54.64,19.44,Returning Customer
103175,2025-04-22,West,Apparel,2,85.53,27.2,Returning Customer
103176,2025-04-22,North,Apparel,2,76.34,28.01,Returning Customer
103177,2025-04-22,North,Home & Kitchen,2,144.07,34.43,VIP
103178,2025-04-22,West,Electronics,1,196.09,37.26,Returning Customer
103179,2025-04-22,West,Apparel,1,43.17,14.67,Returning Customer
103180,2025-04-22,West,Electronics,2,400.56,70.68,New Customer
103181,2025-04-22,East,Apparel,2,87.95,30.55,Returning Customer
103182,2025-04-22,North,Apparel,2,99.34,39.01,New Customer
103183,2025-04-22,East,Home & Kitchen,2,133.02,38.07,New Customer
103184,2025-04-22,South,Beauty,1,25.32,10.86,Returning Customer
103185,2025-04-22,West,Home & Kitchen,1,68.97,17.91,New Customer
103186,2025-04-22,East,Electronics,2,512.98,101.01,Returning Customer
103187,2025-04-22,North,Electronics,1,229.77,41.9,New Customer
103188,2025-04-22,North,Electronics,2,412.09,46.93,Returning Customer
103189,2025-04-22,North,Sports & Outdoors,2,109.72,34.82,Returning Customer
103190,2025-04-22,North,Electronics,2,81.51,13.58,New Customer
103191,2025-04-22,South,Apparel,2,93.5,32.69,VIP
103192,2025-04-22,East,Electronics,2,332.4,74.68,New Customer
103193,2025-04-22,East,Sports & Outdoors,2,110.2,35.69,Returning Customer
103194,2025-04-22,South,Electronics,1,181.79,37.0,New Customer
103195,2025-04-22,North,Apparel,1,42.11,14.86,New Customer
103196,2025-04-22,East,Home & Kitchen,1,60.68,15.78,Returning Customer
103197,2025-04-22,East,Home & Kitchen,2,144.73,43.85,VIP
103198,2025-04-22,North,Apparel,1,40.6,13.13,New Customer
103199,2025-04-22,North,Electronics,1,223.55,31.0,Returning Customer
103200,2025-04-22,West,Electronics,2,364.17,51.04,New Customer
103201,2025-04-23,South,Electronics,2,251.35,46.03,Returning Customer
103202,2025-04-23,West,Home & Kitchen,1,43.09,14.07,New Customer
103203,2025-04-23,North,Beauty,2,41.93,19.05,New Customer
103204,2025-04-23,South,Apparel,2,128.37,48.18,Returning Customer
103205,2025-04-23,West,Electronics,1,174.34,34.61,New Customer
103206,2025-04-23,North,Home & Kitchen,1,79.43,24.33,Returning Customer
103207,2025-04-23,North,Sports & Outdoors,2,146.95,48.07,New Customer
103208,2025-04-23,North,Electronics,1,138.58,25.64,New Customer
103209,2025-04-23,West,Electronics,1,163.51,26.98,Returning Customer
103210,2025-04-23,East,Electronics,1,173.33,36.49,VIP
103211,2025-04-23,South,Home & Kitchen,2,182.16,43.11,VIP
103212,2025-04-23,West,Apparel,1,41.88,15.7,Returning Customer
103213,2025-04-23,North,Home & Kitchen,1,75.71,19.18,New Customer
103214,2025-04-23,East,Home & Kitchen,1,52.5,14.88,New Customer
103215,2025-04-23,North,Home & Kitchen,1,62.19,16.91,VIP
103216,2025-04-23,South,Electronics,2,374.09,77.19,Returning Customer
103217,2025-04-23,East,Electronics,2,491.35,123.37,New Customer
103218,2025-04-23,West,Home & Kitchen,1,80.21,25.09,New Customer
103219,2025-04-23,North,Home & Kitchen,2,75.8,21.32,Returning Customer
103220,2025-04-23,West,Apparel,1,38.47,13.61,New Customer
103221,2025-04-23,North,Apparel,2,85.8,25.06,VIP
103222,2025-04-23,South,Electronics,2,372.44,84.17,New Customer
103223,2025-04-23,West,Electronics,1,119.03,20.65,VIP
103224,2025-04-23,East,Beauty,2,19.85,8.46,Returning Customer
103225,2025-04-23,North,Electronics,1,162.63,33.08,New Customer
103226,2025-04-23,North,Beauty,1,29.86,12.64,New Customer
103227,2025-04-23,West,Home & Kitchen,1,55.26,18.38,New Customer
103228,2025-04-23,West,Home & Kitchen,2,112.98,38.03,VIP
103229,2025-04-23,West,Apparel,2,59.51,18.23,Returning Customer
103230,2025-04-23,South,Sports & Outdoors,2,80.68,24.04,New Customer
103231,2025-04-23,West,Beauty,2,43.5,18.76,New Customer
103232,2025-04-23,South,Electronics,2,326.48,59.05,VIP
103233,2025-04-23,West,Electronics,1,172.23,41.29,VIP
103234,2025-04-24,West,Sports & Outdoors,1,53.58,15.24,Returning Customer
103235,2025-04-24,North,Home & Kitchen,1,44.84,13.7,New Customer
103236,2025-04-24,East,Apparel,1,47.69,16.78,Returning Customer
103237,2025-04-24,South,Apparel,2,126.71,49.96,Returning Customer
103238,2025-04-24,South,Apparel,1,35.06,12.04,New Customer
103239,2025-04-24,West,Sports & Outdoors,1,81.66,23.63,New Customer
103240,2025-04-24,South,Beauty,1,22.99,9.92,New Customer
103241,2025-04-24,East,Home & Kitchen,1,52.45,15.55,New Customer
103242,2025-04-24,East,Apparel,1,66.65,23.9,Returning Customer
103243,2025-04-24,South,Apparel,1,45.61,14.81,VIP
103244,2025-04-24,North,Electronics,2,392.11,71.81,New Customer
103245,2025-04-24,North,Home & Kitchen,2,123.8,44.49,New Customer
103246,2025-04-24,South,Apparel,1,41.55,15.27,New Customer
103247,2025-04-24,South,Apparel,2,84.07,30.96,Returning Customer
103248,2025-04-24,West,Electronics,1,71.85,13.89,Returning Customer
103249,2025-04-24,South,Home & Kitchen,1,101.19,23.96,New Customer
103250,2025-04-24,East,Electronics,2,293.24,51.66,VIP
103251,2025-04-24,East,Electronics,2,367.9,52.79,Returning Customer
103252,2025-04-24,East,Beauty,1,30.76,12.62,New Customer
103253,2025-04-24,West,Electronics,2,215.31,39.03,Returning Customer
103254,2025-04-24,South,Beauty,1,26.64,13.16,New Customer
103255,2025-04-24,West,Sports & Outdoors,1,66.07,17.55,New Customer
103256,2025-04-24,West,Electronics,2,359.34,79.81,New Customer
103257,2025-04-24,West,Apparel,2,125.72,39.82,VIP
103258,2025-04-24,North,Home & Kitchen,1,56.13,17.03,Returning Customer
103259,2025-04-24,West,Apparel,1,44.31,15.33,New Customer
103260,2025-04-24,East,Beauty,1,38.24,16.48,VIP
103261,2025-04-24,East,Electronics,2,415.72,73.73,New Customer
103262,2025-04-24,East,Home & Kitchen,1,65.82,16.98,New Customer
103263,2025-04-24,West,Electronics,2,494.13,114.71,New Customer
103264,2025-04-24,East,Apparel,2,71.3,27.85,Returning Customer
103265,2025-04-24,East,Home & Kitchen,1,84.13,23.14,Returning Customer
103266,2025-04-24,North,Electronics,2,328.06,49.61,Returning Customer
103267,2025-04-24,North,Sports & Outdoors,1,55.09,14.46,VIP
103268,2025-04-25,South,Electronics,2,343.94,63.78,New Customer
103269,2025-04-25,East,Electronics,1,180.45,26.69,New Customer
103270,2025-04-25,East,Apparel,1,43.45,14.12,New Customer
103271,2025-04-25,East,Beauty,2,52.68,21.49,New Customer
103272,2025-04-25,North,Electronics,2,397.93,67.81,VIP
103273,2025-04-25,South,Apparel,2,125.96,37.78,VIP
103274,2025-04-25,South,Beauty,1,34.35,13.58,New Customer
103275,2025-04-25,East,Beauty,1,30.07,13.21,New Customer
103276,2025-04-25,East,Home & Kitchen,1,70.79,19.94,VIP
103277,2025-04-25,South,Home & Kitchen,2,96.02,29.05,Returning Customer
103278,2025-04-25,North,Apparel,1,62.7,24.85,New Customer
103279,2025-04-25,West,Beauty,2,63.85,25.03,New Customer
103280,2025-04-25,North,Apparel,2,94.83,32.13,New Customer
103281,2025-04-25,East,Home & Kitchen,1,77.99,20.83,Returning Customer
103282,2025-04-25,North,Apparel,2,87.27,28.29,VIP
103283,2025-04-25,South,Beauty,2,66.66,30.33,Returning Customer
103284,2025-04-25,West,Apparel,1,46.13,16.98,Returning Customer
103285,2025-04-25,North,Apparel,1,45.23,16.39,New Customer
103286,2025-04-25,West,Beauty,1,37.14,14.23,Returning Customer
103287,2025-04-25,East,Sports & Outdoors,1,73.16,23.43,New Customer
103288,2025-04-25,East,Apparel,1,32.28,10.05,VIP
103289,2025-04-25,East,Sports & Outdoors,2,116.22,35.18,VIP
103290,2025-04-25,South,Electronics,2,332.65,57.7,Returning Customer
103291,2025-04-25,North,Beauty,1,30.46,12.32,Returning Customer
103292,2025-04-26,South,Electronics,1,217.39,45.65,New Customer
103293,2025-04-26,North,Beauty,2,63.05,25.9,New Customer
103294,2025-04-26,East,Beauty,2,30.84,14.57,Returning Customer
103295,2025-04-26,West,Electronics,1,207.95,31.8,New Customer
103296,2025-04-26,South,Electronics,2,205.9,33.32,Returning Customer
103297,2025-04-26,South,Home & Kitchen,2,156.0,45.26,New Customer
103298,2025-04-26,North,Home & Kitchen,2,120.24,29.42,Returning Customer
103299,2025-04-26,South,Home & Kitchen,1,59.49,12.99,New Customer
103300,2025-04-26,North,Apparel,2,132.27,46.28,Returning Customer
103301,2025-04-26,East,Apparel,2,92.73,31.41,New Customer
103302,2025-04-26,West,Beauty,2,40.46,15.77,Returning Customer
103303,2025-04-26,North,Sports & Outdoors,1,72.06,22.24,VIP
103304,2025-04-26,South,Electronics,2,412.37,95.94,Returning Customer
103305,2025-04-26,South,Apparel,2,89.97,33.27,New Customer
103306,2025-04-26,West,Electronics,1,125.44,24.13,Returning Customer
103307,2025-04-26,North,Apparel,2,77.26,24.61,Returning Customer
103308,2025-04-26,West,Home & Kitchen,2,147.24,38.48,New Customer
103309,2025-04-26,West,Electronics,2,446.2,86.14,New Customer
103310,2025-04-26,East,Electronics,2,452.45,81.21,New Customer
103311,2025-04-26,North,Electronics,2,356.62,65.66,Returning Customer
103312,2025-04-26,East,Sports & Outdoors,2,114.18,35.58,Returning Customer
103313,2025-04-26,South,Electronics,2,287.09,31.65,New Customer
103314,2025-04-26,East,Beauty,1,21.23,8.72,VIP
103315,2025-04-26,North,Apparel,1,19.84,7.88,New Customer
103316,2025-04-26,West,Apparel,2,74.44,24.71,New Customer
103317,2025-04-26,East,Electronics,1,159.68,28.88,Returning Customer
103318,2025-04-26,North,Apparel,2,68.34,24.09,Returning Customer
103319,2025-04-26,West,Electronics,2,443.65,80.79,Returning Customer
103320,2025-04-27,North,Beauty,1,23.96,9.61,New Customer
103321,2025-04-27,North,Apparel,2,73.66,27.83,New Customer
103322,2025-04-27,East,Home & Kitchen,1,73.92,19.82,Returning Customer
103323,2025-04-27,West,Home & Kitchen,2,95.05,28.11,VIP
103324,2025-04-27,North,Apparel,1,55.92,18.71,Returning Customer
103325,2025-04-27,North,Electronics,1,193.36,40.06,VIP
103326,2025-04-27,South,Electronics,2,232.47,45.9,Returning Customer
103327,2025-04-27,North,Beauty,2,52.61,22.91,New Customer
103328,2025-04-27,East,Beauty,2,46.77,19.89,VIP
103329,2025-04-27,East,Apparel,2,107.2,42.78,VIP
103330,2025-04-27,East,Beauty,1,16.05,7.29,Returning Customer
103331,2025-04-27,South,Apparel,2,67.83,24.71,Returning Customer
103332,2025-04-27,North,Beauty,1,34.6,14.06,New Customer
103333,2025-04-27,North,Sports & Outdoors,1,63.3,20.33,Returning Customer
103334,2025-04-27,East,Electronics,1,233.57,40.06,Returning Customer
103335,2025-04-27,West,Apparel,2,105.45,33.33,VIP
103336,2025-04-27,South,Apparel,2,111.93,34.81,New Customer
103337,2025-04-27,East,Home & Kitchen,2,129.19,37.07,VIP
103338,2025-04-27,East,Apparel,1,52.91,20.1,New Customer
103339,2025-04-27,West,Home & Kitchen,2,192.52,54.08,Returning Customer
103340,2025-04-27,North,Home & Kitchen,2,147.33,47.64,Returning Customer
103341,2025-04-27,North,Home & Kitchen,1,59.31,20.25,New Customer
103342,2025-04-27,South,Beauty,2,62.64,26.41,VIP
103343,2025-04-27,North,Apparel,1,41.01,14.58,Returning Customer
103344,2025-04-27,North,Electronics,1,99.04,18.57,New Customer
103345,2025-04-27,North,Home & Kitchen,2,149.24,40.12,New Customer
103346,2025-04-27,East,Apparel,2,98.53,32.91,VIP
103347,2025-04-27,South,Electronics,1,238.68,34.6,New Customer
103348,2025-04-27,North,Apparel,1,68.47,26.94,VIP
103349,2025-04-27,South,Beauty,2,53.9,23.41,New Customer
103350,2025-04-27,North,Electronics,1,186.28,37.9,VIP
103351,2025-04-27,North,Apparel,2,75.1,25.94,New Customer
103352,2025-04-27,West,Beauty,1,36.16,14.88,Returning Customer
103353,2025-04-27,East,Apparel,1,47.97,14.82,New Customer
103354,2025-04-28,South,Home & Kitchen,2,131.0,46.41,Returning Customer
103355,2025-04-28,North,Beauty,2,22.23,8.57,Returning Customer
103356,2025-04-28,South,Sports & Outdoors,2,131.34,39.75,Returning Customer
103357,2025-04-28,South,Electronics,2,459.98,81.39,New Customer
103358,2025-04-28,East,Apparel,1,62.25,24.64,New Customer
103359,2025-04-28,West,Electronics,2,176.55,32.12,New Customer
103360,2025-04-28,East,Beauty,2,47.26,20.23,New Customer
103361,2025-04-28,South,Sports & Outdoors,2,117.91,34.77,VIP
103362,2025-04-28,West,Apparel,1,33.16,9.53,Returning Customer
103363,2025-04-28,North,Apparel,1,48.11,17.85,Returning Customer
103364,2025-04-28,North,Home & Kitchen,1,59.9,15.0,New Customer
103365,2025-04-28,North,Electronics,2,438.84,102.65,VIP
103366,2025-04-28,North,Beauty,2,55.26,25.12,VIP
103367,2025-04-28,South,Apparel,2,98.52,35.3,VIP
103368,2025-04-28,West,Beauty,2,77.9,34.29,VIP
103369,2025-04-28,South,Electronics,1,193.46,38.38,VIP
103370,2025-04-28,North,Electronics,1,256.0,41.58,Returning Customer
103371,2025-04-28,North,Electronics,1,180.99,29.95,Returning Customer
103372,2025-04-28,South,Beauty,2,32.36,12.8,VIP
103373,2025-04-28,West,Apparel,2,117.72,41.56,New Customer
103374,2025-04-28,East,Sports & Outdoors,2,109.82,35.37,New Customer
103375,2025-04-28,East,Apparel,2,71.56,20.23,Returning Customer
103376,2025-04-28,East,Sports & Outdoors,2,111.73,32.4,Returning Customer
103377,2025-04-28,West,Electronics,1,221.35,47.4,New Customer
103378,2025-04-28,East,Sports & Outdoors,2,148.83,42.55,New Customer
103379,2025-04-28,East,Electronics,1,140.88,31.31,New Customer
103380,2025-04-29,West,Apparel,2,62.77,19.32,New Customer
103381,2025-04-29,East,Electronics,2,525.02,136.45,Returning Customer
103382,2025-04-29,North,Apparel,2,130.95,45.75,VIP
103383,2025-04-29,North,Apparel,1,63.03,22.2,New Customer
103384,2025-04-29,East,Electronics,1,312.12,68.1,VIP
103385,2025-04-29,South,Home & Kitchen,1,96.76,26.14,VIP
103386,2025-04-29,South,Electronics,2,319.74,65.73,VIP
103387,2025-04-29,East,Apparel,1,39.81,13.16,New Customer
103388,2025-04-29,North,Beauty,2,68.84,28.92,Returning Customer
103389,2025-04-29,South,Electronics,1,128.43,19.87,Returning Customer
103390,2025-04-29,West,Electronics,2,503.79,103.64,New Customer
103391,2025-04-29,North,Sports & Outdoors,1,51.63,16.5,Returning Customer
103392,2025-04-29,North,Apparel,1,33.59,12.04,New Customer
103393,2025-04-29,West,Apparel,1,43.0,13.95,Returning Customer
103394,2025-04-29,North,Electronics,1,248.43,54.12,New Customer
103395,2025-04-29,North,Beauty,2,68.12,30.3,VIP
103396,2025-04-29,North,Electronics,2,558.74,88.62,New Customer
103397,2025-04-29,North,Apparel,1,49.89,15.83,Returning Customer
103398,2025-04-29,North,Electronics,1,158.1,27.98,New Customer
103399,2025-04-29,South,Apparel,2,92.71,33.4,Returning Customer
103400,2025-04-29,West,Home & Kitchen,2,65.53,19.41,VIP
103401,2025-04-29,West,Sports & Outdoors,1,65.95,20.03,New Customer
103402,2025-04-29,North,Apparel,1,54.36,18.72,Returning Customer
103403,2025-04-29,West,Beauty,1,40.71,15.02,New Customer
103404,2025-04-29,East,Sports & Outdoors,2,96.61,29.86,New Customer
103405,2025-04-29,West,Apparel,2,65.46,27.13,Returning Customer
103406,2025-04-29,East,Electronics,1,180.32,35.93,Returning Customer
103407,2025-04-29,South,Apparel,2,100.0,27.98,New Customer
103408,2025-04-29,South,Electronics,1,243.85,47.79,VIP
103409,2025-04-30,South,Apparel,2,90.77,30.72,VIP
103410,2025-04-30,North,Apparel,1,54.33,19.27,VIP
103411,2025-04-30,East,Apparel,2,73.72,21.32,New Customer
103412,2025-04-30,North,Sports & Outdoors,1,61.49,20.47,New Customer
103413,2025-04-30,North,Electronics,2,380.44,67.97,New Customer
103414,2025-04-30,East,Electronics,1,193.8,35.75,VIP
103415,2025-04-30,North,Electronics,2,487.77,91.01,New Customer
103416,2025-04-30,South,Beauty,1,31.74,14.57,New Customer
103417,2025-04-30,East,Beauty,2,63.28,30.29,New Customer
103418,2025-04-30,North,Home & Kitchen,2,87.48,24.9,VIP
103419,2025-04-30,East,Apparel,2,88.07,30.52,New Customer
103420,2025-04-30,South,Apparel,2,85.15,34.79,New Customer
103421,2025-04-30,South,Electronics,2,425.43,69.25,Returning Customer
103422,2025-04-30,West,Beauty,1,28.69,12.94,VIP
103423,2025-04-30,East,Electronics,1,159.97,33.0,New Customer
103424,2025-04-30,East,Home & Kitchen,2,117.91,35.46,VIP
103425,2025-04-30,West,Sports & Outdoors,2,84.48,29.76,Returning Customer
103426,2025-04-30,North,Sports & Outdoors,2,29.32,9.97,VIP
103427,2025-04-30,East,Electronics,2,372.8,72.02,Returning Customer
103428,2025-04-30,North,Apparel,1,68.95,24.44,Returning Customer
103429,2025-04-30,North,Home & Kitchen,2,136.96,39.87,New Customer
103430,2025-04-30,North,Home & Kitchen,2,163.02,38.47,Returning Customer
103431,2025-04-30,South,Sports & Outdoors,2,102.53,33.37,New Customer
103432,2025-04-30,North,Electronics,2,346.31,64.93,New Customer
103433,2025-04-30,West,Electronics,1,185.63,38.9,VIP
103434,2025-05-01,West,Home & Kitchen,2,98.65,27.13,Returning Customer
103435,2025-05-01,West,Beauty,2,27.62,11.95,Returning Customer
103436,2025-05-01,West,Apparel,2,66.64,24.88,New Customer
103437,2025-05-01,West,Sports & Outdoors,3,87.66,25.4,Returning Customer
103438,2025-05-01,West,Sports & Outdoors,2,148.41,48.35,New Customer
103439,2025-05-01,North,Apparel,1,45.85,16.79,VIP
103440,2025-05-01,East,Apparel,2,77.99,25.91,New Customer
103441,2025-05-01,West,Sports & Outdoors,2,119.79,44.17,VIP
103442,2025-05-01,East,Sports & Outdoors,1,50.86,14.42,New Customer
103443,2025-05-01,West,Apparel,1,42.58,15.62,Returning Customer
103444,2025-05-01,South,Home & Kitchen,2,102.94,34.33,New Customer
103445,2025-05-01,East,Home & Kitchen,2,140.0,38.46,Returning Customer
103446,2025-05-01,North,Beauty,1,33.43,15.47,New Customer
103447,2025-05-01,East,Home & Kitchen,2,91.79,25.29,VIP
103448,2025-05-01,South,Apparel,2,122.77,39.78,Returning Customer
103449,2025-05-01,North,Sports & Outdoors,3,191.59,57.9,New Customer
103450,2025-05-01,North,Electronics,1,217.93,34.12,Returning Customer
103451,2025-05-01,North,Apparel,1,61.62,23.44,New Customer
103452,2025-05-01,West,Apparel,2,83.5,27.23,VIP
103453,2025-05-01,North,Electronics,1,160.55,31.43,New Customer
103454,2025-05-01,North,Electronics,2,561.04,95.73,VIP
103455,2025-05-01,North,Sports & Outdoors,3,180.11,56.85,New Customer
103456,2025-05-01,East,Sports & Outdoors,2,118.11,32.18,Returning Customer
103457,2025-05-01,West,Home & Kitchen,1,84.18,24.02,New Customer
103458,2025-05-01,South,Apparel,1,36.48,14.54,VIP
103459,2025-05-02,East,Electronics,2,427.32,61.17,New Customer
103460,2025-05-02,South,Sports & Outdoors,1,57.03,18.17,New Customer
103461,2025-05-02,West,Electronics,1,175.5,37.3,Returning Customer
103462,2025-05-02,East,Electronics,1,212.78,43.3,Returning Customer
103463,2025-05-02,North,Beauty,2,50.71,21.54,New Customer
103464,2025-05-02,East,Electronics,1,275.84,35.54,Returning Customer
103465,2025-05-02,North,Beauty,2,52.51,20.27,Returning Customer
103466,2025-05-02,North,Home & Kitchen,1,75.53,23.18,New Customer
103467,2025-05-02,North,Apparel,1,57.48,19.07,New Customer
103468,2025-05-02,East,Sports & Outdoors,2,86.36,22.73,New Customer
103469,2025-05-02,South,Beauty,2,40.5,17.47,New Customer
103470,2025-05-02,West,Electronics,1,162.75,27.23,Returning Customer
103471,2025-05-02,South,Home & Kitchen,1,71.77,20.52,Returning Customer
103472,2025-05-02,East,Electronics,2,311.98,50.28,Returning Customer
103473,2025-05-02,East,Electronics,1,194.78,29.36,New Customer
103474,2025-05-02,South,Electronics,2,392.68,76.33,New Customer
103475,2025-05-02,North,Apparel,1,45.96,15.83,New Customer
103476,2025-05-02,South,Electronics,1,235.63,42.9,New Customer
103477,2025-05-02,West,Home & Kitchen,2,123.89,36.29,New Customer
103478,2025-05-02,South,Home & Kitchen,2,136.29,33.67,New Customer
103479,2025-05-02,East,Electronics,1,191.04,40.44,New Customer
103480,2025-05-02,North,Home & Kitchen,1,73.16,21.25,New Customer
103481,2025-05-02,East,Electronics,1,199.55,43.21,New Customer
103482,2025-05-02,East,Sports & Outdoors,3,259.12,66.77,Returning Customer
103483,2025-05-03,North,Home & Kitchen,1,47.6,13.12,New Customer
103484,2025-05-03,East,Apparel,1,45.73,16.11,Returning Customer
103485,2025-05-03,East,Electronics,2,462.84,78.52,New Customer
103486,2025-05-03,North,Apparel,1,42.56,15.58,New Customer
103487,2025-05-03,South,Electronics,2,369.79,54.71,New Customer
103488,2025-05-03,North,Apparel,2,107.42,39.75,New Customer
103489,2025-05-03,West,Apparel,1,41.99,15.9,Returning Customer
103490,2025-05-03,North,Home & Kitchen,1,70.84,18.38,Returning Customer
103491,2025-05-03,East,Electronics,1,174.15,31.56,Returning Customer
103492,2025-05-03,East,Electronics,1,209.36,41.97,Returning Customer
103493,2025-05-03,South,Sports & Outdoors,3,119.76,31.54,New Customer
103494,2025-05-03,West,Electronics,2,435.98,91.29,New Customer
103495,2025-05-03,South,Apparel,2,101.28,37.08,New Customer
103496,2025-05-03,West,Electronics,1,185.37,31.53,New Customer
103497,2025-05-03,West,Sports & Outdoors,3,228.23,78.75,Returning Customer
103498,2025-05-03,North,Electronics,1,205.85,37.05,New Customer
103499,2025-05-03,West,Home & Kitchen,2,139.57,46.99,VIP
103500,2025-05-03,West,Apparel,1,46.4,16.87,New Customer
103501,2025-05-03,North,Sports & Outdoors,1,72.67,24.19,New Customer
103502,2025-05-03,North,Home & Kitchen,2,109.68,34.29,New Customer
103503,2025-05-03,South,Sports & Outdoors,2,115.65,38.89,New Customer
103504,2025-05-03,East,Sports & Outdoors,1,72.6,26.16,New Customer
103505,2025-05-03,North,Apparel,1,46.8,17.84,New Customer
103506,2025-05-03,South,Apparel,2,97.38,36.27,VIP
103507,2025-05-03,North,Electronics,1,235.41,43.11,New Customer
103508,2025-05-03,North,Home & Kitchen,1,99.42,26.24,New Customer
103509,2025-05-03,North,Beauty,2,52.01,22.11,Returning Customer
103510,2025-05-03,East,Apparel,1,42.28,14.84,Returning Customer
103511,2025-05-03,North,Apparel,2,97.49,35.08,VIP
103512,2025-05-04,North,Beauty,2,59.8,25.32,Returning Customer
103513,2025-05-04,West,Sports & Outdoors,1,65.04,18.97,New Customer
103514,2025-05-04,East,Beauty,2,45.05,20.84,New Customer
103515,2025-05-04,North,Beauty,1,23.72,10.39,Returning Customer
103516,2025-05-04,East,Electronics,2,384.16,80.65,VIP
103517,2025-05-04,West,Home & Kitchen,1,70.29,16.1,Returning Customer
103518,2025-05-04,South,Electronics,2,384.79,55.39,VIP
103519,2025-05-04,West,Sports & Outdoors,3,151.98,49.91,VIP
103520,2025-05-04,East,Electronics,1,197.07,31.53,New Customer
103521,2025-05-04,North,Apparel,1,54.64,20.7,Returning Customer
103522,2025-05-04,East,Home & Kitchen,1,53.69,14.16,VIP
103523,2025-05-04,North,Beauty,2,60.15,25.43,Returning Customer
103524,2025-05-04,South,Apparel,2,92.05,30.66,New Customer
103525,2025-05-04,West,Electronics,2,410.78,77.78,VIP
103526,2025-05-04,East,Electronics,1,228.88,46.71,New Customer
103527,2025-05-04,East,Electronics,2,385.45,67.55,New Customer
103528,2025-05-04,West,Apparel,2,101.17,38.01,New Customer
103529,2025-05-04,South,Apparel,2,114.31,44.28,New Customer
103530,2025-05-04,North,Beauty,1,22.7,9.72,VIP
103531,2025-05-04,North,Beauty,2,45.06,19.12,Returning Customer
103532,2025-05-04,West,Electronics,1,194.28,36.44,Returning Customer
103533,2025-05-04,South,Home & Kitchen,1,67.14,21.0,New Customer
103534,2025-05-04,South,Beauty,2,62.29,23.53,Returning Customer
103535,2025-05-04,West,Beauty,1,34.13,14.92,Returning Customer
103536,2025-05-04,East,Home & Kitchen,2,146.28,43.65,VIP
103537,2025-05-04,West,Electronics,1,219.09,36.55,New Customer
103538,2025-05-04,East,Electronics,1,218.78,31.64,New Customer
103539,2025-05-05,East,Electronics,2,318.84,58.88,VIP
103540,2025-05-05,East,Apparel,1,52.87,19.65,VIP
103541,2025-05-05,North,Sports & Outdoors,2,80.52,24.6,New Customer
103542,2025-05-05,East,Home & Kitchen,2,145.62,38.68,Returning Customer
103543,2025-05-05,North,Sports & Outdoors,2,130.66,40.35,VIP
103544,2025-05-05,West,Sports & Outdoors,3,150.98,46.12,New Customer
103545,2025-05-05,West,Apparel,2,53.9,17.12,Returning Customer
103546,2025-05-05,West,Electronics,1,195.19,37.57,New Customer
103547,2025-05-05,South,Electronics,2,363.22,57.54,New Customer
103548,2025-05-05,East,Home & Kitchen,2,92.87,27.36,VIP
103549,2025-05-05,West,Home & Kitchen,2,142.05,45.18,Returning Customer
103550,2025-05-05,East,Home & Kitchen,1,41.81,12.37,Returning Customer
103551,2025-05-05,North,Sports & Outdoors,2,119.78,32.11,Returning Customer
103552,2025-05-05,South,Apparel,2,63.1,23.27,Returning Customer
103553,2025-05-05,North,Apparel,2,113.73,37.55,New Customer
103554,2025-05-05,East,Apparel,1,32.96,12.19,New Customer
103555,2025-05-05,South,Home & Kitchen,1,72.75,20.9,New Customer
103556,2025-05-05,North,Electronics,2,439.35,86.55,Returning Customer
103557,2025-05-05,North,Electronics,2,399.95,59.32,New Customer
103558,2025-05-05,East,Electronics,1,140.31,29.4,New Customer
103559,2025-05-06,South,Beauty,2,44.48,18.3,Returning Customer
103560,2025-05-06,North,Beauty,2,51.87,22.74,Returning Customer
103561,2025-05-06,West,Beauty,1,31.12,13.04,VIP
103562,2025-05-06,North,Beauty,1,47.37,21.7,New Customer
103563,2025-05-06,North,Beauty,1,23.26,10.28,Returning Customer
103564,2025-05-06,West,Beauty,1,31.45,13.18,Returning Customer
103565,2025-05-06,South,Apparel,2,133.33,45.44,New Customer
103566,2025-05-06,North,Apparel,2,49.76,18.09,VIP
103567,2025-05-06,North,Apparel,1,42.62,12.53,VIP
103568,2025-05-06,East,Apparel,2,100.23,36.74,New Customer
103569,2025-05-06,South,Sports & Outdoors,2,111.13,39.84,Returning Customer
103570,2025-05-06,East,Electronics,2,158.98,28.2,VIP
103571,2025-05-06,East,Apparel,1,44.52,15.41,Returning Customer
103572,2025-05-06,West,Electronics,1,209.65,36.3,VIP
103573,2025-05-06,West,Beauty,1,28.43,12.69,VIP
103574,2025-05-06,North,Beauty,1,25.49,10.26,VIP
103575,2025-05-06,West,Home & Kitchen,2,160.01,53.2,Returning Customer
103576,2025-05-06,North,Electronics,1,225.06,39.9,New Customer
103577,2025-05-06,North,Electronics,2,478.42,73.18,New Customer
103578,2025-05-06,East,Home & Kitchen,2,101.25,28.81,Returning Customer
103579,2025-05-06,West,Sports & Outdoors,1,67.88,21.25,Returning Customer
103580,2025-05-06,South,Apparel,1,68.59,24.63,Returning Customer
103581,2025-05-06,North,Apparel,1,43.75,14.98,Returning Customer
103582,2025-05-06,East,Electronics,2,207.29,28.34,Returning Customer
103583,2025-05-06,South,Beauty,2,69.38,30.53,Returning Customer
103584,2025-05-06,North,Electronics,2,364.2,57.91,New Customer
103585,2025-05-06,North,Home & Kitchen,2,181.59,44.03,New Customer
103586,2025-05-06,North,Electronics,2,391.28,98.98,VIP
103587,2025-05-07,South,Electronics,2,453.4,92.47,VIP
103588,2025-05-07,South,Beauty,1,35.29,15.51,VIP
103589,2025-05-07,North,Home & Kitchen,2,129.92,34.59,Returning Customer
103590,2025-05-07,North,Apparel,1,53.52,19.4,New Customer
103591,2025-05-07,West,Electronics,1,102.22,21.91,Returning Customer
103592,2025-05-07,North,Beauty,2,35.52,15.18,VIP
103593,2025-05-07,South,Home & Kitchen,2,111.54,29.52,New Customer
103594,2025-05-07,East,Sports & Outdoors,3,195.42,55.27,New Customer
103595,2025-05-07,East,Apparel,2,116.81,41.48,VIP
103596,2025-05-07,West,Electronics,2,272.01,57.36,New Customer
103597,2025-05-07,West,Apparel,1,38.8,13.02,New Customer
103598,2025-05-07,West,Apparel,2,88.81,27.16,New Customer
103599,2025-05-07,East,Beauty,1,19.83,7.95,New Customer
103600,2025-05-07,East,Apparel,1,45.98,17.12,Returning Customer
103601,2025-05-07,East,Home & Kitchen,1,93.94,23.87,Returning Customer
103602,2025-05-07,North,Home & Kitchen,2,167.75,52.3,VIP
103603,2025-05-07,North,Apparel,1,61.63,20.77,New Customer
103604,2025-05-07,West,Home & Kitchen,1,68.99,20.47,New Customer
103605,2025-05-07,East,Sports & Outdoors,2,132.66,41.0,New Customer
103606,2025-05-07,North,Sports & Outdoors,3,151.22,39.47,Returning Customer
103607,2025-05-07,East,Apparel,2,88.81,35.54,New Customer
103608,2025-05-07,East,Sports & Outdoors,2,74.03,18.22,New Customer
103609,2025-05-07,North,Apparel,2,63.25,26.04,Returning Customer
103610,2025-05-07,South,Sports & Outdoors,2,149.86,44.45,Returning Customer
103611,2025-05-07,South,Home & Kitchen,2,128.39,38.07,Returning Customer
103612,2025-05-07,South,Electronics,2,350.29,58.88,Returning Customer
103613,2025-05-07,West,Apparel,1,51.3,17.99,New Customer
103614,2025-05-07,East,Home & Kitchen,1,55.76,15.13,Returning Customer
103615,2025-05-08,West,Electronics,2,351.93,76.01,Returning Customer
103616,2025-05-08,West,Sports & Outdoors,1,49.85,13.32,Returning Customer
103617,2025-05-08,East,Home & Kitchen,1,76.01,22.67,New Customer
103618,2025-05-08,East,Apparel,2,76.11,28.23,Returning Customer
103619,2025-05-08,West,Home & Kitchen,2,56.37,12.99,Returning Customer
103620,2025-05-08,North,Sports & Outdoors,1,42.53,12.35,New Customer
103621,2025-05-08,West,Apparel,1,39.42,12.78,VIP
103622,2025-05-08,North,Electronics,2,345.1,55.93,New Customer
103623,2025-05-08,West,Home & Kitchen,2,138.31,42.28,Returning Customer
103624,2025-05-08,South,Electronics,1,225.02,36.88,New Customer
103625,2025-05-08,South,Sports & Outdoors,3,150.12,51.29,New Customer
103626,2025-05-08,West,Home & Kitchen,1,72.52,21.11,Returning Customer
103627,2025-05-08,North,Home & Kitchen,2,142.72,37.16,New Customer
103628,2025-05-08,South,Electronics,2,356.52,90.48,Returning Customer
103629,2025-05-08,East,Sports & Outdoors,2,79.18,23.72,Returning Customer
103630,2025-05-08,East,Beauty,2,54.15,22.88,New Customer
103631,2025-05-08,West,Apparel,2,75.3,25.45,VIP
103632,2025-05-08,North,Apparel,2,67.42,22.25,New Customer
103633,2025-05-08,East,Sports & Outdoors,3,138.96,48.55,New Customer
103634,2025-05-08,South,Home & Kitchen,1,77.42,18.02,Returning Customer
103635,2025-05-08,South,Home & Kitchen,1,62.11,18.91,Returning Customer
103636,2025-05-08,North,Apparel,1,39.36,16.99,Returning Customer
103637,2025-05-08,South,Electronics,2,333.42,51.3,New Customer
103638,2025-05-08,North,Apparel,1,46.4,14.57,New Customer
103639,2025-05-08,South,Electronics,1,264.89,47.4,Returning Customer
103640,2025-05-08,North,Sports & Outdoors,1,25.99,7.58,Returning Customer
103641,2025-05-08,West,Apparel,2,83.13,32.57,New Customer
103642,2025-05-08,North,Apparel,2,105.6,33.22,New Customer
103643,2025-05-09,North,Electronics,1,180.72,30.34,Returning Customer
103644,2025-05-09,North,Apparel,2,103.01,30.99,Returning Customer
103645,2025-05-09,South,Apparel,1,36.89,10.89,Returning Customer
103646,2025-05-09,West,Electronics,1,218.23,33.61,New Customer
103647,2025-05-09,East,Apparel,1,28.86,9.7,Returning Customer
103648,2025-05-09,East,Electronics,1,217.15,40.96,VIP
103649,2025-05-09,West,Electronics,2,499.6,93.45,Returning Customer
103650,2025-05-09,South,Sports & Outdoors,1,72.06,22.31,VIP
103651,2025-05-09,North,Sports & Outdoors,1,43.41,13.24,Returning Customer
103652,2025-05-09,North,Apparel,1,51.6,18.74,Returning Customer
103653,2025-05-09,North,Electronics,2,309.37,62.0,Returning Customer
103654,2025-05-09,West,Home & Kitchen,2,132.33,39.82,Returning Customer
103655,2025-05-09,West,Sports & Outdoors,1,39.64,10.9,Returning Customer
103656,2025-05-09,West,Beauty,1,34.56,14.3,Returning Customer
103657,2025-05-09,West,Beauty,2,79.0,32.99,VIP
103658,2025-05-09,South,Electronics,1,131.2,23.6,New Customer
103659,2025-05-09,North,Beauty,1,20.49,8.91,VIP
103660,2025-05-09,South,Apparel,1,36.71,14.43,New Customer
103661,2025-05-09,West,Electronics,2,548.9,89.02,Returning Customer
103662,2025-05-09,North,Sports & Outdoors,1,48.23,16.91,Returning Customer
103663,2025-05-09,North,Apparel,1,56.14,17.98,Returning Customer
103664,2025-05-09,North,Electronics,1,163.3,29.4,VIP
103665,2025-05-09,West,Electronics,1,180.14,37.21,New Customer
103666,2025-05-09,South,Apparel,1,29.46,8.89,Returning Customer
103667,2025-05-09,East,Electronics,2,329.87,56.19,VIP
103668,2025-05-09,West,Electronics,1,190.56,36.59,New Customer
103669,2025-05-10,West,Apparel,1,51.37,17.91,New Customer
103670,2025-05-10,North,Home & Kitchen,2,103.6,29.66,VIP
103671,2025-05-10,East,Electronics,2,272.43,42.71,New Customer
103672,2025-05-10,South,Home & Kitchen,2,146.98,39.6,VIP
103673,2025-05-10,South,Apparel,1,42.64,15.9,New Customer
103674,2025-05-10,East,Beauty,2,56.03,23.17,Returning Customer
103675,2025-05-10,North,Apparel,1,44.7,15.61,New Customer
103676,2025-05-10,North,Beauty,1,22.61,8.8,New Customer
103677,2025-05-10,East,Home & Kitchen,2,131.25,43.29,VIP
103678,2025-05-10,East,Apparel,1,51.99,22.47,New Customer
103679,2025-05-10,West,Home & Kitchen,1,93.48,28.06,Returning Customer
103680,2025-05-10,West,Sports & Outdoors,3,177.95,43.18,Returning Customer
103681,2025-05-10,North,Apparel,2,107.06,42.87,New Customer
103682,2025-05-10,West,Apparel,2,67.29,28.03,New Customer
103683,2025-05-10,East,Sports & Outdoors,2,124.95,34.11,VIP
103684,2025-05-10,East,Apparel,1,30.43,9.23,Returning Customer
103685,2025-05-10,North,Electronics,1,183.26,35.33,VIP
103686,2025-05-10,West,Apparel,2,61.67,23.54,New Customer
103687,2025-05-10,East,Electronics,1,192.75,40.52,Returning Customer
103688,2025-05-10,South,Electronics,2,389.04,85.06,New Customer
103689,2025-05-10,South,Electronics,2,367.45,63.62,Returning Customer
103690,2025-05-10,West,Home & Kitchen,2,150.38,41.02,Returning Customer
103691,2025-05-10,East,Electronics,2,511.95,82.84,VIP
103692,2025-05-10,West,Sports & Outdoors,2,92.55,29.16,New Customer
103693,2025-05-10,West,Beauty,1,38.69,17.54,Returning Customer
103694,2025-05-10,North,Apparel,2,81.29,26.51,New Customer
103695,2025-05-10,East,Apparel,2,116.17,38.5,New Customer
103696,2025-05-10,East,Apparel,1,58.7,21.44,New Customer
103697,2025-05-10,North,Electronics,2,443.17,97.01,Returning Customer
103698,2025-05-10,North,Home & Kitchen,2,138.04,38.72,Returning Customer
103699,2025-05-10,East,Sports & Outdoors,3,151.54,47.41,Returning Customer
103700,2025-05-10,West,Beauty,1,18.99,8.49,Returning Customer
103701,2025-05-11,West,Apparel,1,60.34,21.13,Returning Customer
103702,2025-05-11,North,Home & Kitchen,2,120.2,27.25,VIP
103703,2025-05-11,East,Electronics,1,251.27,47.71,New Customer
103704,2025-05-11,North,Electronics,1,200.67,43.96,Returning Customer
103705,2025-05-11,South,Apparel,2,64.04,20.01,Returning Customer
103706,2025-05-11,South,Apparel,1,53.58,17.5,New Customer
103707,2025-05-11,South,Electronics,2,278.71,35.8,New Customer
103708,2025-05-11,West,Apparel,1,30.29,10.79,Returning Customer
103709,2025-05-11,East,Home & Kitchen,2,148.69,45.25,Returning Customer
103710,2025-05-11,East,Sports & Outdoors,1,51.95,14.83,New Customer
103711,2025-05-11,South,Electronics,2,361.63,49.36,Returning Customer
103712,2025-05-11,East,Electronics,1,224.41,38.55,Returning Customer
103713,2025-05-11,North,Home & Kitchen,2,147.06,40.42,New Customer
103714,2025-05-11,North,Electronics,1,124.17,23.7,New Customer
103715,2025-05-11,North,Electronics,2,343.65,67.54,New Customer
103716,2025-05-11,East,Electronics,1,130.24,27.45,Returning Customer
103717,2025-05-11,South,Apparel,1,36.51,14.86,New Customer
103718,2025-05-11,South,Apparel,2,62.64,20.65,VIP
103719,2025-05-11,North,Apparel,2,97.49,34.03,Returning Customer
103720,2025-05-11,East,Home & Kitchen,2,147.87,44.33,New Customer
103721,2025-05-11,West,Beauty,1,31.51,11.62,New Customer
103722,2025-05-11,South,Apparel,1,31.65,12.37,Returning Customer
103723,2025-05-11,South,Apparel,1,39.77,12.05,VIP
103724,2025-05-11,South,Electronics,2,398.5,94.76,VIP
103725,2025-05-11,East,Electronics,1,200.03,37.68,New Customer
103726,2025-05-11,West,Apparel,1,41.21,13.19,Returning Customer
103727,2025-05-11,South,Home & Kitchen,1,81.5,17.73,New Customer
103728,2025-05-11,North,Electronics,2,529.45,95.64,Returning Customer
103729,2025-05-11,North,Beauty,1,22.29,8.79,New Customer
103730,2025-05-11,South,Home & Kitchen,2,108.12,33.6,Returning Customer
103731,2025-05-11,North,Home & Kitchen,1,62.88,15.33,New Customer
103732,2025-05-11,East,Electronics,1,119.54,21.77,Returning Customer
103733,2025-05-12,South,Electronics,1,166.36,32.24,New Customer
103734,2025-05-12,South,Beauty,2,56.34,21.71,Returning Customer
103735,2025-05-12,South,Sports & Outdoors,1,73.6,23.76,VIP
103736,2025-05-12,West,Beauty,2,72.04,32.82,Returning Customer
103737,2025-05-12,North,Home & Kitchen,2,58.35,14.45,VIP
103738,2025-05-12,South,Beauty,2,71.94,27.94,VIP
103739,2025-05-12,South,Electronics,2,334.16,55.28,New Customer
103740,2025-05-12,North,Electronics,2,193.36,30.75,Returning Customer
103741,2025-05-12,North,Electronics,1,101.62,15.69,VIP
103742,2025-05-12,West,Apparel,2,69.83,24.2,New Customer
103743,2025-05-12,East,Apparel,2,102.74,36.74,Returning Customer
103744,2025-05-12,South,Apparel,2,86.25,28.84,New Customer
103745,2025-05-12,North,Sports & Outdoors,1,83.82,23.94,Returning Customer
103746,2025-05-12,North,Apparel,1,41.44,14.56,Returning Customer
103747,2025-05-12,North,Apparel,1,46.76,17.17,VIP
103748,2025-05-12,North,Beauty,2,36.36,16.23,New Customer
103749,2025-05-12,North,Beauty,1,23.12,9.91,VIP
103750,2025-05-12,West,Home & Kitchen,1,68.0,21.89,New Customer
103751,2025-05-12,South,Electronics,1,258.31,50.17,New Customer
103752,2025-05-12,North,Home & Kitchen,1,110.52,33.47,New Customer
103753,2025-05-12,North,Electronics,1,125.82,18.64,New Customer
103754,2025-05-12,East,Beauty,2,75.66,29.14,Returning Customer
103755,2025-05-12,West,Home & Kitchen,2,165.16,50.83,Returning Customer
103756,2025-05-12,North,Home & Kitchen,2,211.46,56.99,VIP
103757,2025-05-12,North,Electronics,1,147.77,27.45,Returning Customer
103758,2025-05-12,East,Beauty,2,62.24,25.58,Returning Customer
103759,2025-05-12,West,Sports & Outdoors,3,130.06,40.16,Returning Customer
103760,2025-05-12,West,Sports & Outdoors,1,47.75,15.92,VIP
103761,2025-05-12,West,Electronics,2,269.25,42.71,Returning Customer
103762,2025-05-12,West,Apparel,1,63.6,21.24,VIP
103763,2025-05-12,West,Electronics,2,368.56,55.15,Returning Customer
103764,2025-05-12,North,Beauty,1,42.71,17.9,New Customer
103765,2025-05-12,West,Sports & Outdoors,2,61.68,19.91,Returning Customer
103766,2025-05-13,North,Sports & Outdoors,1,68.24,19.75,Returning Customer
103767,2025-05-13,North,Apparel,2,71.79,23.36,VIP
103768,2025-05-13,West,Electronics,1,167.52,29.47,New Customer
103769,2025-05-13,South,Sports & Outdoors,3,196.21,55.49,New Customer
103770,2025-05-13,East,Electronics,1,186.27,29.99,Returning Customer
103771,2025-05-13,West,Beauty,1,17.26,7.06,Returning Customer
103772,2025-05-13,West,Apparel,1,37.67,14.07,New Customer
103773,2025-05-13,South,Beauty,2,65.14,28.3,New Customer
103774,2025-05-13,North,Sports & Outdoors,2,87.89,28.47,Returning Customer
103775,2025-05-13,North,Apparel,2,87.7,32.22,VIP
103776,2025-05-13,East,Electronics,1,97.65,18.25,Returning Customer
103777,2025-05-13,North,Electronics,1,208.65,33.28,New Customer
103778,2025-05-13,North,Electronics,1,139.21,22.03,New Customer
103779,2025-05-13,East,Home & Kitchen,2,185.55,55.25,Returning Customer
103780,2025-05-13,East,Electronics,2,430.78,86.37,Returning Customer
103781,2025-05-13,North,Sports & Outdoors,3,127.81,39.47,New Customer
103782,2025-05-13,West,Apparel,1,52.76,18.21,Returning Customer
103783,2025-05-13,North,Home & Kitchen,2,128.54,31.65,Returning Customer
103784,2025-05-13,West,Sports & Outdoors,2,187.61,62.35,New Customer
103785,2025-05-13,East,Electronics,1,166.05,33.96,New Customer
103786,2025-05-13,North,Home & Kitchen,2,131.33,43.8,Returning Customer
103787,2025-05-13,East,Home & Kitchen,1,57.95,12.99,New Customer
103788,2025-05-13,North,Home & Kitchen,2,93.95,21.29,VIP
103789,2025-05-13,South,Beauty,2,45.67,17.99,New Customer
103790,2025-05-14,South,Electronics,1,218.2,33.86,New Customer
103791,2025-05-14,South,Home & Kitchen,1,93.13,25.44,Returning Customer
103792,2025-05-14,North,Home & Kitchen,1,99.31,29.36,Returning Customer
103793,2025-05-14,East,Beauty,2,51.0,17.63,Returning Customer
103794,2025-05-14,North,Sports & Outdoors,1,46.97,13.54,New Customer
103795,2025-05-14,West,Home & Kitchen,1,80.35,24.99,VIP
103796,2025-05-14,North,Home & Kitchen,1,80.98,22.7,VIP
103797,2025-05-14,East,Electronics,1,137.69,18.11,New Customer
103798,2025-05-14,North,Apparel,1,64.51,21.4,VIP
103799,2025-05-14,South,Apparel,1,52.69,18.4,New Customer
103800,2025-05-14,East,Electronics,2,433.43,81.31,New Customer
103801,2025-05-14,East,Beauty,2,37.16,15.08,New Customer
103802,2025-05-14,West,Home & Kitchen,2,164.89,41.82,Returning Customer
103803,2025-05-14,East,Apparel,1,48.75,16.99,Returning Customer
103804,2025-05-14,West,Home & Kitchen,1,63.82,16.46,Returning Customer
103805,2025-05-14,North,Electronics,1,187.9,25.01,New Customer
103806,2025-05-14,North,Electronics,1,213.49,38.18,New Customer
103807,2025-05-14,East,Beauty,2,73.62,31.59,New Customer
103808,2025-05-14,North,Beauty,2,31.82,14.15,Returning Customer
103809,2025-05-14,South,Home & Kitchen,1,59.08,17.07,VIP
103810,2025-05-14,South,Sports & Outdoors,3,176.34,45.96,New Customer
103811,2025-05-14,West,Apparel,1,46.8,15.32,New Customer
103812,2025-05-14,South,Apparel,1,47.32,18.06,Returning Customer
103813,2025-05-14,North,Sports & Outdoors,1,62.16,18.66,Returning Customer
103814,2025-05-14,West,Electronics,1,201.54,28.35,Returning Customer
103815,2025-05-14,North,Sports & Outdoors,1,53.67,14.51,New Customer
103816,2025-05-14,East,Electronics,2,505.02,96.98,Returning Customer
103817,2025-05-14,West,Home & Kitchen,2,174.81,50.49,New Customer
103818,2025-05-15,East,Home & Kitchen,1,75.13,18.25,VIP
103819,2025-05-15,West,Electronics,1,135.05,25.17,Returning Customer
103820,2025-05-15,West,Apparel,1,47.38,16.18,New Customer
103821,2025-05-15,North,Beauty,1,22.01,8.61,New Customer
103822,2025-05-15,North,Apparel,1,42.51,16.69,VIP
103823,2025-05-15,West,Beauty,1,24.59,10.45,Returning Customer
103824,2025-05-15,North,Electronics,2,278.84,51.09,Returning Customer
103825,2025-05-15,North,Electronics,1,121.19,28.21,New Customer
103826,2025-05-15,East,Electronics,2,425.38,83.61,VIP
103827,2025-05-15,North,Home & Kitchen,2,165.66,50.71,Returning Customer
103828,2025-05-15,West,Sports & Outdoors,3,166.69,45.04,New Customer
103829,2025-05-15,South,Apparel,2,93.88,33.55,Returning Customer
103830,2025-05-15,North,Apparel,2,88.07,28.81,VIP
103831,2025-05-15,East,Electronics,1,156.25,26.82,VIP
103832,2025-05-15,North,Electronics,2,396.93,60.38,Returning Customer
103833,2025-05-15,West,Electronics,1,192.91,42.39,New Customer
103834,2025-05-15,North,Electronics,2,355.86,52.82,New Customer
103835,2025-05-15,South,Sports & Outdoors,2,122.7,42.15,New Customer
103836,2025-05-16,West,Sports & Outdoors,2,126.5,37.54,VIP
103837,2025-05-16,West,Apparel,2,74.16,27.93,New Customer
103838,2025-05-16,South,Apparel,2,21.69,6.5,VIP
103839,2025-05-16,North,Beauty,1,23.62,10.65,Returning Customer
103840,2025-05-16,North,Apparel,2,78.28,29.78,Returning Customer
103841,2025-05-16,East,Sports & Outdoors,3,135.11,39.95,Returning Customer
103842,2025-05-16,West,Beauty,1,24.67,10.82,New Customer
103843,2025-05-16,East,Beauty,2,78.74,33.02,New Customer
103844,2025-05-16,South,Home & Kitchen,1,63.31,20.27,Returning Customer
103845,2025-05-16,North,Sports & Outdoors,1,58.3,19.42,Returning Customer
103846,2025-05-16,South,Beauty,2,51.93,19.19,New Customer
103847,2025-05-16,South,Electronics,1,234.7,34.83,Returning Customer
103848,2025-05-16,North,Beauty,2,67.34,28.44,New Customer
103849,2025-05-16,North,Electronics,1,145.45,32.49,VIP
103850,2025-05-16,North,Apparel,2,105.14,36.62,New Customer
103851,2025-05-16,West,Sports & Outdoors,1,53.55,14.77,Returning Customer
103852,2025-05-16,North,Home & Kitchen,2,138.61,40.97,VIP
103853,2025-05-16,North,Home & Kitchen,1,76.14,22.59,VIP
103854,2025-05-16,South,Sports & Outdoors,3,176.81,62.61,Returning Customer
103855,2025-05-16,South,Beauty,1,43.46,19.07,Returning Customer
103856,2025-05-16,East,Beauty,2,64.06,30.39,New Customer
103857,2025-05-16,North,Apparel,1,51.7,17.7,Returning Customer
103858,2025-05-16,South,Apparel,1,54.81,19.5,Returning Customer
103859,2025-05-16,West,Sports & Outdoors,1,62.6,22.77,Returning Customer
103860,2025-05-16,West,Sports & Outdoors,2,88.79,24.61,VIP
103861,2025-05-16,North,Home & Kitchen,2,128.6,37.29,VIP
103862,2025-05-16,South,Home & Kitchen,1,72.53,20.47,VIP
103863,2025-05-16,South,Beauty,2,72.29,31.83,New Customer
103864,2025-05-16,North,Electronics,2,330.28,69.78,VIP
103865,2025-05-16,South,Home & Kitchen,2,101.33,23.13,New Customer
103866,2025-05-16,East,Sports & Outdoors,3,163.44,50.92,VIP
103867,2025-05-16,West,Electronics,2,452.42,85.51,VIP
103868,2025-05-16,North,Apparel,2,89.78,29.06,VIP
103869,2025-05-16,West,Apparel,1,32.61,11.15,New Customer
103870,2025-05-17,East,Apparel,2,76.63,24.19,Returning Customer
103871,2025-05-17,North,Electronics,2,335.4,75.98,New Customer
103872,2025-05-17,East,Electronics,1,164.43,29.35,Returning Customer
103873,2025-05-17,East,Electronics,1,140.92,30.33,New Customer
103874,2025-05-17,North,Sports & Outdoors,3,187.17,59.93,New Customer
103875,2025-05-17,North,Apparel,1,69.88,27.05,Returning Customer
103876,2025-05-17,South,Electronics,1,174.1,25.18,Returning Customer
103877,2025-05-17,West,Apparel,1,48.98,17.67,VIP
103878,2025-05-17,East,Beauty,1,27.69,11.31,VIP
103879,2025-05-17,East,Beauty,2,62.99,25.15,New Customer
103880,2025-05-17,West,Home & Kitchen,1,71.72,25.66,VIP
103881,2025-05-17,North,Apparel,1,36.99,13.29,VIP
103882,2025-05-17,South,Sports & Outdoors,2,111.51,37.33,New Customer
103883,2025-05-17,North,Home & Kitchen,1,52.63,12.51,Returning Customer
103884,2025-05-17,North,Apparel,2,85.53,25.24,VIP
103885,2025-05-17,North,Sports & Outdoors,1,31.91,10.51,New Customer
103886,2025-05-17,North,Electronics,2,219.12,29.24,Returning Customer
103887,2025-05-17,South,Apparel,2,124.56,43.42,Returning Customer
103888,2025-05-17,West,Electronics,2,354.73,72.92,New Customer
103889,2025-05-17,East,Home & Kitchen,1,67.61,18.89,Returning Customer
103890,2025-05-17,East,Home & Kitchen,1,46.52,12.7,New Customer
103891,2025-05-17,South,Apparel,1,38.6,12.64,VIP
103892,2025-05-17,South,Home & Kitchen,2,86.44,23.4,VIP
103893,2025-05-17,North,Beauty,2,73.95,29.84,Returning Customer
103894,2025-05-17,West,Sports & Outdoors,1,42.52,14.96,Returning Customer
103895,2025-05-17,East,Beauty,2,72.12,30.93,New Customer
103896,2025-05-17,West,Apparel,2,90.7,36.83,Returning Customer
103897,2025-05-17,South,Apparel,2,72.37,23.41,VIP
103898,2025-05-17,North,Electronics,1,174.57,32.88,New Customer
103899,2025-05-18,East,Electronics,2,490.02,71.88,New Customer
103900,2025-05-18,East,Apparel,1,46.41,14.94,VIP
103901,2025-05-18,South,Beauty,1,23.98,11.5,New Customer
103902,2025-05-18,East,Electronics,1,134.78,21.62,New Customer
103903,2025-05-18,South,Sports & Outdoors,1,75.63,21.99,Returning Customer
103904,2025-05-18,South,Apparel,2,115.39,31.92,New Customer
103905,2025-05-18,West,Electronics,2,266.57,42.33,New Customer
103906,2025-05-18,South,Apparel,1,62.42,22.97,Returning Customer
103907,2025-05-18,South,Electronics,2,316.93,68.49,Returning Customer
103908,2025-05-18,West,Beauty,1,28.25,14.02,Returning Customer
103909,2025-05-18,North,Apparel,1,36.93,12.8,Returning Customer
103910,2025-05-18,North,Apparel,1,35.3,11.57,Returning Customer
103911,2025-05-18,South,Apparel,2,78.43,29.68,New Customer
103912,2025-05-18,South,Beauty,1,16.53,7.3,New Customer
103913,2025-05-18,South,Electronics,1,156.67,25.48,New Customer
103914,2025-05-18,East,Home & Kitchen,1,87.55,25.35,New Customer
103915,2025-05-18,East,Beauty,1,22.74,8.61,VIP
103916,2025-05-18,West,Apparel,1,30.79,10.37,Returning Customer
103917,2025-05-18,South,Electronics,2,447.08,76.41,New Customer
103918,2025-05-18,West,Apparel,2,122.06,39.83,Returning Customer
103919,2025-05-18,East,Beauty,1,20.97,8.39,New Customer
103920,2025-05-18,East,Home & Kitchen,1,68.21,20.01,Returning Customer
103921,2025-05-18,North,Apparel,2,72.17,24.37,Returning Customer
103922,2025-05-18,South,Home & Kitchen,2,130.02,35.45,New Customer
103923,2025-05-18,West,Electronics,1,188.06,26.55,Returning Customer
103924,2025-05-18,North,Home & Kitchen,1,62.69,19.93,Returning Customer
103925,2025-05-18,East,Home & Kitchen,1,60.93,16.15,New Customer
103926,2025-05-18,West,Electronics,1,172.11,40.77,New Customer
103927,2025-05-18,South,Electronics,2,356.3,65.5,New Customer
103928,2025-05-19,East,Sports & Outdoors,1,28.23,7.62,Returning Customer
103929,2025-05-19,South,Home & Kitchen,1,55.72,19.02,Returning Customer
103930,2025-05-19,North,Apparel,1,27.69,7.94,Returning Customer
103931,2025-05-19,South,Apparel,2,49.03,17.59,Returning Customer
103932,2025-05-19,North,Beauty,2,28.38,11.31,New Customer
103933,2025-05-19,West,Sports & Outdoors,1,47.56,14.16,Returning Customer
103934,2025-05-19,East,Sports & Outdoors,1,37.26,10.75,VIP
103935,2025-05-19,North,Sports & Outdoors,2,125.3,38.95,New Customer
103936,2025-05-19,East,Home & Kitchen,2,128.4,37.27,Returning Customer
103937,2025-05-19,South,Apparel,1,52.76,21.06,Returning Customer
103938,2025-05-19,North,Home & Kitchen,1,55.18,14.56,Returning Customer
103939,2025-05-19,North,Electronics,2,200.76,31.33,Returning Customer
103940,2025-05-19,East,Apparel,2,84.49,26.78,New Customer
103941,2025-05-19,East,Electronics,2,270.27,54.87,New Customer
103942,2025-05-19,West,Electronics,1,78.46,15.48,New Customer
103943,2025-05-19,North,Apparel,2,82.87,32.35,Returning Customer
103944,2025-05-19,West,Apparel,2,73.8,25.99,Returning Customer
103945,2025-05-19,North,Beauty,2,69.86,29.86,New Customer
103946,2025-05-19,North,Apparel,2,100.35,34.62,Returning Customer
103947,2025-05-19,West,Electronics,2,415.57,89.47,Returning Customer
103948,2025-05-19,West,Electronics,2,298.8,58.3,VIP
103949,2025-05-19,North,Electronics,1,220.41,41.04,New Customer
103950,2025-05-19,South,Apparel,1,35.02,12.93,Returning Customer
103951,2025-05-19,North,Apparel,1,52.63,18.11,Returning Customer
103952,2025-05-19,East,Sports & Outdoors,3,228.12,78.26,New Customer
103953,2025-05-19,East,Apparel,2,51.54,18.75,New Customer
103954,2025-05-19,South,Electronics,2,339.31,44.46,VIP
103955,2025-05-19,North,Electronics,2,342.32,69.35,VIP
103956,2025-05-19,North,Electronics,1,239.23,55.23,New Customer
103957,2025-05-20,North,Home & Kitchen,2,124.67,36.08,Returning Customer
103958,2025-05-20,North,Apparel,1,50.8,15.27,Returning Customer
103959,2025-05-20,East,Home & Kitchen,1,64.11,19.44,VIP
103960,2025-05-20,North,Apparel,1,28.28,10.32,New Customer
103961,2025-05-20,East,Beauty,1,27.72,10.34,Returning Customer
103962,2025-05-20,South,Home & Kitchen,2,131.13,35.21,New Customer
103963,2025-05-20,West,Beauty,2,64.46,25.47,Returning Customer
103964,2025-05-20,West,Beauty,2,64.34,27.38,Returning Customer
103965,2025-05-20,West,Beauty,1,31.12,12.61,New Customer
103966,2025-05-20,North,Beauty,1,33.93,14.75,Returning Customer
103967,2025-05-20,East,Home & Kitchen,2,156.28,46.64,New Customer
103968,2025-05-20,North,Home & Kitchen,2,115.0,33.53,VIP
103969,2025-05-20,East,Apparel,2,122.48,45.64,Returning Customer
103970,2025-05-20,East,Electronics,1,201.22,34.38,Returning Customer
103971,2025-05-20,East,Electronics,2,391.44,55.43,New Customer
103972,2025-05-20,West,Apparel,1,30.84,10.76,Returning Customer
103973,2025-05-20,East,Apparel,1,36.85,12.91,New Customer
103974,2025-05-20,North,Beauty,1,30.17,12.56,Returning Customer
103975,2025-05-20,South,Apparel,1,46.78,16.25,New Customer
103976,2025-05-20,North,Apparel,2,120.61,39.01,Returning Customer
103977,2025-05-20,West,Apparel,2,71.25,23.57,Returning Customer
103978,2025-05-20,East,Sports & Outdoors,3,171.25,46.53,New Customer
103979,2025-05-20,South,Home & Kitchen,2,136.81,44.21,New Customer
103980,2025-05-20,West,Electronics,2,253.67,45.16,Returning Customer
103981,2025-05-20,East,Apparel,1,59.22,20.64,Returning Customer
103982,2025-05-20,North,Sports & Outdoors,3,112.63,24.7,New Customer
103983,2025-05-20,North,Beauty,1,37.35,15.27,New Customer
103984,2025-05-20,East,Apparel,2,93.79,31.29,New Customer
103985,2025-05-20,East,Apparel,1,45.84,16.42,VIP
103986,2025-05-20,North,Home & Kitchen,1,77.95,17.78,New Customer
103987,2025-05-21,South,Home & Kitchen,2,102.83,24.18,New Customer
103988,2025-05-21,East,Electronics,2,365.02,73.74,Returning Customer
103989,2025-05-21,East,Home & Kitchen,1,69.47,19.88,Returning Customer
103990,2025-05-21,North,Home & Kitchen,2,155.46,35.64,VIP
103991,2025-05-21,East,Electronics,1,127.94,25.86,Returning Customer
103992,2025-05-21,East,Home & Kitchen,2,149.18,48.37,New Customer
103993,2025-05-21,West,Beauty,1,24.75,10.7,New Customer
103994,2025-05-21,West,Home & Kitchen,1,76.09,22.75,Returning Customer
103995,2025-05-21,South,Beauty,1,32.08,12.32,New Customer
103996,2025-05-21,North,Home & Kitchen,1,47.34,14.55,VIP
103997,2025-05-21,North,Home & Kitchen,1,67.85,19.7,Returning Customer
103998,2025-05-21,North,Electronics,1,172.66,26.29,Returning Customer
103999,2025-05-21,South,Electronics,1,207.94,45.02,VIP
104000,2025-05-21,West,Sports & Outdoors,3,190.36,59.15,Returning Customer
104001,2025-05-21,North,Electronics,2,343.5,50.56,New Customer
104002,2025-05-21,West,Beauty,2,50.86,19.93,Returning Customer
104003,2025-05-21,East,Beauty,1,27.54,11.85,New Customer
104004,2025-05-21,East,Apparel,1,51.78,17.06,New Customer
104005,2025-05-21,East,Electronics,1,218.77,43.93,Returning Customer
104006,2025-05-21,North,Electronics,1,145.45,25.64,VIP
104007,2025-05-21,South,Beauty,1,27.48,10.79,Returning Customer
104008,2025-05-21,North,Apparel,2,138.65,46.85,VIP
104009,2025-05-21,West,Electronics,2,257.48,44.84,New Customer
104010,2025-05-21,North,Beauty,2,47.98,22.38,Returning Customer
104011,2025-05-21,East,Sports & Outdoors,3,214.43,70.64,Returning Customer
104012,2025-05-21,South,Home & Kitchen,1,80.38,23.94,Returning Customer
104013,2025-05-21,North,Electronics,2,441.57,75.35,VIP
104014,2025-05-21,North,Sports & Outdoors,2,125.98,45.74,Returning Customer
104015,2025-05-21,West,Apparel,1,55.73,18.89,VIP
104016,2025-05-21,North,Beauty,1,36.07,15.45,VIP
104017,2025-05-21,East,Electronics,2,411.72,65.82,New Customer
104018,2025-05-21,West,Home & Kitchen,2,95.35,30.35,New Customer
104019,2025-05-21,East,Sports & Outdoors,2,119.49,36.87,Returning Customer
104020,2025-05-21,South,Home & Kitchen,2,134.06,39.18,New Customer
104021,2025-05-21,East,Electronics,2,311.93,66.69,Returning Customer
104022,2025-05-22,North,Electronics,2,454.46,85.67,New Customer
104023,2025-05-22,East,Home & Kitchen,2,116.95,27.22,Returning Customer
104024,2025-05-22,North,Beauty,1,33.34,15.42,Returning Customer
104025,2025-05-22,West,Apparel,2,127.88,40.94,VIP
104026,2025-05-22,North,Electronics,2,399.73,65.1,Returning Customer
104027,2025-05-22,North,Beauty,2,72.8,29.98,Returning Customer
104028,2025-05-22,East,Beauty,2,33.29,12.31,VIP
104029,2025-05-22,North,Home & Kitchen,2,90.98,19.79,Returning Customer
104030,2025-05-22,West,Apparel,2,79.8,25.06,VIP
104031,2025-05-22,North,Electronics,2,337.1,64.63,Returning Customer
104032,2025-05-22,South,Electronics,2,201.0,31.84,VIP
104033,2025-05-22,East,Home & Kitchen,1,47.34,13.23,Returning Customer
104034,2025-05-22,South,Apparel,1,21.96,7.37,New Customer
104035,2025-05-22,North,Electronics,2,372.96,71.99,New Customer
104036,2025-05-22,East,Home & Kitchen,2,135.84,43.11,VIP
104037,2025-05-22,South,Sports & Outdoors,1,64.03,18.73,New Customer
104038,2025-05-22,North,Apparel,1,34.82,13.37,New Customer
104039,2025-05-22,South,Electronics,1,118.79,21.35,Returning Customer
104040,2025-05-22,West,Beauty,1,31.13,13.13,New Customer
104041,2025-05-22,East,Sports & Outdoors,3,129.28,39.87,New Customer
104042,2025-05-22,North,Electronics,1,172.55,32.14,Returning Customer
104043,2025-05-22,North,Beauty,2,59.03,23.06,VIP
104044,2025-05-22,East,Sports & Outdoors,1,61.75,16.98,Returning Customer
104045,2025-05-22,South,Beauty,2,55.19,22.43,Returning Customer
104046,2025-05-22,East,Electronics,1,204.25,36.56,Returning Customer
104047,2025-05-22,West,Home & Kitchen,2,104.28,27.25,New Customer
104048,2025-05-22,South,Beauty,2,78.64,35.5,New Customer
104049,2025-05-22,West,Home & Kitchen,2,102.98,30.16,Returning Customer
104050,2025-05-22,East,Beauty,2,55.38,24.24,VIP
104051,2025-05-22,West,Beauty,2,78.5,31.69,Returning Customer
104052,2025-05-22,East,Beauty,1,49.08,22.22,New Customer
104053,2025-05-23,West,Electronics,2,337.31,60.94,Returning Customer
104054,2025-05-23,North,Apparel,1,28.01,11.11,Returning Customer
104055,2025-05-23,East,Electronics,1,185.73,26.12,New Customer
104056,2025-05-23,South,Electronics,1,79.12,18.48,New Customer
104057,2025-05-23,East,Electronics,2,392.6,64.49,Returning Customer
104058,2025-05-23,East,Electronics,1,133.89,20.98,VIP
104059,2025-05-23,East,Apparel,2,102.49,33.39,Returning Customer
104060,2025-05-23,North,Electronics,1,155.08,23.61,Returning Customer
104061,2025-05-23,East,Beauty,1,32.78,14.16,New Customer
104062,2025-05-23,East,Apparel,1,39.93,15.69,New Customer
104063,2025-05-23,East,Home & Kitchen,1,82.36,25.31,Returning Customer
104064,2025-05-23,East,Home & Kitchen,1,71.21,23.1,Returning Customer
104065,2025-05-23,North,Electronics,2,494.64,84.68,New Customer
104066,2025-05-23,North,Electronics,1,171.11,37.61,Returning Customer
104067,2025-05-23,North,Sports & Outdoors,3,166.01,55.42,VIP
104068,2025-05-23,West,Sports & Outdoors,3,81.71,24.15,New Customer
104069,2025-05-23,East,Electronics,2,371.36,60.02,New Customer
104070,2025-05-23,South,Sports & Outdoors,1,65.53,23.9,Returning Customer
104071,2025-05-23,South,Beauty,1,35.23,13.45,New Customer
104072,2025-05-23,South,Electronics,1,134.38,29.62,VIP
104073,2025-05-23,South,Apparel,2,72.78,26.4,Returning Customer
104074,2025-05-23,East,Home & Kitchen,2,136.74,26.07,New Customer
104075,2025-05-23,East,Apparel,2,100.19,34.35,VIP
104076,2025-05-23,South,Home & Kitchen,2,138.48,36.22,New Customer
104077,2025-05-24,West,Electronics,2,290.29,43.6,Returning Customer
104078,2025-05-24,West,Electronics,1,222.28,44.25,Returning Customer
104079,2025-05-24,South,Electronics,2,370.63,66.36,New Customer
104080,2025-05-24,East,Electronics,1,136.6,22.95,New Customer
104081,2025-05-24,North,Beauty,1,28.58,12.37,Returning Customer
104082,2025-05-24,East,Electronics,2,378.34,77.21,New Customer
104083,2025-05-24,South,Apparel,1,40.54,14.45,New Customer
104084,2025-05-24,West,Beauty,1,20.78,9.65,VIP
104085,2025-05-24,North,Home & Kitchen,1,64.03,21.67,Returning Customer
104086,2025-05-24,West,Beauty,1,27.63,11.5,New Customer
104087,2025-05-24,West,Beauty,2,29.88,12.99,Returning Customer
104088,2025-05-24,East,Electronics,2,350.28,75.76,VIP
104089,2025-05-24,West,Home & Kitchen,2,145.54,40.9,New Customer
104090,2025-05-24,West,Electronics,1,155.96,22.3,Returning Customer
104091,2025-05-24,West,Sports & Outdoors,1,43.48,15.27,Returning Customer
104092,2025-05-24,West,Apparel,1,36.28,15.03,VIP
104093,2025-05-24,South,Home & Kitchen,1,63.06,17.4,New Customer
104094,2025-05-24,West,Home & Kitchen,2,133.35,34.49,Returning Customer
104095,2025-05-24,South,Home & Kitchen,1,37.39,10.32,Returning Customer
104096,2025-05-24,East,Home & Kitchen,2,165.09,44.59,VIP
104097,2025-05-24,East,Electronics,2,274.11,50.79,Returning Customer
104098,2025-05-24,North,Electronics,2,401.17,73.88,New Customer
104099,2025-05-24,North,Home & Kitchen,2,133.8,37.8,Returning Customer
104100,2025-05-24,South,Beauty,2,84.83,36.11,New Customer
104101,2025-05-24,North,Home & Kitchen,2,96.21,33.56,VIP
104102,2025-05-24,North,Beauty,1,23.06,11.05,New Customer
104103,2025-05-24,South,Apparel,1,57.49,18.97,New Customer
104104,2025-05-24,South,Beauty,2,35.8,15.35,Returning Customer
104105,2025-05-24,East,Beauty,1,41.92,17.9,New Customer
104106,2025-05-24,East,Electronics,2,348.15,56.49,New Customer
104107,2025-05-24,East,Home & Kitchen,1,77.18,20.5,New Customer
104108,2025-05-24,West,Electronics,2,371.88,44.99,New Customer
104109,2025-05-24,North,Apparel,2,80.5,32.33,VIP
104110,2025-05-24,East,Electronics,2,364.71,78.38,New Customer
104111,2025-05-24,North,Sports & Outdoors,2,110.53,32.2,New Customer
104112,2025-05-24,South,Electronics,2,393.45,72.13,VIP
104113,2025-05-24,East,Beauty,1,28.16,11.72,VIP
104114,2025-05-24,North,Home & Kitchen,1,80.58,22.93,New Customer
104115,2025-05-24,North,Apparel,1,62.84,21.96,New Customer
104116,2025-05-24,South,Electronics,1,189.65,38.94,New Customer
104117,2025-05-25,West,Electronics,2,545.26,112.5,VIP
104118,2025-05-25,West,Apparel,2,36.74,12.94,New Customer
104119,2025-05-25,West,Sports & Outdoors,1,69.84,20.91,Returning Customer
104120,2025-05-25,North,Beauty,2,55.32,21.69,VIP
104121,2025-05-25,East,Home & Kitchen,1,44.45,13.41,VIP
104122,2025-05-25,North,Sports & Outdoors,3,176.65,48.14,Returning Customer
104123,2025-05-25,West,Electronics,1,195.19,47.12,VIP
104124,2025-05-25,North,Apparel,2,93.6,33.62,New Customer
104125,2025-05-25,West,Home & Kitchen,1,60.16,16.55,VIP
104126,2025-05-25,West,Sports & Outdoors,3,128.05,41.32,VIP
104127,2025-05-25,North,Apparel,2,104.24,37.1,Returning Customer
104128,2025-05-25,North,Electronics,2,347.4,76.89,Returning Customer
104129,2025-05-25,West,Apparel,2,91.03,31.86,Returning Customer
104130,2025-05-25,West,Apparel,1,55.7,16.3,VIP
104131,2025-05-25,West,Electronics,2,353.75,65.25,VIP
104132,2025-05-25,North,Electronics,2,357.68,79.84,Returning Customer
104133,2025-05-25,East,Electronics,1,159.94,23.98,VIP
104134,2025-05-25,West,Electronics,1,212.35,29.72,New Customer
104135,2025-05-25,North,Home & Kitchen,2,77.77,21.06,New Customer
104136,2025-05-25,East,Home & Kitchen,1,71.21,22.63,VIP
104137,2025-05-25,South,Beauty,2,39.06,15.01,New Customer
104138,2025-05-25,South,Beauty,1,28.01,12.35,Returning Customer
104139,2025-05-25,East,Electronics,1,207.6,41.43,Returning Customer
104140,2025-05-26,North,Apparel,1,53.04,17.45,VIP
104141,2025-05-26,South,Home & Kitchen,1,57.74,14.39,VIP
104142,2025-05-26,East,Home & Kitchen,2,69.8,20.06,New Customer
104143,2025-05-26,East,Home & Kitchen,1,74.96,21.64,VIP
104144,2025-05-26,West,Electronics,1,160.57,39.23,VIP
104145,2025-05-26,South,Beauty,1,25.38,11.0,Returning Customer
104146,2025-05-26,West,Home & Kitchen,2,162.87,49.25,New Customer
104147,2025-05-26,South,Electronics,2,411.57,72.4,Returning Customer
104148,2025-05-26,East,Home & Kitchen,2,153.19,51.71,Returning Customer
104149,2025-05-26,West,Electronics,2,286.3,42.82,New Customer
104150,2025-05-26,East,Apparel,2,84.09,30.02,Returning Customer
104151,2025-05-26,West,Home & Kitchen,1,55.99,16.51,VIP
104152,2025-05-26,West,Beauty,1,25.76,9.68,Returning Customer
104153,2025-05-26,East,Home & Kitchen,1,66.23,16.87,Returning Customer
104154,2025-05-26,West,Sports & Outdoors,3,194.53,63.86,Returning Customer
104155,2025-05-26,West,Apparel,1,70.8,26.52,Returning Customer
104156,2025-05-26,North,Apparel,2,75.0,24.66,New Customer
104157,2025-05-26,East,Sports & Outdoors,1,43.4,13.06,New Customer
104158,2025-05-26,North,Home & Kitchen,1,47.05,12.21,Returning Customer
104159,2025-05-26,East,Apparel,2,60.2,20.0,Returning Customer
104160,2025-05-26,West,Beauty,2,59.44,26.92,Returning Customer
104161,2025-05-26,South,Home & Kitchen,2,111.76,35.87,VIP
104162,2025-05-26,East,Home & Kitchen,2,81.57,21.24,Returning Customer
104163,2025-05-26,South,Home & Kitchen,2,158.04,39.38,Returning Customer
104164,2025-05-26,East,Electronics,1,249.2,35.95,New Customer
104165,2025-05-26,West,Sports & Outdoors,3,185.8,52.35,New Customer
104166,2025-05-26,South,Home & Kitchen,2,190.89,48.33,New Customer
104167,2025-05-26,South,Beauty,1,29.04,10.96,Returning Customer
104168,2025-05-26,North,Sports & Outdoors,1,38.21,12.57,Returning Customer
104169,2025-05-26,East,Home & Kitchen,2,124.76,33.16,Returning Customer
104170,2025-05-26,South,Electronics,2,507.18,102.18,VIP
104171,2025-05-26,West,Sports & Outdoors,3,198.72,49.97,Returning Customer
104172,2025-05-27,South,Sports & Outdoors,1,53.26,20.52,Returning Customer
104173,2025-05-27,East,Sports & Outdoors,3,98.52,30.62,New Customer
104174,2025-05-27,West,Sports & Outdoors,3,164.27,53.68,Returning Customer
104175,2025-05-27,East,Electronics,2,372.31,57.19,Returning Customer
104176,2025-05-27,West,Electronics,2,255.1,42.0,Returning Customer
104177,2025-05-27,South,Sports & Outdoors,3,221.78,79.35,New Customer
104178,2025-05-27,South,Home & Kitchen,2,97.16,29.19,VIP
104179,2025-05-27,South,Apparel,1,43.09,13.76,Returning Customer
104180,2025-05-27,East,Apparel,2,91.23,29.76,Returning Customer
104181,2025-05-27,North,Beauty,1,21.48,8.71,New Customer
104182,2025-05-27,North,Electronics,1,228.99,35.38,New Customer
104183,2025-05-27,North,Beauty,2,56.83,24.03,New Customer
104184,2025-05-27,North,Home & Kitchen,1,66.64,19.69,New Customer
104185,2025-05-27,West,Home & Kitchen,1,66.39,18.16,Returning Customer
104186,2025-05-27,South,Sports & Outdoors,3,113.81,36.06,Returning Customer
104187,2025-05-27,South,Electronics,2,404.35,59.34,New Customer
104188,2025-05-27,North,Home & Kitchen,1,88.08,27.34,Returning Customer
104189,2025-05-27,East,Electronics,2,416.95,70.31,New Customer
104190,2025-05-27,West,Apparel,2,84.35,33.06,New Customer
104191,2025-05-27,East,Home & Kitchen,1,73.54,21.8,VIP
104192,2025-05-27,North,Beauty,2,49.77,18.31,New Customer
104193,2025-05-27,East,Home & Kitchen,1,82.97,22.01,New Customer
104194,2025-05-27,North,Sports & Outdoors,2,114.25,32.03,VIP
104195,2025-05-27,North,Beauty,1,30.47,14.22,New Customer
104196,2025-05-27,North,Apparel,1,42.92,13.97,VIP
104197,2025-05-28,East,Sports & Outdoors,1,48.85,14.88,New Customer
104198,2025-05-28,North,Sports & Outdoors,3,201.53,54.81,Returning Customer
104199,2025-05-28,West,Home & Kitchen,1,51.73,15.56,New Customer
104200,2025-05-28,West,Apparel,2,128.74,44.0,VIP
104201,2025-05-28,East,Apparel,2,80.13,30.91,New Customer
104202,2025-05-28,East,Home & Kitchen,2,100.04,29.86,Returning Customer
104203,2025-05-28,South,Apparel,2,13.9,5.0,New Customer
104204,2025-05-28,South,Apparel,1,42.64,14.45,Returning Customer
104205,2025-05-28,East,Apparel,2,88.97,29.98,Returning Customer
104206,2025-05-28,South,Beauty,1,27.07,11.45,VIP
104207,2025-05-28,East,Beauty,2,61.73,22.39,New Customer
104208,2025-05-28,East,Apparel,2,87.86,27.33,Returning Customer
104209,2025-05-28,South,Home & Kitchen,1,78.62,20.68,New Customer
104210,2025-05-28,East,Electronics,1,183.63,32.07,VIP
104211,2025-05-28,South,Electronics,2,265.74,44.76,New Customer
104212,2025-05-28,East,Sports & Outdoors,3,130.08,36.61,Returning Customer
104213,2025-05-28,East,Home & Kitchen,1,88.96,27.61,Returning Customer
104214,2025-05-28,North,Electronics,2,336.35,49.29,New Customer
104215,2025-05-28,South,Electronics,1,165.11,36.53,New Customer
104216,2025-05-28,West,Beauty,2,70.34,28.13,New Customer
104217,2025-05-28,North,Electronics,2,310.83,56.31,New Customer
104218,2025-05-28,North,Home & Kitchen,2,82.7,25.96,Returning Customer
104219,2025-05-28,North,Apparel,2,119.68,43.72,Returning Customer
104220,2025-05-28,North,Home & Kitchen,2,166.19,56.86,New Customer
104221,2025-05-28,West,Sports & Outdoors,2,113.71,37.32,VIP
104222,2025-05-28,North,Beauty,1,26.67,9.95,VIP
104223,2025-05-28,West,Apparel,2,52.79,20.41,Returning Customer
104224,2025-05-28,West,Apparel,2,125.96,41.63,Returning Customer
104225,2025-05-28,North,Apparel,2,103.38,32.37,VIP
104226,2025-05-28,North,Beauty,2,94.69,39.48,New Customer
104227,2025-05-28,East,Home & Kitchen,2,117.15,34.16,New Customer
104228,2025-05-28,West,Electronics,1,161.66,32.87,VIP
104229,2025-05-28,South,Home & Kitchen,1,74.11,19.54,Returning Customer
104230,2025-05-29,East,Apparel,1,37.16,13.79,Returning Customer
104231,2025-05-29,East,Home & Kitchen,1,59.45,18.06,New Customer
104232,2025-05-29,West,Apparel,1,45.03,15.57,VIP
104233,2025-05-29,West,Electronics,1,209.11,51.05,New Customer
104234,2025-05-29,East,Apparel,1,38.49,12.82,Returning Customer
104235,2025-05-29,East,Electronics,2,521.02,86.72,New Customer
104236,2025-05-29,West,Home & Kitchen,2,103.12,26.54,VIP
104237,2025-05-29,North,Apparel,2,63.83,18.38,Returning Customer
104238,2025-05-29,South,Sports & Outdoors,3,139.47,39.94,New Customer
104239,2025-05-29,West,Home & Kitchen,2,200.96,66.18,New Customer
104240,2025-05-29,West,Beauty,2,64.09,25.63,New Customer
104241,2025-05-29,East,Home & Kitchen,1,70.29,20.79,Returning Customer
104242,2025-05-29,North,Beauty,1,20.72,8.0,New Customer
104243,2025-05-29,South,Sports & Outdoors,3,91.86,25.65,Returning Customer
104244,2025-05-29,North,Sports & Outdoors,2,98.13,26.9,New Customer
104245,2025-05-29,West,Electronics,1,216.85,35.77,Returning Customer
104246,2025-05-29,North,Beauty,2,62.71,24.13,VIP
104247,2025-05-29,West,Home & Kitchen,2,75.56,21.94,Returning Customer
104248,2025-05-29,North,Apparel,2,95.77,31.31,New Customer
104249,2025-05-29,South,Apparel,1,32.91,11.03,VIP
104250,2025-05-29,South,Electronics,1,173.75,40.47,New Customer
104251,2025-05-29,East,Home & Kitchen,2,121.61,37.68,Returning Customer
104252,2025-05-29,East,Electronics,1,253.61,43.44,Returning Customer
104253,2025-05-29,North,Apparel,2,106.81,38.16,New Customer
104254,2025-05-29,East,Electronics,1,99.09,14.93,New Customer
104255,2025-05-29,West,Electronics,2,363.13,62.45,VIP
104256,2025-05-29,West,Home & Kitchen,1,77.56,17.93,VIP
104257,2025-05-29,South,Sports & Outdoors,2,101.76,34.76,New Customer
104258,2025-05-30,West,Electronics,2,274.45,55.45,New Customer
104259,2025-05-30,East,Sports & Outdoors,2,112.45,34.42,Returning Customer
104260,2025-05-30,East,Electronics,1,142.31,25.44,Returning Customer
104261,2025-05-30,South,Home & Kitchen,1,62.75,16.33,VIP
104262,2025-05-30,North,Home & Kitchen,2,139.76,40.48,VIP
104263,2025-05-30,West,Apparel,1,41.44,12.44,New Customer
104264,2025-05-30,West,Home & Kitchen,2,167.85,45.01,Returning Customer
104265,2025-05-30,East,Electronics,2,219.82,33.68,New Customer
104266,2025-05-30,North,Home & Kitchen,2,82.44,25.44,VIP
104267,2025-05-30,North,Sports & Outdoors,3,162.71,46.92,Returning Customer
104268,2025-05-30,North,Electronics,2,319.04,74.63,New Customer
104269,2025-05-30,West,Electronics,1,237.84,52.27,VIP
104270,2025-05-30,West,Beauty,1,31.13,12.46,New Customer
104271,2025-05-30,South,Home & Kitchen,1,62.75,15.85,VIP
104272,2025-05-30,South,Beauty,2,67.33,27.39,Returning Customer
104273,2025-05-30,North,Beauty,2,60.45,26.4,New Customer
104274,2025-05-30,North,Beauty,1,28.24,10.92,Returning Customer
104275,2025-05-30,North,Apparel,1,67.74,23.27,Returning Customer
104276,2025-05-30,West,Apparel,2,96.09,31.03,New Customer
104277,2025-05-30,East,Apparel,2,106.49,32.38,Returning Customer
104278,2025-05-30,West,Sports & Outdoors,3,154.25,50.28,New Customer
104279,2025-05-30,East,Sports & Outdoors,2,91.19,24.82,Returning Customer
104280,2025-05-30,South,Home & Kitchen,1,72.65,17.01,VIP
104281,2025-05-30,East,Sports & Outdoors,3,152.52,46.04,New Customer
104282,2025-05-30,North,Apparel,1,69.95,24.52,Returning Customer
104283,2025-05-31,South,Electronics,1,221.22,46.06,VIP
104284,2025-05-31,North,Electronics,1,199.05,24.08,VIP
104285,2025-05-31,South,Electronics,1,115.75,23.34,Returning Customer
104286,2025-05-31,West,Beauty,1,46.93,21.66,New Customer
104287,2025-05-31,East,Apparel,1,46.79,17.5,Returning Customer
104288,2025-05-31,North,Apparel,2,103.3,33.22,New Customer
104289,2025-05-31,West,Home & Kitchen,1,57.56,15.76,Returning Customer
104290,2025-05-31,West,Apparel,1,45.01,15.75,New Customer
104291,2025-05-31,East,Electronics,1,218.01,45.98,Returning Customer
104292,2025-05-31,East,Apparel,2,91.39,31.82,Returning Customer
104293,2025-05-31,East,Sports & Outdoors,1,45.2,14.19,New Customer
104294,2025-05-31,East,Electronics,1,224.89,45.06,Returning Customer
104295,2025-05-31,South,Electronics,2,373.98,64.22,New Customer
104296,2025-05-31,West,Beauty,2,48.46,22.33,Returning Customer
104297,2025-05-31,East,Apparel,2,82.6,26.9,New Customer
104298,2025-05-31,East,Beauty,2,72.16,30.78,VIP
104299,2025-05-31,West,Beauty,2,59.75,29.06,New Customer
104300,2025-05-31,East,Sports & Outdoors,3,120.12,35.97,VIP
104301,2025-05-31,South,Electronics,1,184.57,31.74,VIP
104302,2025-05-31,East,Electronics,2,563.36,93.94,Returning Customer
104303,2025-05-31,South,Apparel,1,40.78,15.33,Returning Customer
104304,2025-05-31,East,Electronics,1,159.5,30.5,Returning Customer
104305,2025-05-31,East,Home & Kitchen,2,50.65,13.28,Returning Customer
104306,2025-05-31,West,Beauty,2,52.25,23.91,New Customer
104307,2025-05-31,East,Beauty,1,25.86,11.42,Returning Customer
104308,2025-05-31,North,Beauty,1,25.17,9.56,New Customer
104309,2025-05-31,South,Apparel,1,40.95,16.83,Returning Customer
104310,2025-05-31,West,Electronics,2,403.87,69.9,Returning Customer
104311,2025-05-31,North,Apparel,2,72.19,26.0,Returning Customer
104312,2025-05-31,West,Apparel,2,61.79,20.89,Returning Customer
104313,2025-05-31,East,Apparel,2,85.88,26.8,New Customer
104314,2025-05-31,North,Beauty,1,23.74,10.42,Returning Customer
104315,2025-05-31,East,Sports & Outdoors,1,32.48,9.04,New Customer
104316,2025-05-31,East,Beauty,1,25.9,10.65,New Customer
104317,2025-05-31,West,Apparel,2,88.16,31.15,New Customer
104318,2025-05-31,North,Electronics,2,455.04,102.16,Returning Customer
104319,2025-05-31,East,Apparel,2,101.39,35.94,New Customer
104320,2025-06-01,South,Apparel,2,108.19,39.66,Returning Customer
104321,2025-06-01,South,Apparel,2,80.25,29.45,New Customer
104322,2025-06-01,West,Electronics,1,260.33,49.46,New Customer
104323,2025-06-01,East,Electronics,1,191.38,43.62,New Customer
104324,2025-06-01,North,Apparel,1,29.9,10.72,New Customer
104325,2025-06-01,East,Electronics,1,250.98,41.37,Returning Customer
104326,2025-06-01,North,Apparel,1,67.03,25.26,VIP
104327,2025-06-01,South,Apparel,1,61.36,17.22,VIP
104328,2025-06-01,East,Beauty,2,46.42,21.61,VIP
104329,2025-06-01,East,Beauty,1,21.92,9.05,New Customer
104330,2025-06-01,West,Apparel,2,72.72,22.99,New Customer
104331,2025-06-01,North,Electronics,1,82.82,12.79,VIP
104332,2025-06-01,North,Apparel,1,46.29,16.04,New Customer
104333,2025-06-01,West,Electronics,2,368.33,81.25,Returning Customer
104334,2025-06-01,East,Sports & Outdoors,1,57.76,18.49,New Customer
104335,2025-06-01,North,Home & Kitchen,1,61.18,16.78,VIP
104336,2025-06-01,South,Electronics,2,251.99,51.31,New Customer
104337,2025-06-01,West,Apparel,1,48.61,15.45,Returning Customer
104338,2025-06-01,North,Sports & Outdoors,1,43.53,12.11,New Customer
104339,2025-06-01,West,Apparel,1,35.41,11.02,New Customer
104340,2025-06-01,North,Home & Kitchen,2,151.15,36.74,VIP
104341,2025-06-01,South,Beauty,2,49.97,19.35,New Customer
104342,2025-06-01,North,Beauty,2,54.52,23.73,Returning Customer
104343,2025-06-01,East,Home & Kitchen,2,102.99,20.3,VIP
104344,2025-06-01,East,Sports & Outdoors,1,57.71,16.91,VIP
104345,2025-06-01,South,Beauty,2,38.77,18.08,New Customer
104346,2025-06-01,East,Home & Kitchen,2,169.91,40.63,New Customer
104347,2025-06-01,East,Apparel,2,81.44,31.15,Returning Customer
104348,2025-06-01,North,Electronics,1,229.37,52.69,New Customer
104349,2025-06-01,North,Home & Kitchen,1,71.33,23.83,VIP
104350,2025-06-02,North,Sports & Outdoors,3,126.94,38.07,New Customer
104351,2025-06-02,West,Electronics,1,211.05,44.24,Returning Customer
104352,2025-06-02,East,Beauty,2,66.93,27.99,Returning Customer
104353,2025-06-02,West,Electronics,1,277.55,45.31,VIP
104354,2025-06-02,East,Sports & Outdoors,3,151.42,39.48,Returning Customer
104355,2025-06-02,West,Apparel,2,82.47,31.11,New Customer
104356,2025-06-02,South,Home & Kitchen,1,69.19,20.15,New Customer
104357,2025-06-02,West,Electronics,2,162.55,32.59,Returning Customer
104358,2025-06-02,South,Apparel,2,79.0,26.98,VIP
104359,2025-06-02,North,Home & Kitchen,2,180.15,56.44,New Customer
104360,2025-06-02,South,Home & Kitchen,1,64.28,15.06,Returning Customer
104361,2025-06-02,West,Apparel,2,56.85,18.43,Returning Customer
104362,2025-06-02,South,Home & Kitchen,2,94.94,27.32,New Customer
104363,2025-06-02,East,Beauty,1,23.6,9.3,VIP
104364,2025-06-02,East,Apparel,2,117.04,41.93,New Customer
104365,2025-06-02,West,Electronics,2,344.75,39.09,Returning Customer
104366,2025-06-02,North,Electronics,1,146.1,24.37,Returning Customer
104367,2025-06-02,East,Sports & Outdoors,3,173.6,40.43,Returning Customer
104368,2025-06-02,East,Sports & Outdoors,2,98.23,30.76,Returning Customer
104369,2025-06-02,West,Home & Kitchen,1,41.84,11.56,VIP
104370,2025-06-02,East,Electronics,2,208.29,32.84,VIP
104371,2025-06-02,East,Home & Kitchen,2,184.33,57.53,New Customer
104372,2025-06-02,South,Sports & Outdoors,1,53.82,15.26,Returning Customer
104373,2025-06-02,South,Sports & Outdoors,3,166.87,49.48,New Customer
104374,2025-06-02,West,Apparel,2,93.57,31.5,New Customer
104375,2025-06-02,West,Beauty,2,75.46,31.33,Returning Customer
104376,2025-06-02,North,Beauty,1,29.45,11.72,New Customer
104377,2025-06-02,East,Home & Kitchen,2,77.87,20.93,New Customer
104378,2025-06-02,East,Electronics,2,505.7,99.44,VIP
104379,2025-06-03,East,Beauty,1,8.57,4.06,New Customer
104380,2025-06-03,East,Electronics,2,241.84,47.59,New Customer
104381,2025-06-03,West,Home & Kitchen,2,155.44,40.73,Returning Customer
104382,2025-06-03,South,Home & Kitchen,2,155.49,44.1,New Customer
104383,2025-06-03,North,Electronics,2,502.37,108.69,VIP
104384,2025-06-03,East,Apparel,2,94.39,33.22,New Customer
104385,2025-06-03,South,Home & Kitchen,1,60.77,19.72,VIP
104386,2025-06-03,North,Electronics,1,182.78,35.73,Returning Customer
104387,2025-06-03,West,Home & Kitchen,2,170.87,50.88,Returning Customer
104388,2025-06-03,South,Home & Kitchen,2,141.11,32.48,Returning Customer
104389,2025-06-03,North,Beauty,1,34.72,12.51,Returning Customer
104390,2025-06-03,South,Home & Kitchen,1,64.52,20.51,New Customer
104391,2025-06-03,East,Electronics,1,207.3,52.55,Returning Customer
104392,2025-06-03,North,Home & Kitchen,2,118.06,29.74,Returning Customer
104393,2025-06-03,West,Electronics,2,259.69,48.65,New Customer
104394,2025-06-03,South,Electronics,1,250.79,43.72,VIP
104395,2025-06-03,South,Home & Kitchen,1,63.67,15.35,New Customer
104396,2025-06-03,East,Home & Kitchen,2,125.96,30.77,New Customer
104397,2025-06-03,East,Apparel,2,86.62,29.66,Returning Customer
104398,2025-06-03,North,Apparel,1,34.02,11.14,New Customer
104399,2025-06-03,South,Sports & Outdoors,2,152.14,39.44,Returning Customer
104400,2025-06-03,South,Electronics,1,206.41,38.57,VIP
104401,2025-06-03,West,Sports & Outdoors,3,154.56,43.1,Returning Customer
104402,2025-06-03,South,Beauty,2,72.88,29.27,Returning Customer
104403,2025-06-03,South,Home & Kitchen,1,71.23,23.68,Returning Customer
104404,2025-06-03,South,Electronics,1,158.78,29.63,Returning Customer
104405,2025-06-03,West,Apparel,2,114.6,43.0,New Customer
104406,2025-06-03,West,Electronics,2,509.62,109.07,Returning Customer
104407,2025-06-03,North,Electronics,1,173.4,36.95,Returning Customer
104408,2025-06-03,South,Sports & Outdoors,2,107.05,33.94,VIP
104409,2025-06-03,South,Beauty,1,19.54,7.82,Returning Customer
104410,2025-06-03,North,Electronics,2,407.67,55.77,Returning Customer
104411,2025-06-03,South,Beauty,1,29.43,13.31,Returning Customer
104412,2025-06-03,East,Beauty,1,35.02,14.13,New Customer
104413,2025-06-03,East,Electronics,1,138.01,20.52,Returning Customer
104414,2025-06-03,North,Apparel,1,60.91,21.46,New Customer
104415,2025-06-03,North,Apparel,2,113.28,42.71,Returning Customer
104416,2025-06-03,South,Beauty,1,41.24,16.65,Returning Customer
104417,2025-06-03,North,Beauty,1,23.21,9.89,New Customer
104418,2025-06-03,North,Electronics,2,357.3,72.08,New Customer
104419,2025-06-03,East,Beauty,1,24.93,11.85,New Customer
104420,2025-06-04,South,Electronics,1,98.4,20.4,Returning Customer
104421,2025-06-04,East,Sports & Outdoors,1,67.6,22.1,New Customer
104422,2025-06-04,East,Home & Kitchen,2,134.58,35.98,New Customer
104423,2025-06-04,West,Home & Kitchen,1,67.38,17.33,VIP
104424,2025-06-04,East,Electronics,1,169.14,20.05,VIP
104425,2025-06-04,North,Electronics,1,246.73,45.37,Returning Customer
104426,2025-06-04,South,Apparel,2,95.54,34.57,VIP
104427,2025-06-04,East,Electronics,2,420.04,92.25,Returning Customer
104428,2025-06-04,East,Apparel,2,84.76,32.38,Returning Customer
104429,2025-06-04,North,Apparel,2,80.7,31.45,Returning Customer
104430,2025-06-04,West,Home & Kitchen,1,90.89,22.62,New Customer
104431,2025-06-04,South,Apparel,2,103.88,39.65,VIP
104432,2025-06-04,West,Apparel,1,60.29,20.15,VIP
104433,2025-06-04,East,Electronics,1,214.39,34.55,Returning Customer
104434,2025-06-04,South,Home & Kitchen,2,188.63,51.06,New Customer
104435,2025-06-04,East,Apparel,1,54.8,20.51,Returning Customer
104436,2025-06-04,North,Sports & Outdoors,1,39.67,12.71,New Customer
104437,2025-06-04,East,Electronics,2,370.25,75.21,New Customer
104438,2025-06-04,East,Beauty,2,63.18,27.65,VIP
104439,2025-06-04,East,Electronics,1,246.18,49.72,VIP
104440,2025-06-04,West,Electronics,2,278.09,43.76,VIP
104441,2025-06-04,East,Home & Kitchen,1,64.99,16.24,Returning Customer
104442,2025-06-04,East,Home & Kitchen,2,125.13,37.59,VIP
104443,2025-06-04,West,Sports & Outdoors,1,41.25,13.11,New Customer
104444,2025-06-04,South,Electronics,2,540.52,117.77,VIP
104445,2025-06-05,East,Beauty,1,26.14,10.65,New Customer
104446,2025-06-05,East,Electronics,2,444.71,52.25,New Customer
104447,2025-06-05,South,Apparel,1,34.57,12.56,New Customer
104448,2025-06-05,South,Electronics,2,303.08,56.25,New Customer
104449,2025-06-05,East,Apparel,1,42.91,14.59,Returning Customer
104450,2025-06-05,East,Electronics,1,123.69,26.2,New Customer
104451,2025-06-05,West,Sports & Outdoors,3,165.99,46.98,New Customer
104452,2025-06-05,West,Electronics,2,431.55,92.16,VIP
104453,2025-06-05,North,Electronics,1,179.31,31.31,Returning Customer
104454,2025-06-05,South,Electronics,2,202.15,38.3,VIP
104455,2025-06-05,South,Sports & Outdoors,2,118.78,36.32,Returning Customer
104456,2025-06-05,North,Electronics,2,318.8,60.62,Returning Customer
104457,2025-06-05,East,Apparel,2,93.53,31.78,New Customer
104458,2025-06-05,North,Apparel,1,47.42,15.28,Returning Customer
104459,2025-06-05,North,Electronics,2,533.23,120.8,New Customer
104460,2025-06-05,West,Apparel,1,50.98,17.87,New Customer
104461,2025-06-05,South,Home & Kitchen,1,73.37,21.44,New Customer
104462,2025-06-05,South,Beauty,2,50.26,21.02,New Customer
104463,2025-06-05,South,Apparel,2,99.98,37.1,VIP
104464,2025-06-05,South,Electronics,2,385.3,57.92,VIP
104465,2025-06-05,North,Apparel,1,55.07,20.49,Returning Customer
104466,2025-06-05,West,Electronics,1,184.35,30.38,New Customer
104467,2025-06-05,South,Electronics,2,265.54,46.71,New Customer
104468,2025-06-05,North,Electronics,1,210.2,31.21,VIP
104469,2025-06-05,North,Apparel,2,115.5,35.96,VIP
104470,2025-06-05,West,Apparel,1,58.83,19.86,Returning Customer
104471,2025-06-05,North,Sports & Outdoors,2,136.53,41.98,New Customer
104472,2025-06-05,East,Beauty,2,45.67,19.1,Returning Customer
104473,2025-06-05,North,Electronics,1,193.04,30.07,VIP
104474,2025-06-05,South,Sports & Outdoors,3,189.08,50.36,Returning Customer
104475,2025-06-05,South,Electronics,1,123.4,26.27,Returning Customer
104476,2025-06-05,South,Electronics,1,171.4,26.24,New Customer
104477,2025-06-05,West,Home & Kitchen,2,112.36,30.08,Returning Customer
104478,2025-06-05,North,Apparel,2,74.36,24.45,New Customer
104479,2025-06-05,South,Apparel,2,69.34,26.85,New Customer
104480,2025-06-06,North,Home & Kitchen,1,73.44,20.28,Returning Customer
104481,2025-06-06,East,Beauty,2,58.38,23.62,New Customer
104482,2025-06-06,North,Electronics,2,378.9,65.45,New Customer
104483,2025-06-06,East,Beauty,1,21.36,9.6,Returning Customer
104484,2025-06-06,North,Apparel,1,48.2,17.56,New Customer
104485,2025-06-06,North,Apparel,1,50.35,19.14,Returning Customer
104486,2025-06-06,North,Sports & Outdoors,3,149.33,44.51,VIP
104487,2025-06-06,North,Home & Kitchen,2,124.95,36.32,New Customer
104488,2025-06-06,North,Sports & Outdoors,1,62.92,19.62,New Customer
104489,2025-06-06,West,Home & Kitchen,2,157.47,44.08,Returning Customer
104490,2025-06-06,North,Electronics,2,366.77,72.39,Returning Customer
104491,2025-06-06,North,Home & Kitchen,1,27.88,8.11,VIP
104492,2025-06-06,North,Home & Kitchen,1,59.37,15.36,Returning Customer
104493,2025-06-06,East,Apparel,1,42.34,15.02,New Customer
104494,2025-06-06,East,Electronics,1,152.35,31.74,VIP
104495,2025-06-06,East,Home & Kitchen,2,157.21,51.61,New Customer
104496,2025-06-06,West,Apparel,1,46.64,17.11,Returning Customer
104497,2025-06-06,North,Beauty,1,53.28,24.29,New Customer
104498,2025-06-06,West,Apparel,2,104.64,38.82,Returning Customer
104499,2025-06-06,West,Electronics,2,474.35,101.87,New Customer
104500,2025-06-06,West,Sports & Outdoors,3,189.07,58.02,New Customer
104501,2025-06-06,West,Electronics,1,212.98,42.14,New Customer
104502,2025-06-06,North,Apparel,2,86.46,29.41,Returning Customer
104503,2025-06-06,North,Electronics,2,391.75,98.94,VIP
104504,2025-06-06,North,Electronics,1,214.79,51.55,New Customer
104505,2025-06-06,South,Electronics,2,331.34,66.87,New Customer
104506,2025-06-06,South,Apparel,1,34.26,11.65,Returning Customer
104507,2025-06-06,East,Beauty,1,16.38,6.69,VIP
104508,2025-06-07,South,Sports & Outdoors,1,74.57,23.47,VIP
104509,2025-06-07,West,Apparel,2,47.03,15.33,New Customer
104510,2025-06-07,East,Sports & Outdoors,3,137.32,40.65,Returning Customer
104511,2025-06-07,East,Home & Kitchen,2,187.84,50.89,Returning Customer
104512,2025-06-07,South,Home & Kitchen,1,78.44,21.89,Returning Customer
104513,2025-06-07,East,Apparel,2,68.58,25.61,Returning Customer
104514,2025-06-07,North,Home & Kitchen,2,177.72,47.8,Returning Customer
104515,2025-06-07,East,Home & Kitchen,2,148.03,35.6,VIP
104516,2025-06-07,South,Electronics,2,315.89,63.93,New Customer
104517,2025-06-07,West,Electronics,2,336.05,45.43,Returning Customer
104518,2025-06-07,North,Sports & Outdoors,1,67.24,24.02,New Customer
104519,2025-06-07,North,Sports & Outdoors,1,52.36,16.42,Returning Customer
104520,2025-06-07,West,Beauty,2,82.45,35.2,Returning Customer
104521,2025-06-07,West,Home & Kitchen,1,69.14,22.92,New Customer
104522,2025-06-07,West,Sports & Outdoors,2,136.65,29.7,New Customer
104523,2025-06-07,South,Beauty,1,28.81,11.34,Returning Customer
104524,2025-06-07,North,Home & Kitchen,1,67.51,22.82,VIP
104525,2025-06-07,West,Beauty,2,48.93,18.91,New Customer
104526,2025-06-07,North,Home & Kitchen,1,87.75,23.79,New Customer
104527,2025-06-07,East,Electronics,2,297.05,49.57,New Customer
104528,2025-06-07,West,Apparel,2,75.69,22.25,New Customer
104529,2025-06-07,West,Apparel,2,57.94,17.76,Returning Customer
104530,2025-06-07,North,Electronics,1,124.79,22.63,New Customer
104531,2025-06-07,North,Electronics,1,167.75,30.84,New Customer
104532,2025-06-07,South,Electronics,2,263.88,37.85,Returning Customer
104533,2025-06-07,East,Sports & Outdoors,2,93.3,26.33,Returning Customer
104534,2025-06-07,West,Home & Kitchen,2,169.82,40.3,Returning Customer
104535,2025-06-07,North,Home & Kitchen,1,42.98,11.55,New Customer
104536,2025-06-07,South,Sports & Outdoors,1,63.95,19.75,New Customer
104537,2025-06-08,North,Electronics,1,102.43,21.06,New Customer
104538,2025-06-08,North,Sports & Outdoors,1,61.13,18.25,Returning Customer
104539,2025-06-08,North,Beauty,1,25.87,11.08,VIP
104540,2025-06-08,East,Apparel,2,112.88,33.46,New Customer
104541,2025-06-08,West,Electronics,1,236.51,45.09,New Customer
104542,2025-06-08,East,Apparel,1,37.98,12.36,VIP
104543,2025-06-08,North,Beauty,1,29.52,12.81,New Customer
104544,2025-06-08,West,Home & Kitchen,2,162.43,46.37,VIP
104545,2025-06-08,North,Electronics,1,144.81,31.83,Returning Customer
104546,2025-06-08,South,Electronics,1,176.22,31.56,VIP
104547,2025-06-08,South,Home & Kitchen,1,84.87,24.79,Returning Customer
104548,2025-06-08,East,Sports & Outdoors,2,114.67,32.33,Returning Customer
104549,2025-06-08,South,Beauty,1,35.43,15.16,VIP
104550,2025-06-08,East,Home & Kitchen,1,89.65,26.87,New Customer
104551,2025-06-08,East,Beauty,1,27.64,11.03,New Customer
104552,2025-06-08,South,Electronics,1,194.52,36.75,Returning Customer
104553,2025-06-08,West,Home & Kitchen,1,58.52,15.29,New Customer
104554,2025-06-08,South,Apparel,2,68.83,23.04,New Customer
104555,2025-06-08,North,Apparel,1,51.1,17.32,New Customer
104556,2025-06-09,East,Beauty,2,71.81,31.36,Returning Customer
104557,2025-06-09,North,Beauty,1,29.25,12.58,VIP
104558,2025-06-09,East,Home & Kitchen,2,159.02,44.1,VIP
104559,2025-06-09,East,Electronics,2,360.74,70.76,New Customer
104560,2025-06-09,North,Apparel,2,72.44,26.35,Returning Customer
104561,2025-06-09,North,Electronics,1,187.89,38.32,Returning Customer
104562,2025-06-09,West,Home & Kitchen,1,75.57,23.39,Returning Customer
104563,2025-06-09,North,Electronics,1,180.75,33.18,New Customer
104564,2025-06-09,West,Electronics,1,77.59,14.72,VIP
104565,2025-06-09,West,Apparel,2,92.97,33.39,New Customer
104566,2025-06-09,East,Sports & Outdoors,1,52.59,15.22,New Customer
104567,2025-06-09,South,Home & Kitchen,2,110.94,34.15,New Customer
104568,2025-06-09,East,Apparel,2,111.37,34.25,VIP
104569,2025-06-09,South,Beauty,2,77.47,33.5,New Customer
104570,2025-06-09,South,Home & Kitchen,1,55.49,16.19,New Customer
104571,2025-06-09,East,Beauty,2,67.9,30.05,New Customer
104572,2025-06-09,West,Sports & Outdoors,2,124.96,31.93,Returning Customer
104573,2025-06-09,North,Home & Kitchen,2,132.06,36.56,New Customer
104574,2025-06-09,North,Home & Kitchen,2,131.93,35.9,VIP
104575,2025-06-09,East,Sports & Outdoors,1,48.42,14.52,New Customer
104576,2025-06-09,East,Apparel,1,58.66,18.88,VIP
104577,2025-06-09,East,Electronics,2,409.55,58.84,Returning Customer
104578,2025-06-09,North,Electronics,2,385.93,84.84,Returning Customer
104579,2025-06-09,East,Apparel,2,123.17,43.65,Returning Customer
104580,2025-06-09,West,Electronics,1,218.99,36.76,VIP
104581,2025-06-09,East,Beauty,2,73.6,29.78,New Customer
104582,2025-06-09,North,Home & Kitchen,2,154.9,39.64,New Customer
104583,2025-06-09,East,Home & Kitchen,1,56.87,13.75,VIP
104584,2025-06-09,North,Beauty,2,65.29,26.31,New Customer
104585,2025-06-09,West,Apparel,2,67.16,26.14,Returning Customer
104586,2025-06-09,South,Sports & Outdoors,3,111.82,31.72,Returning Customer
104587,2025-06-09,North,Sports & Outdoors,3,150.26,47.98,Returning Customer
104588,2025-06-09,East,Sports & Outdoors,3,214.84,65.0,VIP
104589,2025-06-09,North,Beauty,2,45.11,17.4,New Customer
104590,2025-06-09,West,Sports & Outdoors,2,86.45,28.25,VIP
104591,2025-06-09,West,Apparel,1,37.26,14.85,Returning Customer
104592,2025-06-09,East,Electronics,1,102.85,19.27,VIP
104593,2025-06-09,South,Beauty,1,31.37,11.75,Returning Customer
104594,2025-06-09,South,Home & Kitchen,1,62.58,20.61,New Customer
104595,2025-06-10,North,Apparel,2,147.1,54.13,Returning Customer
104596,2025-06-10,North,Beauty,2,57.56,20.83,VIP
104597,2025-06-10,East,Beauty,2,64.88,24.79,New Customer
104598,2025-06-10,East,Electronics,2,375.43,56.71,VIP
104599,2025-06-10,North,Apparel,2,99.73,33.86,New Customer
104600,2025-06-10,North,Home & Kitchen,2,119.08,33.53,VIP
104601,2025-06-10,South,Apparel,2,95.64,31.11,Returning Customer
104602,2025-06-10,South,Electronics,2,490.64,76.29,New Customer
104603,2025-06-10,West,Beauty,1,17.45,6.98,VIP
104604,2025-06-10,East,Home & Kitchen,2,112.79,28.75,Returning Customer
104605,2025-06-10,South,Apparel,2,90.63,28.84,New Customer
104606,2025-06-10,South,Apparel,2,95.76,34.05,VIP
104607,2025-06-10,East,Apparel,2,48.46,14.44,New Customer
104608,2025-06-10,West,Electronics,2,422.61,65.16,New Customer
104609,2025-06-10,East,Beauty,1,30.12,12.17,New Customer
104610,2025-06-10,North,Apparel,1,43.24,15.36,New Customer
104611,2025-06-10,North,Sports & Outdoors,1,52.57,15.09,New Customer
104612,2025-06-10,West,Sports & Outdoors,1,40.1,11.09,VIP
104613,2025-06-10,West,Apparel,2,109.69,37.76,VIP
104614,2025-06-10,North,Electronics,2,431.86,82.58,VIP
104615,2025-06-10,North,Home & Kitchen,1,68.97,19.29,New Customer
104616,2025-06-10,South,Apparel,1,50.77,17.54,Returning Customer
104617,2025-06-10,East,Sports & Outdoors,1,65.48,18.51,New Customer
104618,2025-06-10,North,Electronics,1,221.25,48.85,VIP
104619,2025-06-10,West,Sports & Outdoors,1,34.49,10.41,Returning Customer
104620,2025-06-10,North,Apparel,1,52.43,17.68,New Customer
104621,2025-06-10,West,Apparel,1,65.0,25.1,New Customer
104622,2025-06-10,North,Electronics,2,314.91,63.49,New Customer
104623,2025-06-11,East,Apparel,2,111.28,37.81,New Customer
104624,2025-06-11,South,Apparel,2,78.94,29.27,VIP
104625,2025-06-11,South,Electronics,1,148.51,22.89,Returning Customer
104626,2025-06-11,South,Apparel,1,63.1,17.05,New Customer
104627,2025-06-11,South,Sports & Outdoors,2,99.95,23.54,New Customer
104628,2025-06-11,East,Beauty,1,32.08,13.99,New Customer
104629,2025-06-11,South,Home & Kitchen,1,69.29,24.32,New Customer
104630,2025-06-11,East,Apparel,1,44.56,17.28,Returning Customer
104631,2025-06-11,South,Electronics,1,221.02,28.7,New Customer
104632,2025-06-11,East,Beauty,2,86.1,37.71,Returning Customer
104633,2025-06-11,East,Home & Kitchen,1,79.96,23.62,New Customer
104634,2025-06-11,North,Beauty,2,50.73,22.33,New Customer
104635,2025-06-11,West,Home & Kitchen,1,90.7,30.02,New Customer
104636,2025-06-11,East,Apparel,2,122.42,45.4,Returning Customer
104637,2025-06-11,West,Sports & Outdoors,2,93.1,27.46,VIP
104638,2025-06-11,East,Sports & Outdoors,3,128.96,37.23,VIP
104639,2025-06-11,West,Apparel,2,58.32,20.97,Returning Customer
104640,2025-06-11,West,Beauty,2,51.81,21.67,Returning Customer
104641,2025-06-11,South,Sports & Outdoors,1,65.8,20.94,VIP
104642,2025-06-11,North,Apparel,1,46.85,17.06,Returning Customer
104643,2025-06-11,North,Beauty,2,30.53,12.9,New Customer
104644,2025-06-11,North,Home & Kitchen,2,136.54,48.62,Returning Customer
104645,2025-06-11,North,Apparel,1,30.71,10.72,Returning Customer
104646,2025-06-11,West,Electronics,2,389.11,70.62,VIP
104647,2025-06-11,South,Apparel,1,55.64,21.49,Returning Customer
104648,2025-06-11,North,Electronics,1,146.73,22.93,New Customer
104649,2025-06-11,West,Apparel,2,78.29,30.32,New Customer
104650,2025-06-11,North,Electronics,2,266.55,39.33,Returning Customer
104651,2025-06-11,South,Sports & Outdoors,1,58.24,17.21,New Customer
104652,2025-06-11,East,Electronics,2,261.51,54.37,Returning Customer
104653,2025-06-11,North,Electronics,1,210.01,35.53,VIP
104654,2025-06-11,South,Apparel,1,59.39,22.1,New Customer
104655,2025-06-11,East,Apparel,1,54.55,17.31,Returning Customer
104656,2025-06-11,East,Apparel,1,18.58,5.86,Returning Customer
104657,2025-06-11,West,Beauty,2,41.53,18.42,VIP
104658,2025-06-11,South,Apparel,1,64.85,22.57,New Customer
104659,2025-06-11,North,Home & Kitchen,1,92.68,28.53,New Customer
104660,2025-06-11,East,Sports & Outdoors,1,54.13,14.86,Returning Customer
104661,2025-06-12,South,Electronics,2,361.93,54.45,Returning Customer
104662,2025-06-12,East,Beauty,2,70.34,29.21,New Customer
104663,2025-06-12,East,Electronics,1,158.92,24.82,Returning Customer
104664,2025-06-12,South,Electronics,1,164.42,36.16,Returning Customer
104665,2025-06-12,South,Home & Kitchen,2,121.89,30.85,Returning Customer
104666,2025-06-12,North,Home & Kitchen,2,192.86,50.92,Returning Customer
104667,2025-06-12,North,Electronics,1,161.42,27.61,New Customer
104668,2025-06-12,North,Electronics,2,223.98,36.06,Returning Customer
104669,2025-06-12,East,Beauty,1,21.56,8.54,Returning Customer
104670,2025-06-12,North,Apparel,1,34.88,12.74,New Customer
104671,2025-06-12,North,Apparel,2,90.32,29.72,Returning Customer
104672,2025-06-12,East,Apparel,1,45.76,12.58,New Customer
104673,2025-06-12,East,Apparel,2,95.09,32.68,Returning Customer
104674,2025-06-12,East,Beauty,1,36.01,15.05,VIP
104675,2025-06-12,North,Beauty,2,54.92,27.9,Returning Customer
104676,2025-06-12,North,Electronics,1,219.39,37.48,Returning Customer
104677,2025-06-12,West,Apparel,1,65.05,20.17,New Customer
104678,2025-06-12,South,Beauty,2,47.69,17.41,New Customer
104679,2025-06-12,South,Electronics,2,219.16,48.47,New Customer
104680,2025-06-12,North,Sports & Outdoors,1,43.31,13.36,New Customer
104681,2025-06-12,West,Beauty,1,20.79,9.49,VIP
104682,2025-06-12,South,Electronics,2,303.52,60.1,Returning Customer
104683,2025-06-12,East,Electronics,2,430.86,67.51,Returning Customer
104684,2025-06-12,North,Home & Kitchen,2,147.57,46.73,New Customer
104685,2025-06-12,North,Electronics,2,334.07,71.9,Returning Customer
104686,2025-06-12,East,Apparel,1,44.39,16.24,Returning Customer
104687,2025-06-12,East,Apparel,2,70.83,24.25,New Customer
104688,2025-06-12,West,Beauty,1,31.07,14.06,VIP
104689,2025-06-12,East,Apparel,1,60.38,19.85,Returning Customer
104690,2025-06-13,East,Electronics,1,156.44,27.44,Returning Customer
104691,2025-06-13,North,Electronics,2,413.04,68.07,New Customer
104692,2025-06-13,East,Sports & Outdoors,3,120.95,29.38,Returning Customer
104693,2025-06-13,North,Apparel,2,72.09,25.56,New Customer
104694,2025-06-13,East,Apparel,1,58.61,18.36,Returning Customer
104695,2025-06-13,West,Electronics,2,152.82,31.39,New Customer
104696,2025-06-13,East,Home & Kitchen,1,69.63,15.06,New Customer
104697,2025-06-13,East,Apparel,1,40.71,13.89,New Customer
104698,2025-06-13,East,Electronics,1,165.66,27.83,VIP
104699,2025-06-13,West,Electronics,2,379.35,52.08,New Customer
104700,2025-06-13,West,Beauty,1,27.03,11.73,Returning Customer
104701,2025-06-13,East,Electronics,2,393.33,62.76,VIP
104702,2025-06-13,North,Electronics,2,426.61,90.52,Returning Customer
104703,2025-06-13,North,Beauty,2,73.61,29.33,Returning Customer
104704,2025-06-13,North,Electronics,1,160.53,29.96,Returning Customer
104705,2025-06-13,North,Home & Kitchen,1,32.49,10.03,Returning Customer
104706,2025-06-13,East,Sports & Outdoors,2,109.03,33.58,Returning Customer
104707,2025-06-13,North,Apparel,2,49.59,18.15,VIP
104708,2025-06-13,South,Electronics,1,168.45,26.85,New Customer
104709,2025-06-13,West,Home & Kitchen,1,67.99,18.77,Returning Customer
104710,2025-06-13,South,Electronics,2,329.12,66.14,Returning Customer
104711,2025-06-13,North,Sports & Outdoors,3,252.17,68.64,Returning Customer
104712,2025-06-13,East,Beauty,2,59.72,25.67,Returning Customer
104713,2025-06-13,West,Home & Kitchen,1,74.72,18.1,Returning Customer
104714,2025-06-13,North,Home & Kitchen,2,122.72,36.78,Returning Customer
104715,2025-06-13,East,Home & Kitchen,1,79.14,21.31,New Customer
104716,2025-06-13,North,Apparel,2,47.51,15.19,Returning Customer
104717,2025-06-13,East,Sports & Outdoors,3,149.13,38.43,Returning Customer
104718,2025-06-13,West,Electronics,2,391.74,74.47,Returning Customer
104719,2025-06-13,North,Home & Kitchen,2,171.7,43.36,New Customer
104720,2025-06-13,East,Sports & Outdoors,3,222.79,58.85,Returning Customer
104721,2025-06-13,West,Electronics,2,388.65,53.19,Returning Customer
104722,2025-06-13,North,Beauty,1,28.63,13.21,New Customer
104723,2025-06-13,North,Home & Kitchen,1,67.41,18.25,New Customer
104724,2025-06-13,East,Home & Kitchen,1,76.68,18.76,Returning Customer
104725,2025-06-13,South,Apparel,2,84.0,30.42,New Customer
104726,2025-06-13,East,Sports & Outdoors,1,51.94,14.96,New Customer
104727,2025-06-13,East,Beauty,2,52.1,23.66,New Customer
104728,2025-06-13,East,Apparel,1,33.79,12.09,Returning Customer
104729,2025-06-14,East,Apparel,2,63.6,24.21,Returning Customer
104730,2025-06-14,West,Apparel,1,51.41,17.48,New Customer
104731,2025-06-14,South,Beauty,1,31.6,11.44,New Customer
104732,2025-06-14,North,Home & Kitchen,1,75.49,18.91,New Customer
104733,2025-06-14,East,Apparel,1,49.36,18.49,New Customer
104734,2025-06-14,North,Electronics,1,71.27,11.82,New Customer
104735,2025-06-14,South,Beauty,1,24.45,9.54,New Customer
104736,2025-06-14,West,Electronics,2,432.61,87.55,Returning Customer
104737,2025-06-14,South,Sports & Outdoors,3,131.49,41.75,VIP
104738,2025-06-14,North,Home & Kitchen,2,106.21,38.69,Returning Customer
104739,2025-06-14,South,Electronics,1,121.3,26.41,New Customer
104740,2025-06-14,North,Home & Kitchen,2,70.82,21.02,New Customer
104741,2025-06-14,West,Home & Kitchen,2,105.01,26.79,Returning Customer
104742,2025-06-14,West,Apparel,2,72.45,24.45,New Customer
104743,2025-06-14,East,Home & Kitchen,1,80.86,27.62,Returning Customer
104744,2025-06-14,West,Home & Kitchen,1,68.46,18.99,New Customer
104745,2025-06-14,East,Home & Kitchen,2,132.02,32.54,New Customer
104746,2025-06-14,North,Sports & Outdoors,2,61.06,19.78,Returning Customer
104747,2025-06-14,North,Apparel,2,83.29,29.02,New Customer
104748,2025-06-14,East,Sports & Outdoors,1,57.41,19.24,Returning Customer
104749,2025-06-14,North,Beauty,1,20.59,8.31,Returning Customer
104750,2025-06-14,East,Apparel,2,78.78,25.13,Returning Customer
104751,2025-06-14,East,Beauty,1,42.61,16.89,New Customer
104752,2025-06-14,East,Home & Kitchen,2,162.08,44.46,New Customer
104753,2025-06-14,West,Sports & Outdoors,2,85.19,27.99,VIP
104754,2025-06-14,East,Apparel,1,50.48,17.81,New Customer
104755,2025-06-14,East,Beauty,2,69.21,33.66,New Customer
104756,2025-06-14,South,Home & Kitchen,1,98.75,25.31,New Customer
104757,2025-06-14,East,Electronics,1,161.25,29.57,New Customer
104758,2025-06-14,North,Home & Kitchen,2,77.31,22.88,New Customer
104759,2025-06-14,North,Electronics,1,171.25,37.88,New Customer
104760,2025-06-14,South,Electronics,2,325.24,49.31,Returning Customer
104761,2025-06-14,East,Apparel,1,53.28,20.55,Returning Customer
104762,2025-06-14,North,Home & Kitchen,1,55.0,19.33,VIP
104763,2025-06-14,East,Home & Kitchen,2,167.94,47.74,New Customer
104764,2025-06-14,North,Apparel,2,112.12,38.45,Returning Customer
104765,2025-06-14,West,Electronics,1,212.2,37.41,New Customer
104766,2025-06-14,North,Sports & Outdoors,3,227.09,67.69,VIP
104767,2025-06-14,West,Home & Kitchen,1,81.24,21.64,VIP
104768,2025-06-14,North,Apparel,1,58.94,17.98,New Customer
104769,2025-06-15,North,Beauty,2,39.52,15.18,Returning Customer
104770,2025-06-15,East,Apparel,2,86.75,31.82,VIP
104771,2025-06-15,North,Electronics,2,252.1,47.2,New Customer
104772,2025-06-15,East,Apparel,1,49.91,18.87,VIP
104773,2025-06-15,North,Apparel,2,113.09,37.13,Returning Customer
104774,2025-06-15,West,Electronics,1,181.86,37.05,Returning Customer
104775,2025-06-15,West,Apparel,1,40.56,13.23,New Customer
104776,2025-06-15,South,Apparel,1,44.04,14.27,VIP
104777,2025-06-15,West,Home & Kitchen,1,80.56,17.67,VIP
104778,2025-06-15,East,Home & Kitchen,1,45.95,14.77,Returning Customer
104779,2025-06-15,East,Beauty,2,44.92,17.88,New Customer
104780,2025-06-15,West,Electronics,2,260.33,47.67,New Customer
104781,2025-06-15,North,Apparel,2,104.08,39.7,Returning Customer
104782,2025-06-15,West,Electronics,1,153.35,32.51,New Customer
104783,2025-06-15,West,Electronics,2,309.5,46.02,Returning Customer
104784,2025-06-15,South,Beauty,2,57.63,22.37,New Customer
104785,2025-06-15,East,Electronics,2,502.06,86.1,Returning Customer
104786,2025-06-15,North,Apparel,2,87.93,30.21,Returning Customer
104787,2025-06-15,North,Apparel,1,54.15,19.67,Returning Customer
104788,2025-06-15,West,Apparel,1,47.39,16.18,New Customer
104789,2025-06-15,South,Home & Kitchen,2,179.83,54.53,New Customer
104790,2025-06-15,North,Electronics,1,180.17,24.78,New Customer
104791,2025-06-15,East,Home & Kitchen,2,173.58,42.85,New Customer
104792,2025-06-15,East,Electronics,2,428.39,74.08,New Customer
104793,2025-06-15,North,Sports & Outdoors,3,188.69,63.14,VIP
104794,2025-06-15,West,Home & Kitchen,1,61.14,16.45,New Customer
104795,2025-06-15,North,Electronics,1,204.69,46.74,VIP
104796,2025-06-15,North,Sports & Outdoors,1,40.92,12.5,Returning Customer
104797,2025-06-15,North,Home & Kitchen,2,93.9,29.87,VIP
104798,2025-06-15,North,Home & Kitchen,2,143.35,35.03,Returning Customer
104799,2025-06-15,South,Home & Kitchen,2,109.91,32.62,Returning Customer
104800,2025-06-16,North,Electronics,2,333.48,50.86,New Customer
104801,2025-06-16,South,Apparel,2,108.88,36.8,New Customer
104802,2025-06-16,West,Home & Kitchen,1,100.72,28.55,Returning Customer
104803,2025-06-16,South,Home & Kitchen,2,118.68,33.55,New Customer
104804,2025-06-16,South,Home & Kitchen,2,115.56,33.39,VIP
104805,2025-06-16,East,Apparel,1,22.94,6.87,New Customer
104806,2025-06-16,South,Apparel,2,78.95,24.88,VIP
104807,2025-06-16,East,Apparel,2,83.09,31.89,Returning Customer
104808,2025-06-16,North,Beauty,1,37.46,16.92,Returning Customer
104809,2025-06-16,North,Home & Kitchen,1,73.9,18.42,New Customer
104810,2025-06-16,West,Apparel,1,51.19,15.33,New Customer
104811,2025-06-16,West,Electronics,1,164.06,34.91,Returning Customer
104812,2025-06-16,North,Electronics,2,426.42,59.18,New Customer
104813,2025-06-16,South,Apparel,2,139.3,54.88,Returning Customer
104814,2025-06-16,East,Sports & Outdoors,1,70.63,23.97,Returning Customer
104815,2025-06-16,South,Apparel,2,73.17,25.33,New Customer
104816,2025-06-16,South,Electronics,2,241.44,42.66,New Customer
104817,2025-06-16,West,Sports & Outdoors,1,53.97,16.18,New Customer
104818,2025-06-16,North,Beauty,2,46.93,17.63,VIP
104819,2025-06-16,East,Electronics,1,210.5,39.56,New Customer
104820,2025-06-16,East,Home & Kitchen,1,51.77,15.16,New Customer
104821,2025-06-16,South,Home & Kitchen,1,68.24,20.25,New Customer
104822,2025-06-16,East,Apparel,2,83.64,26.18,Returning Customer
104823,2025-06-16,East,Beauty,1,40.98,15.33,New Customer
104824,2025-06-16,North,Home & Kitchen,1,48.71,14.75,New Customer
104825,2025-06-16,East,Apparel,2,69.11,23.3,Returning Customer
104826,2025-06-16,East,Electronics,2,260.81,55.97,Returning Customer
104827,2025-06-16,South,Home & Kitchen,1,73.18,22.15,New Customer
104828,2025-06-16,East,Electronics,2,357.38,54.55,New Customer
104829,2025-06-16,West,Electronics,1,232.1,40.12,Returning Customer
104830,2025-06-16,East,Apparel,1,36.9,12.57,Returning Customer
104831,2025-06-16,West,Beauty,2,50.59,21.75,Returning Customer
104832,2025-06-16,East,Apparel,1,58.82,18.75,Returning Customer
104833,2025-06-16,West,Electronics,2,367.43,84.25,New Customer
104834,2025-06-16,West,Home & Kitchen,1,66.73,18.47,New Customer
104835,2025-06-16,South,Home & Kitchen,1,65.67,19.11,VIP
104836,2025-06-16,West,Home & Kitchen,1,55.97,18.23,Returning Customer
104837,2025-06-16,West,Apparel,1,57.71,18.39,Returning Customer
104838,2025-06-16,South,Apparel,1,58.23,19.58,Returning Customer
104839,2025-06-17,West,Electronics,2,476.83,83.21,Returning Customer
104840,2025-06-17,East,Beauty,2,40.98,15.91,Returning Customer
104841,2025-06-17,North,Sports & Outdoors,2,101.97,27.96,New Customer
104842,2025-06-17,North,Electronics,1,227.27,22.28,VIP
104843,2025-06-17,South,Sports & Outdoors,1,45.71,13.9,Returning Customer
104844,2025-06-17,West,Apparel,2,71.74,24.49,Returning Customer
104845,2025-06-17,South,Home & Kitchen,1,71.4,19.79,New Customer
104846,2025-06-17,West,Apparel,2,85.18,29.76,Returning Customer
104847,2025-06-17,East,Apparel,2,80.1,26.47,New Customer
104848,2025-06-17,South,Electronics,2,521.72,90.0,Returning Customer
104849,2025-06-17,West,Apparel,2,125.26,55.63,Returning Customer
104850,2025-06-17,East,Apparel,2,69.04,20.78,Returning Customer
104851,2025-06-17,South,Electronics,1,261.42,60.61,New Customer
104852,2025-06-17,South,Beauty,2,51.91,22.01,Returning Customer
104853,2025-06-17,West,Apparel,1,50.84,17.84,New Customer
104854,2025-06-17,North,Apparel,2,69.54,26.8,New Customer
104855,2025-06-17,North,Apparel,1,40.68,14.04,New Customer
104856,2025-06-17,South,Sports & Outdoors,3,124.24,44.39,New Customer
104857,2025-06-17,South,Electronics,1,201.5,33.14,Returning Customer
104858,2025-06-17,North,Home & Kitchen,2,97.93,24.77,Returning Customer
104859,2025-06-17,West,Sports & Outdoors,3,168.69,54.65,New Customer
104860,2025-06-17,South,Home & Kitchen,1,47.06,12.37,Returning Customer
104861,2025-06-17,West,Home & Kitchen,2,165.13,55.02,New Customer
104862,2025-06-17,North,Home & Kitchen,1,70.34,20.12,Returning Customer
104863,2025-06-17,East,Sports & Outdoors,2,142.72,46.83,New Customer
104864,2025-06-17,East,Beauty,2,54.39,22.97,Returning Customer
104865,2025-06-17,North,Electronics,2,354.13,77.0,VIP
104866,2025-06-17,South,Home & Kitchen,1,46.78,11.79,Returning Customer
104867,2025-06-17,West,Home & Kitchen,2,144.56,51.21,New Customer
104868,2025-06-17,North,Home & Kitchen,1,54.96,16.59,Returning Customer
104869,2025-06-17,North,Home & Kitchen,2,88.81,21.45,New Customer
104870,2025-06-17,East,Home & Kitchen,2,82.35,23.33,Returning Customer
104871,2025-06-17,East,Beauty,2,69.48,32.39,VIP
104872,2025-06-17,West,Apparel,1,32.99,10.74,New Customer
104873,2025-06-18,North,Home & Kitchen,1,52.83,13.42,New Customer
104874,2025-06-18,West,Apparel,1,47.93,18.47,VIP
104875,2025-06-18,South,Electronics,2,294.33,58.13,New Customer
104876,2025-06-18,North,Apparel,1,51.8,20.53,Returning Customer
104877,2025-06-18,East,Home & Kitchen,1,73.77,17.76,VIP
104878,2025-06-18,North,Apparel,2,75.17,25.88,Returning Customer
104879,2025-06-18,North,Home & Kitchen,2,124.58,40.98,VIP
104880,2025-06-18,West,Sports & Outdoors,3,214.48,69.79,Returning Customer
104881,2025-06-18,South,Electronics,2,290.31,48.89,New Customer
104882,2025-06-18,North,Electronics,1,136.12,26.8,New Customer
104883,2025-06-18,South,Electronics,1,129.0,19.54,New Customer
104884,2025-06-18,South,Electronics,1,99.91,18.63,Returning Customer
104885,2025-06-18,South,Apparel,2,131.04,42.57,VIP
104886,2025-06-18,North,Sports & Outdoors,1,65.47,18.83,Returning Customer
104887,2025-06-18,East,Apparel,1,42.39,13.7,Returning Customer
104888,2025-06-18,West,Apparel,1,30.39,9.16,New Customer
104889,2025-06-18,North,Electronics,1,216.15,37.87,New Customer
104890,2025-06-18,South,Electronics,2,330.48,55.04,New Customer
104891,2025-06-18,West,Beauty,1,29.88,12.19,Returning Customer
104892,2025-06-18,North,Electronics,2,544.97,83.79,Returning Customer
104893,2025-06-18,West,Beauty,1,26.14,11.75,VIP
104894,2025-06-18,East,Beauty,1,21.97,8.88,Returning Customer
104895,2025-06-18,West,Apparel,2,117.74,35.1,Returning Customer
104896,2025-06-18,East,Apparel,2,108.97,38.82,Returning Customer
104897,2025-06-18,East,Beauty,2,44.81,19.09,New Customer
104898,2025-06-18,East,Apparel,2,101.98,32.59,Returning Customer
104899,2025-06-18,East,Apparel,1,63.83,21.8,Returning Customer
104900,2025-06-18,North,Electronics,2,383.15,71.16,Returning Customer
104901,2025-06-18,North,Electronics,2,305.17,59.54,New Customer
104902,2025-06-19,South,Apparel,2,87.46,30.98,New Customer
104903,2025-06-19,West,Home & Kitchen,1,62.79,16.62,New Customer
104904,2025-06-19,North,Apparel,1,44.53,16.57,New Customer
104905,2025-06-19,South,Apparel,2,86.47,26.76,Returning Customer
104906,2025-06-19,South,Home & Kitchen,1,55.63,15.86,New Customer
104907,2025-06-19,North,Home & Kitchen,1,82.71,20.38,New Customer
104908,2025-06-19,West,Beauty,2,72.29,29.8,New Customer
104909,2025-06-19,West,Apparel,1,42.78,15.54,VIP
104910,2025-06-19,East,Beauty,1,35.2,14.44,Returning Customer
104911,2025-06-19,North,Home & Kitchen,2,167.04,48.77,Returning Customer
104912,2025-06-19,West,Home & Kitchen,1,40.81,10.68,Returning Customer
104913,2025-06-19,South,Sports & Outdoors,1,57.43,15.04,New Customer
104914,2025-06-19,North,Electronics,2,307.35,38.87,VIP
104915,2025-06-19,West,Home & Kitchen,1,55.29,13.05,VIP
104916,2025-06-19,East,Electronics,1,176.16,34.89,Returning Customer
104917,2025-06-19,East,Beauty,1,35.77,14.5,New Customer
104918,2025-06-19,North,Home & Kitchen,1,66.95,18.66,New Customer
104919,2025-06-19,North,Electronics,2,359.9,81.86,VIP
104920,2025-06-19,South,Beauty,1,33.62,14.28,New Customer
104921,2025-06-19,West,Home & Kitchen,1,65.04,18.76,New Customer
104922,2025-06-19,East,Beauty,1,29.93,13.8,New Customer
104923,2025-06-19,East,Electronics,1,151.78,31.82,New Customer
104924,2025-06-19,East,Apparel,1,56.97,19.23,Returning Customer
104925,2025-06-19,South,Home & Kitchen,1,43.5,13.61,Returning Customer
104926,2025-06-19,North,Home & Kitchen,2,136.69,26.41,New Customer
104927,2025-06-19,East,Home & Kitchen,2,187.55,54.69,VIP
104928,2025-06-19,East,Beauty,2,61.04,27.19,New Customer
104929,2025-06-19,North,Electronics,1,286.31,48.1,Returning Customer
104930,2025-06-19,West,Apparel,2,102.94,32.95,New Customer
104931,2025-06-19,East,Electronics,1,154.33,20.34,Returning Customer
104932,2025-06-19,East,Beauty,1,26.56,11.25,VIP
104933,2025-06-19,West,Beauty,2,79.71,35.79,VIP
104934,2025-06-19,West,Sports & Outdoors,1,62.25,18.22,New Customer
104935,2025-06-19,West,Sports & Outdoors,1,70.36,21.08,VIP
104936,2025-06-19,South,Apparel,1,47.93,17.12,Returning Customer
104937,2025-06-20,West,Home & Kitchen,2,116.92,34.3,Returning Customer
104938,2025-06-20,West,Apparel,2,53.88,18.6,VIP
104939,2025-06-20,West,Electronics,2,382.07,55.54,VIP
104940,2025-06-20,West,Beauty,1,16.18,6.44,Returning Customer
104941,2025-06-20,North,Home & Kitchen,1,36.35,9.18,New Customer
104942,2025-06-20,East,Home & Kitchen,2,113.15,28.11,New Customer
104943,2025-06-20,North,Apparel,1,58.84,19.44,Returning Customer
104944,2025-06-20,South,Electronics,1,174.38,36.74,Returning Customer
104945,2025-06-20,East,Apparel,2,86.79,32.58,VIP
104946,2025-06-20,East,Beauty,1,23.15,9.67,Returning Customer
104947,2025-06-20,North,Home & Kitchen,2,106.78,24.78,Returning Customer
104948,2025-06-20,South,Electronics,1,255.81,35.38,New Customer
104949,2025-06-20,North,Apparel,1,22.14,7.64,VIP
104950,2025-06-20,East,Beauty,1,27.89,10.8,New Customer
104951,2025-06-20,North,Electronics,1,219.45,37.09,VIP
104952,2025-06-20,West,Sports & Outdoors,3,246.8,76.6,Returning Customer
104953,2025-06-20,North,Electronics,2,387.27,81.41,Returning Customer
104954,2025-06-20,South,Apparel,1,65.92,21.44,New Customer
104955,2025-06-20,West,Electronics,1,141.7,24.45,VIP
104956,2025-06-20,South,Sports & Outdoors,2,50.8,18.29,New Customer
104957,2025-06-20,South,Home & Kitchen,2,111.97,25.14,Returning Customer
104958,2025-06-20,North,Apparel,2,99.99,33.31,New Customer
104959,2025-06-20,South,Beauty,2,55.39,23.62,Returning Customer
104960,2025-06-20,South,Apparel,2,85.26,28.17,VIP
104961,2025-06-20,North,Electronics,2,234.63,37.72,Returning Customer
104962,2025-06-20,West,Electronics,1,199.24,31.2,New Customer
104963,2025-06-20,West,Sports & Outdoors,2,115.37,35.98,VIP
104964,2025-06-20,East,Electronics,1,171.79,38.7,VIP
104965,2025-06-20,West,Apparel,1,29.09,9.2,New Customer
104966,2025-06-20,South,Home & Kitchen,1,67.69,21.86,New Customer
104967,2025-06-20,North,Beauty,2,42.78,16.23,Returning Customer
104968,2025-06-20,East,Home & Kitchen,1,51.96,15.22,Returning Customer
104969,2025-06-20,East,Electronics,2,279.58,48.51,VIP
104970,2025-06-20,North,Home & Kitchen,2,63.94,18.81,VIP
104971,2025-06-20,East,Beauty,1,30.72,13.24,Returning Customer
104972,2025-06-20,West,Home & Kitchen,1,68.65,21.69,New Customer
104973,2025-06-20,North,Apparel,2,59.34,19.1,New Customer
104974,2025-06-20,West,Electronics,2,445.67,98.29,VIP
104975,2025-06-20,West,Beauty,1,30.41,13.08,Returning Customer
104976,2025-06-21,West,Home & Kitchen,2,120.11,33.86,New Customer
104977,2025-06-21,North,Apparel,1,61.04,24.78,New Customer
104978,2025-06-21,North,Beauty,2,51.1,23.07,New Customer
104979,2025-06-21,East,Sports & Outdoors,1,68.15,21.6,Returning Customer
104980,2025-06-21,North,Beauty,1,31.42,13.28,Returning Customer
104981,2025-06-21,East,Electronics,1,223.6,40.12,VIP
104982,2025-06-21,West,Sports & Outdoors,3,152.42,48.97,New Customer
104983,2025-06-21,East,Apparel,2,68.92,27.63,New Customer
104984,2025-06-21,East,Home & Kitchen,1,71.92,23.92,New Customer
104985,2025-06-21,North,Apparel,2,106.48,37.37,Returning Customer
104986,2025-06-21,East,Electronics,2,382.43,90.18,New Customer
104987,2025-06-21,North,Apparel,1,23.28,8.49,New Customer
104988,2025-06-21,North,Apparel,2,79.91,27.36,VIP
104989,2025-06-21,East,Apparel,2,87.59,34.03,Returning Customer
104990,2025-06-21,East,Home & Kitchen,2,73.11,18.93,VIP
104991,2025-06-21,West,Sports & Outdoors,3,136.82,45.86,Returning Customer
104992,2025-06-21,South,Apparel,2,69.92,22.39,New Customer
104993,2025-06-21,South,Electronics,2,446.57,60.48,Returning Customer
104994,2025-06-21,North,Apparel,2,69.41,22.89,Returning Customer
104995,2025-06-21,East,Home & Kitchen,1,63.85,16.34,Returning Customer
104996,2025-06-21,East,Apparel,1,56.07,19.63,Returning Customer
104997,2025-06-21,North,Sports & Outdoors,1,62.65,18.8,New Customer
104998,2025-06-21,North,Apparel,2,94.65,34.26,Returning Customer
104999,2025-06-21,East,Home & Kitchen,2,116.56,36.54,New Customer
105000,2025-06-21,West,Electronics,2,345.88,76.6,Returning Customer
105001,2025-06-21,East,Electronics,2,312.09,60.3,New Customer
105002,2025-06-21,South,Electronics,2,235.45,40.52,Returning Customer
105003,2025-06-21,South,Apparel,1,62.03,22.77,Returning Customer
105004,2025-06-21,East,Beauty,1,27.43,12.24,VIP
105005,2025-06-21,North,Electronics,1,149.67,34.26,VIP
105006,2025-06-21,East,Sports & Outdoors,3,186.48,57.67,New Customer
105007,2025-06-21,West,Apparel,2,79.96,26.59,New Customer
105008,2025-06-21,West,Beauty,2,52.4,22.48,Returning Customer
105009,2025-06-21,West,Apparel,2,76.82,26.47,Returning Customer
105010,2025-06-21,West,Home & Kitchen,2,159.32,49.64,Returning Customer
105011,2025-06-21,South,Apparel,1,28.21,10.75,New Customer
105012,2025-06-21,North,Home & Kitchen,2,141.3,40.3,Returning Customer
105013,2025-06-21,South,Home & Kitchen,2,156.05,41.96,Returning Customer
105014,2025-06-21,East,Home & Kitchen,2,95.65,23.95,New Customer
105015,2025-06-21,East,Beauty,2,52.73,21.39,VIP
105016,2025-06-21,North,Home & Kitchen,2,148.24,44.32,New Customer
105017,2025-06-22,North,Home & Kitchen,1,48.35,11.87,New Customer
105018,2025-06-22,South,Electronics,2,314.13,63.69,New Customer
105019,2025-06-22,North,Home & Kitchen,1,74.65,21.48,New Customer
105020,2025-06-22,North,Electronics,1,191.89,38.08,New Customer
105021,2025-06-22,West,Electronics,1,187.1,33.87,Returning Customer
105022,2025-06-22,South,Apparel,1,40.2,14.4,VIP
105023,2025-06-22,North,Home & Kitchen,2,135.93,40.35,New Customer
105024,2025-06-22,East,Apparel,1,55.43,19.05,Returning Customer
105025,2025-06-22,West,Sports & Outdoors,2,136.89,42.73,VIP
105026,2025-06-22,East,Electronics,2,316.88,60.3,Returning Customer
105027,2025-06-22,South,Beauty,1,19.44,8.47,Returning Customer
105028,2025-06-22,East,Electronics,2,476.19,93.23,Returning Customer
105029,2025-06-22,East,Electronics,1,208.22,40.83,New Customer
105030,2025-06-22,East,Electronics,2,332.91,48.03,New Customer
105031,2025-06-22,East,Sports & Outdoors,3,189.94,63.21,Returning Customer
105032,2025-06-22,South,Electronics,2,312.17,64.29,Returning Customer
105033,2025-06-22,North,Sports & Outdoors,3,197.29,52.68,New Customer
105034,2025-06-22,North,Apparel,2,79.6,22.82,Returning Customer
105035,2025-06-22,South,Sports & Outdoors,3,233.75,61.39,VIP
105036,2025-06-22,North,Home & Kitchen,2,84.73,22.21,New Customer
105037,2025-06-22,South,Electronics,2,369.24,80.93,VIP
105038,2025-06-22,North,Beauty,1,32.57,14.03,New Customer
105039,2025-06-22,North,Beauty,1,26.02,10.22,Returning Customer
105040,2025-06-22,West,Sports & Outdoors,1,61.08,17.51,Returning Customer
105041,2025-06-22,North,Beauty,1,19.55,8.09,Returning Customer
105042,2025-06-22,South,Apparel,2,116.95,35.78,New Customer
105043,2025-06-22,East,Home & Kitchen,1,50.44,14.17,VIP
105044,2025-06-22,North,Sports & Outdoors,1,68.34,22.45,Returning Customer
105045,2025-06-23,East,Electronics,2,408.84,66.95,New Customer
105046,2025-06-23,South,Electronics,2,391.72,71.9,New Customer
105047,2025-06-23,West,Apparel,1,51.56,16.59,New Customer
105048,2025-06-23,South,Electronics,2,319.98,60.4,VIP
105049,2025-06-23,North,Home & Kitchen,1,75.91,21.64,New Customer
105050,2025-06-23,East,Apparel,2,135.55,37.3,New Customer
105051,2025-06-23,East,Home & Kitchen,1,43.7,10.48,New Customer
105052,2025-06-23,South,Home & Kitchen,2,92.08,28.93,New Customer
105053,2025-06-23,North,Home & Kitchen,1,76.28,19.67,New Customer
105054,2025-06-23,North,Electronics,1,198.0,34.18,Returning Customer
105055,2025-06-23,South,Sports & Outdoors,3,143.25,46.46,New Customer
105056,2025-06-23,North,Beauty,2,34.03,15.86,Returning Customer
105057,2025-06-23,East,Apparel,1,19.07,7.34,New Customer
105058,2025-06-23,East,Home & Kitchen,2,137.61,39.55,New Customer
105059,2025-06-23,East,Sports & Outdoors,2,114.51,31.21,New Customer
105060,2025-06-23,North,Sports & Outdoors,1,60.86,16.58,Returning Customer
105061,2025-06-23,East,Home & Kitchen,1,80.47,16.75,New Customer
105062,2025-06-23,North,Beauty,1,29.61,14.07,Returning Customer
105063,2025-06-23,East,Home & Kitchen,2,129.23,41.09,Returning Customer
105064,2025-06-23,East,Apparel,2,86.05,24.7,New Customer
105065,2025-06-23,West,Apparel,2,70.82,20.65,Returning Customer
105066,2025-06-23,West,Apparel,2,84.75,28.37,New Customer
105067,2025-06-23,South,Apparel,2,118.78,40.39,Returning Customer
105068,2025-06-23,West,Home & Kitchen,1,80.63,23.8,VIP
105069,2025-06-23,East,Home & Kitchen,2,126.79,34.16,VIP
105070,2025-06-23,North,Home & Kitchen,2,149.31,38.86,New Customer
105071,2025-06-23,South,Electronics,1,171.2,31.47,New Customer
105072,2025-06-24,South,Home & Kitchen,1,60.52,16.62,New Customer
105073,2025-06-24,North,Electronics,1,149.68,35.4,New Customer
105074,2025-06-24,South,Sports & Outdoors,2,126.64,32.55,New Customer
105075,2025-06-24,West,Electronics,2,344.05,68.43,New Customer
105076,2025-06-24,East,Home & Kitchen,2,103.06,24.83,New Customer
105077,2025-06-24,South,Home & Kitchen,1,83.31,19.61,New Customer
105078,2025-06-24,South,Electronics,2,467.35,118.71,VIP
105079,2025-06-24,East,Beauty,2,62.29,27.18,VIP
105080,2025-06-24,South,Sports & Outdoors,3,120.94,43.14,Returning Customer
105081,2025-06-24,East,Apparel,2,80.08,23.99,New Customer
105082,2025-06-24,West,Apparel,2,104.08,34.07,New Customer
105083,2025-06-24,North,Home & Kitchen,1,48.81,13.75,New Customer
105084,2025-06-24,North,Apparel,2,65.33,24.31,Returning Customer
105085,2025-06-24,South,Sports & Outdoors,3,182.9,51.6,Returning Customer
105086,2025-06-24,North,Home & Kitchen,1,87.27,19.97,New Customer
105087,2025-06-24,South,Electronics,1,151.52,29.0,Returning Customer
105088,2025-06-24,South,Beauty,2,67.95,28.46,Returning Customer
105089,2025-06-24,North,Home & Kitchen,2,178.04,44.47,Returning Customer
105090,2025-06-24,East,Beauty,1,34.37,13.75,Returning Customer
105091,2025-06-24,North,Beauty,2,39.56,15.41,Returning Customer
105092,2025-06-24,North,Apparel,2,87.61,34.37,VIP
105093,2025-06-24,East,Sports & Outdoors,2,114.74,29.09,New Customer
105094,2025-06-24,West,Home & Kitchen,2,181.05,54.17,New Customer
105095,2025-06-24,East,Apparel,2,103.01,37.01,New Customer
105096,2025-06-24,West,Beauty,2,75.75,28.9,Returning Customer
105097,2025-06-24,East,Electronics,2,400.08,90.46,Returning Customer
105098,2025-06-24,South,Beauty,2,82.96,36.05,New Customer
105099,2025-06-24,East,Beauty,1,30.46,13.11,New Customer
105100,2025-06-24,East,Electronics,1,193.7,30.48,New Customer
105101,2025-06-24,South,Electronics,2,301.0,52.75,VIP
105102,2025-06-24,South,Sports & Outdoors,3,192.98,50.75,VIP
105103,2025-06-24,North,Beauty,2,66.12,28.43,VIP
105104,2025-06-24,North,Sports & Outdoors,2,88.49,25.89,New Customer
105105,2025-06-24,South,Apparel,2,115.19,38.54,VIP
105106,2025-06-24,West,Electronics,1,155.82,34.65,VIP
105107,2025-06-24,West,Home & Kitchen,1,47.45,14.25,New Customer
105108,2025-06-24,North,Home & Kitchen,2,150.37,44.8,VIP
105109,2025-06-24,North,Beauty,2,62.99,26.19,Returning Customer
105110,2025-06-24,North,Home & Kitchen,2,112.18,26.17,New Customer
105111,2025-06-24,East,Apparel,1,58.21,21.98,VIP
105112,2025-06-24,South,Apparel,2,64.36,20.89,New Customer
105113,2025-06-25,West,Electronics,2,374.41,65.62,VIP
105114,2025-06-25,South,Apparel,1,54.76,21.81,New Customer
105115,2025-06-25,West,Apparel,1,51.32,19.2,New Customer
105116,2025-06-25,North,Sports & Outdoors,1,40.04,11.9,VIP
105117,2025-06-25,North,Electronics,1,159.4,25.69,New Customer
105118,2025-06-25,East,Apparel,2,85.39,28.54,Returning Customer
105119,2025-06-25,East,Beauty,2,71.25,32.46,Returning Customer
105120,2025-06-25,West,Apparel,2,31.91,11.38,New Customer
105121,2025-06-25,North,Apparel,2,101.25,34.12,VIP
105122,2025-06-25,South,Beauty,2,62.08,26.78,New Customer
105123,2025-06-25,North,Home & Kitchen,1,81.76,25.04,New Customer
105124,2025-06-25,West,Apparel,2,82.69,28.75,VIP
105125,2025-06-25,North,Electronics,1,169.11,26.25,New Customer
105126,2025-06-25,North,Sports & Outdoors,3,197.33,54.79,New Customer
105127,2025-06-25,South,Beauty,1,16.82,6.97,VIP
105128,2025-06-25,East,Home & Kitchen,1,52.32,15.67,New Customer
105129,2025-06-25,North,Beauty,2,58.39,24.23,Returning Customer
105130,2025-06-25,South,Electronics,1,175.75,34.39,New Customer
105131,2025-06-25,West,Apparel,2,74.76,28.43,New Customer
105132,2025-06-25,South,Sports & Outdoors,3,174.44,55.43,VIP
105133,2025-06-25,East,Home & Kitchen,2,161.53,40.86,Returning Customer
105134,2025-06-25,West,Beauty,2,64.01,25.54,Returning Customer
105135,2025-06-25,North,Electronics,1,188.72,33.25,Returning Customer
105136,2025-06-25,South,Beauty,2,42.64,17.39,New Customer
105137,2025-06-25,East,Apparel,1,58.33,20.51,New Customer
105138,2025-06-25,North,Electronics,1,142.9,24.75,New Customer
105139,2025-06-26,West,Apparel,1,41.91,13.42,VIP
105140,2025-06-26,West,Home & Kitchen,1,75.89,22.5,New Customer
105141,2025-06-26,East,Electronics,2,445.84,88.54,Returning Customer
105142,2025-06-26,North,Electronics,2,382.97,96.58,New Customer
105143,2025-06-26,West,Beauty,2,42.96,18.19,Returning Customer
105144,2025-06-26,West,Electronics,1,119.29,26.86,Returning Customer
105145,2025-06-26,West,Apparel,1,59.7,20.51,New Customer
105146,2025-06-26,North,Electronics,2,447.16,67.36,New Customer
105147,2025-06-26,East,Electronics,2,391.35,68.51,New Customer
105148,2025-06-26,North,Apparel,1,39.45,11.2,New Customer
105149,2025-06-26,West,Beauty,1,11.06,4.47,New Customer
105150,2025-06-26,East,Home & Kitchen,1,20.3,6.34,Returning Customer
105151,2025-06-26,West,Electronics,2,257.97,38.42,VIP
105152,2025-06-26,North,Home & Kitchen,2,116.53,38.44,Returning Customer
105153,2025-06-26,South,Apparel,1,47.61,18.54,VIP
105154,2025-06-26,West,Apparel,2,132.16,50.1,New Customer
105155,2025-06-26,North,Home & Kitchen,2,170.54,42.08,New Customer
105156,2025-06-26,South,Sports & Outdoors,1,46.34,15.81,New Customer
105157,2025-06-26,South,Apparel,1,51.8,16.09,Returning Customer
105158,2025-06-26,North,Electronics,1,243.17,39.19,Returning Customer
105159,2025-06-26,West,Home & Kitchen,2,108.6,32.98,New Customer
105160,2025-06-26,West,Apparel,1,56.5,19.16,Returning Customer
105161,2025-06-26,South,Apparel,1,44.04,15.51,Returning Customer
105162,2025-06-26,East,Home & Kitchen,2,171.71,51.51,VIP
105163,2025-06-26,West,Apparel,2,50.72,18.88,New Customer
105164,2025-06-26,South,Home & Kitchen,1,75.83,26.7,VIP
105165,2025-06-26,West,Beauty,2,58.14,21.57,New Customer
105166,2025-06-26,North,Home & Kitchen,1,22.02,4.68,VIP
105167,2025-06-26,North,Sports & Outdoors,2,77.72,26.98,Returning Customer
105168,2025-06-26,East,Electronics,1,212.63,37.82,Returning Customer
105169,2025-06-26,South,Electronics,1,214.11,30.52,VIP
105170,2025-06-26,North,Beauty,1,26.79,11.04,New Customer
105171,2025-06-26,North,Home & Kitchen,1,93.89,19.41,Returning Customer
105172,2025-06-26,East,Home & Kitchen,1,41.9,10.92,Returning Customer
105173,2025-06-26,North,Electronics,2,460.55,90.76,VIP
105174,2025-06-26,East,Home & Kitchen,1,62.47,21.75,New Customer
105175,2025-06-26,East,Beauty,2,41.74,18.89,New Customer
105176,2025-06-26,South,Beauty,1,31.87,15.07,VIP
105177,2025-06-26,North,Home & Kitchen,2,91.62,29.46,New Customer
105178,2025-06-26,South,Electronics,1,120.4,23.0,New Customer
105179,2025-06-26,East,Electronics,1,181.01,33.85,Returning Customer
105180,2025-06-27,North,Apparel,2,104.86,39.77,VIP
105181,2025-06-27,North,Electronics,1,164.06,31.04,Returning Customer
105182,2025-06-27,North,Sports & Outdoors,2,110.93,32.4,Returning Customer
105183,2025-06-27,North,Electronics,2,448.99,98.93,Returning Customer
105184,2025-06-27,West,Electronics,2,254.45,46.18,New Customer
105185,2025-06-27,East,Beauty,2,51.31,20.3,New Customer
105186,2025-06-27,South,Electronics,2,392.66,73.56,New Customer
105187,2025-06-27,West,Electronics,2,359.21,76.89,New Customer
105188,2025-06-27,West,Sports & Outdoors,2,82.43,26.18,New Customer
105189,2025-06-27,East,Apparel,1,38.65,13.04,New Customer
105190,2025-06-27,South,Apparel,1,37.32,11.4,New Customer
105191,2025-06-27,East,Electronics,2,178.72,40.19,Returning Customer
105192,2025-06-27,South,Home & Kitchen,2,131.64,33.09,VIP
105193,2025-06-27,North,Apparel,2,49.33,15.99,Returning Customer
105194,2025-06-27,East,Beauty,2,46.7,17.64,Returning Customer
105195,2025-06-27,South,Electronics,2,321.02,60.75,VIP
105196,2025-06-27,East,Electronics,1,171.76,35.96,New Customer
105197,2025-06-27,West,Electronics,1,211.59,45.21,New Customer
105198,2025-06-27,North,Apparel,1,44.55,16.18,New Customer
105199,2025-06-27,East,Apparel,1,43.47,16.99,VIP
105200,2025-06-27,East,Beauty,1,21.91,8.18,Returning Customer
105201,2025-06-27,North,Electronics,2,338.79,72.93,New Customer
105202,2025-06-27,East,Home & Kitchen,1,71.95,19.64,Returning Customer
105203,2025-06-27,North,Home & Kitchen,1,90.16,28.87,New Customer
105204,2025-06-27,North,Beauty,1,23.44,10.04,New Customer
105205,2025-06-27,East,Apparel,1,48.28,18.08,New Customer
105206,2025-06-27,East,Electronics,1,157.71,29.06,VIP
105207,2025-06-27,North,Home & Kitchen,1,66.95,19.2,Returning Customer
105208,2025-06-27,East,Sports & Outdoors,1,41.91,12.47,VIP
105209,2025-06-27,South,Apparel,1,37.92,12.92,New Customer
105210,2025-06-27,West,Home & Kitchen,1,77.33,17.55,New Customer
105211,2025-06-27,East,Electronics,2,427.04,79.79,New Customer
105212,2025-06-27,West,Beauty,1,24.01,9.37,VIP
105213,2025-06-27,South,Beauty,1,25.06,10.38,VIP
105214,2025-06-27,North,Electronics,1,156.28,24.51,Returning Customer
105215,2025-06-27,East,Apparel,2,91.01,29.29,Returning Customer
105216,2025-06-27,North,Sports & Outdoors,2,111.67,29.06,New Customer
105217,2025-06-27,North,Home & Kitchen,2,113.62,34.01,VIP
105218,2025-06-27,South,Electronics,2,275.66,50.15,Returning Customer
105219,2025-06-27,South,Apparel,1,27.52,9.77,New Customer
105220,2025-06-27,West,Apparel,2,99.66,36.15,New Customer
105221,2025-06-27,North,Sports & Outdoors,1,60.8,18.09,New Customer
105222,2025-06-28,East,Home & Kitchen,2,139.56,42.31,New Customer
105223,2025-06-28,South,Apparel,2,53.28,19.77,New Customer
105224,2025-06-28,East,Home & Kitchen,1,59.0,15.66,VIP
105225,2025-06-28,East,Electronics,2,289.32,59.66,Returning Customer
105226,2025-06-28,East,Apparel,2,54.37,18.11,VIP
105227,2025-06-28,West,Apparel,2,83.55,30.17,New Customer
105228,2025-06-28,East,Apparel,1,32.18,10.94,Returning Customer
105229,2025-06-28,North,Home & Kitchen,2,133.73,31.76,Returning Customer
105230,2025-06-28,East,Electronics,2,335.75,45.79,VIP
105231,2025-06-28,West,Beauty,2,54.49,22.05,New Customer
105232,2025-06-28,South,Electronics,1,187.55,28.34,New Customer
105233,2025-06-28,East,Home & Kitchen,2,124.84,30.06,Returning Customer
105234,2025-06-28,West,Sports & Outdoors,3,211.72,63.39,Returning Customer
105235,2025-06-28,North,Beauty,1,22.99,10.16,New Customer
105236,2025-06-28,North,Sports & Outdoors,3,127.81,41.5,Returning Customer
105237,2025-06-28,West,Electronics,1,271.72,54.19,New Customer
105238,2025-06-28,South,Electronics,2,527.21,86.42,Returning Customer
105239,2025-06-28,South,Home & Kitchen,1,28.15,8.16,Returning Customer
105240,2025-06-28,East,Home & Kitchen,1,65.9,19.74,New Customer
105241,2025-06-28,South,Home & Kitchen,1,84.28,18.46,Returning Customer
105242,2025-06-28,West,Sports & Outdoors,2,151.15,49.1,New Customer
105243,2025-06-28,West,Apparel,1,57.11,20.73,VIP
105244,2025-06-28,South,Beauty,2,61.89,25.85,Returning Customer
105245,2025-06-28,South,Beauty,1,47.7,22.12,Returning Customer
105246,2025-06-28,South,Home & Kitchen,2,158.97,43.57,New Customer
105247,2025-06-28,East,Sports & Outdoors,2,126.07,39.48,New Customer
105248,2025-06-28,East,Electronics,1,116.77,19.91,New Customer
105249,2025-06-28,East,Beauty,1,26.84,11.96,New Customer
105250,2025-06-28,West,Apparel,1,60.04,21.16,New Customer
105251,2025-06-28,South,Home & Kitchen,2,130.72,35.62,New Customer
105252,2025-06-28,West,Beauty,2,57.62,22.91,VIP
105253,2025-06-28,West,Home & Kitchen,1,73.25,20.07,Returning Customer
105254,2025-06-28,West,Home & Kitchen,1,91.56,23.91,VIP
105255,2025-06-28,West,Home & Kitchen,2,100.04,25.73,Returning Customer
105256,2025-06-28,North,Beauty,2,82.08,36.9,Returning Customer
105257,2025-06-28,North,Electronics,1,213.8,35.78,New Customer
105258,2025-06-28,South,Beauty,1,37.92,17.36,New Customer
105259,2025-06-28,West,Beauty,2,49.68,20.75,New Customer
105260,2025-06-28,North,Apparel,2,54.26,15.95,Returning Customer
105261,2025-06-28,West,Electronics,2,223.44,40.49,New Customer
105262,2025-06-28,South,Electronics,2,240.39,37.73,New Customer
105263,2025-06-29,West,Apparel,1,57.33,22.84,Returning Customer
105264,2025-06-29,South,Sports & Outdoors,1,64.23,17.96,New Customer
105265,2025-06-29,East,Beauty,1,27.1,10.52,VIP
105266,2025-06-29,South,Apparel,2,46.41,18.4,Returning Customer
105267,2025-06-29,West,Apparel,2,96.02,31.72,VIP
105268,2025-06-29,North,Home & Kitchen,1,46.53,15.22,VIP
105269,2025-06-29,South,Apparel,1,32.6,10.76,New Customer
105270,2025-06-29,South,Home & Kitchen,2,122.95,36.83,Returning Customer
105271,2025-06-29,South,Electronics,2,305.37,42.69,New Customer
105272,2025-06-29,West,Electronics,1,172.89,32.18,New Customer
105273,2025-06-29,West,Sports & Outdoors,1,66.94,18.49,Returning Customer
105274,2025-06-29,South,Home & Kitchen,2,112.99,32.51,VIP
105275,2025-06-29,East,Beauty,2,63.62,24.09,Returning Customer
105276,2025-06-29,East,Electronics,1,165.98,22.33,New Customer
105277,2025-06-29,North,Home & Kitchen,2,110.65,29.04,New Customer
105278,2025-06-29,North,Home & Kitchen,1,43.63,9.47,New Customer
105279,2025-06-29,North,Electronics,1,208.19,39.07,Returning Customer
105280,2025-06-29,North,Apparel,1,51.05,16.49,VIP
105281,2025-06-29,East,Apparel,2,118.51,36.52,Returning Customer
105282,2025-06-29,North,Electronics,1,151.28,26.26,Returning Customer
105283,2025-06-29,South,Beauty,2,58.34,23.69,Returning Customer
105284,2025-06-29,North,Apparel,2,72.51,25.37,Returning Customer
105285,2025-06-29,North,Apparel,1,47.26,16.52,Returning Customer
105286,2025-06-29,South,Beauty,2,67.42,30.39,VIP
105287,2025-06-29,East,Apparel,1,36.75,11.84,New Customer
105288,2025-06-29,West,Home & Kitchen,1,82.55,19.81,Returning Customer
105289,2025-06-29,East,Apparel,2,111.8,37.84,VIP
105290,2025-06-29,West,Electronics,2,303.51,50.74,New Customer
105291,2025-06-29,South,Electronics,2,422.05,70.29,New Customer
105292,2025-06-29,South,Home & Kitchen,2,127.98,36.05,New Customer
105293,2025-06-29,East,Apparel,1,54.76,19.33,VIP
105294,2025-06-29,West,Beauty,1,25.82,10.29,New Customer
105295,2025-06-29,North,Electronics,1,237.83,34.97,Returning Customer
105296,2025-06-29,North,Electronics,1,198.17,28.37,VIP
105297,2025-06-29,North,Apparel,2,94.39,30.6,Returning Customer
105298,2025-06-29,North,Apparel,1,58.08,19.24,Returning Customer
105299,2025-06-29,North,Beauty,1,27.74,10.31,Returning Customer
105300,2025-06-29,North,Sports & Outdoors,1,55.38,15.38,Returning Customer
105301,2025-06-29,South,Home & Kitchen,1,39.78,11.2,Returning Customer
105302,2025-06-29,North,Home & Kitchen,1,73.18,18.45,New Customer
105303,2025-06-30,East,Sports & Outdoors,2,126.85,40.3,New Customer
105304,2025-06-30,West,Electronics,2,253.72,51.86,Returning Customer
105305,2025-06-30,East,Beauty,1,39.34,17.53,Returning Customer
105306,2025-06-30,West,Sports & Outdoors,1,56.13,18.33,VIP
105307,2025-06-30,North,Apparel,2,93.71,36.86,New Customer
105308,2025-06-30,East,Electronics,1,218.53,46.14,New Customer
105309,2025-06-30,East,Home & Kitchen,1,56.95,17.3,Returning Customer
105310,2025-06-30,East,Home & Kitchen,2,101.98,25.07,Returning Customer
105311,2025-06-30,North,Home & Kitchen,2,126.85,33.83,VIP
105312,2025-06-30,West,Electronics,2,459.09,59.61,New Customer
105313,2025-06-30,North,Sports & Outdoors,3,101.16,31.96,New Customer
105314,2025-06-30,North,Beauty,2,29.78,13.53,Returning Customer
105315,2025-06-30,East,Electronics,2,320.75,52.42,New Customer
105316,2025-06-30,North,Apparel,2,83.08,30.99,New Customer
105317,2025-06-30,West,Home & Kitchen,2,147.26,55.44,New Customer
105318,2025-06-30,North,Beauty,2,36.25,14.85,VIP
105319,2025-06-30,North,Beauty,2,58.22,23.71,Returning Customer
105320,2025-06-30,North,Electronics,2,483.43,69.5,New Customer
105321,2025-06-30,East,Electronics,2,186.66,34.96,New Customer
105322,2025-06-30,North,Home & Kitchen,2,65.13,18.13,New Customer
105323,2025-06-30,North,Electronics,1,97.58,13.61,New Customer
105324,2025-06-30,East,Beauty,1,22.5,8.73,New Customer
105325,2025-06-30,South,Beauty,1,23.01,9.83,Returning Customer
105326,2025-06-30,West,Home & Kitchen,1,67.78,19.5,Returning Customer
105327,2025-06-30,West,Home & Kitchen,1,66.36,15.9,New Customer
105328,2025-06-30,East,Home & Kitchen,1,82.23,22.32,New Customer
105329,2025-06-30,East,Sports & Outdoors,2,74.37,26.5,New Customer
105330,2025-07-01,West,Sports & Outdoors,3,125.41,34.4,New Customer
105331,2025-07-01,West,Electronics,2,290.3,48.41,Returning Customer
105332,2025-07-01,South,Apparel,2,20.09,6.76,Returning Customer
105333,2025-07-01,East,Apparel,1,50.39,14.18,New Customer
105334,2025-07-01,North,Apparel,2,69.6,24.37,VIP
105335,2025-07-01,North,Electronics,2,613.92,93.2,VIP
105336,2025-07-01,East,Electronics,2,265.05,49.36,New Customer
105337,2025-07-01,West,Home & Kitchen,1,70.43,18.14,New Customer
105338,2025-07-01,East,Home & Kitchen,1,73.48,21.52,Returning Customer
105339,2025-07-01,North,Electronics,1,176.28,20.16,New Customer
105340,2025-07-01,North,Home & Kitchen,1,57.17,15.05,Returning Customer
105341,2025-07-01,East,Apparel,2,99.48,30.63,Returning Customer
105342,2025-07-01,North,Beauty,1,26.38,11.06,Returning Customer
105343,2025-07-01,East,Home & Kitchen,1,41.52,12.18,New Customer
105344,2025-07-01,West,Apparel,2,16.54,5.19,Returning Customer
105345,2025-07-01,North,Sports & Outdoors,1,70.19,17.38,VIP
105346,2025-07-01,North,Electronics,2,307.13,43.09,Returning Customer
105347,2025-07-01,East,Home & Kitchen,1,52.39,12.38,New Customer
105348,2025-07-01,West,Electronics,2,314.68,44.19,VIP
105349,2025-07-01,North,Apparel,1,50.77,18.03,New Customer
105350,2025-07-01,North,Home & Kitchen,2,155.85,47.43,New Customer
105351,2025-07-01,South,Apparel,2,71.88,20.53,VIP
105352,2025-07-01,East,Electronics,1,150.55,26.36,Returning Customer
105353,2025-07-01,South,Apparel,2,49.76,16.26,New Customer
105354,2025-07-01,North,Beauty,1,24.69,9.42,VIP
105355,2025-07-01,North,Electronics,1,157.49,35.29,VIP
105356,2025-07-01,South,Apparel,1,46.84,19.88,Returning Customer
105357,2025-07-01,North,Home & Kitchen,1,72.39,18.53,New Customer
105358,2025-07-01,North,Beauty,2,66.55,25.72,Returning Customer
105359,2025-07-01,East,Beauty,2,61.92,22.86,New Customer
105360,2025-07-01,South,Electronics,1,119.13,19.89,Returning Customer
105361,2025-07-01,North,Sports & Outdoors,3,114.64,38.86,Returning Customer
105362,2025-07-01,West,Beauty,2,32.52,13.68,Returning Customer
105363,2025-07-01,South,Apparel,2,100.45,31.35,New Customer
105364,2025-07-01,East,Apparel,1,43.15,15.23,New Customer
105365,2025-07-01,North,Apparel,1,36.46,13.09,VIP
105366,2025-07-02,West,Home & Kitchen,1,25.78,7.56,Returning Customer
105367,2025-07-02,South,Electronics,2,188.35,34.69,Returning Customer
105368,2025-07-02,West,Electronics,1,149.13,29.75,New Customer
105369,2025-07-02,North,Electronics,2,489.71,85.38,New Customer
105370,2025-07-02,South,Apparel,1,27.3,10.45,Returning Customer
105371,2025-07-02,East,Home & Kitchen,1,56.65,14.05,New Customer
105372,2025-07-02,East,Home & Kitchen,2,99.46,24.85,Returning Customer
105373,2025-07-02,North,Electronics,2,335.04,61.36,New Customer
105374,2025-07-02,South,Electronics,2,361.81,59.85,VIP
105375,2025-07-02,West,Home & Kitchen,2,170.4,47.8,New Customer
105376,2025-07-02,East,Apparel,1,38.19,13.71,VIP
105377,2025-07-02,North,Home & Kitchen,2,155.73,44.92,Returning Customer
105378,2025-07-02,East,Home & Kitchen,2,124.5,32.59,New Customer
105379,2025-07-02,South,Beauty,1,30.29,11.37,VIP
105380,2025-07-02,South,Apparel,2,102.0,35.15,New Customer
105381,2025-07-02,West,Home & Kitchen,1,66.15,19.83,Returning Customer
105382,2025-07-02,North,Home & Kitchen,2,68.05,14.19,New Customer
105383,2025-07-02,South,Beauty,1,20.54,9.04,Returning Customer
105384,2025-07-02,West,Home & Kitchen,2,128.52,35.03,VIP
105385,2025-07-02,South,Electronics,2,260.39,36.32,Returning Customer
105386,2025-07-02,South,Electronics,1,122.71,29.73,New Customer
105387,2025-07-02,North,Electronics,2,529.84,96.66,Returning Customer
105388,2025-07-02,North,Electronics,1,141.93,26.17,New Customer
105389,2025-07-02,East,Apparel,1,39.42,16.05,New Customer
105390,2025-07-02,North,Apparel,2,61.56,20.1,Returning Customer
105391,2025-07-02,South,Electronics,2,434.62,85.44,Returning Customer
105392,2025-07-02,West,Apparel,1,43.47,16.75,New Customer
105393,2025-07-02,East,Sports & Outdoors,2,133.58,42.9,Returning Customer
105394,2025-07-02,East,Electronics,2,388.13,77.78,Returning Customer
105395,2025-07-02,West,Sports & Outdoors,1,63.95,21.84,New Customer
105396,2025-07-02,East,Beauty,1,39.89,16.46,VIP
105397,2025-07-02,North,Home & Kitchen,1,69.29,22.11,Returning Customer
105398,2025-07-02,South,Electronics,1,136.69,19.47,New Customer
105399,2025-07-02,East,Home & Kitchen,2,108.38,30.03,VIP
105400,2025-07-02,South,Home & Kitchen,1,75.1,19.32,New Customer
105401,2025-07-02,North,Electronics,1,165.15,36.68,New Customer
105402,2025-07-02,North,Home & Kitchen,2,127.53,34.69,New Customer
105403,2025-07-02,East,Apparel,1,50.84,17.66,New Customer
105404,2025-07-02,East,Apparel,2,107.29,35.31,Returning Customer
105405,2025-07-02,South,Sports & Outdoors,3,239.26,62.23,New Customer
105406,2025-07-03,West,Apparel,2,58.9,21.17,New Customer
105407,2025-07-03,South,Apparel,2,104.64,35.8,New Customer
105408,2025-07-03,East,Home & Kitchen,1,90.1,25.29,Returning Customer
105409,2025-07-03,East,Electronics,1,189.34,31.56,Returning Customer
105410,2025-07-03,West,Home & Kitchen,2,124.01,34.1,VIP
105411,2025-07-03,North,Apparel,1,44.85,13.01,Returning Customer
105412,2025-07-03,East,Electronics,2,547.17,97.63,New Customer
105413,2025-07-03,South,Apparel,1,52.04,18.06,New Customer
105414,2025-07-03,East,Home & Kitchen,1,97.37,23.67,VIP
105415,2025-07-03,West,Electronics,1,170.92,24.13,Returning Customer
105416,2025-07-03,North,Electronics,2,231.29,36.97,Returning Customer
105417,2025-07-03,West,Beauty,2,87.71,38.4,New Customer
105418,2025-07-03,West,Home & Kitchen,1,29.37,7.81,VIP
105419,2025-07-03,North,Sports & Outdoors,3,185.24,45.38,New Customer
105420,2025-07-03,North,Electronics,2,370.69,72.31,VIP
105421,2025-07-03,East,Home & Kitchen,2,132.78,40.75,New Customer
105422,2025-07-03,South,Sports & Outdoors,3,175.67,51.9,New Customer
105423,2025-07-03,South,Electronics,1,186.37,28.22,New Customer
105424,2025-07-03,East,Beauty,1,21.58,9.57,Returning Customer
105425,2025-07-03,North,Beauty,2,36.3,14.64,VIP
105426,2025-07-03,South,Home & Kitchen,2,83.71,23.85,Returning Customer
105427,2025-07-03,South,Apparel,1,47.18,16.36,New Customer
105428,2025-07-03,South,Electronics,2,445.54,83.98,Returning Customer
105429,2025-07-03,East,Beauty,1,14.25,6.36,VIP
105430,2025-07-03,South,Apparel,1,49.01,18.83,VIP
105431,2025-07-03,North,Electronics,1,195.5,42.36,Returning Customer
105432,2025-07-03,North,Beauty,1,26.67,10.05,New Customer
105433,2025-07-03,East,Electronics,2,295.03,48.78,Returning Customer
105434,2025-07-03,North,Sports & Outdoors,3,194.11,65.7,VIP
105435,2025-07-03,West,Beauty,2,72.45,28.72,New Customer
105436,2025-07-04,North,Home & Kitchen,2,149.9,36.69,VIP
105437,2025-07-04,South,Sports & Outdoors,1,81.22,25.51,Returning Customer
105438,2025-07-04,West,Sports & Outdoors,1,53.29,15.33,Returning Customer
105439,2025-07-04,North,Beauty,2,60.28,23.28,New Customer
105440,2025-07-04,East,Home & Kitchen,2,138.54,36.67,New Customer
105441,2025-07-04,West,Home & Kitchen,2,67.18,19.54,Returning Customer
105442,2025-07-04,North,Electronics,2,302.02,46.03,New Customer
105443,2025-07-04,North,Apparel,1,33.94,11.53,New Customer
105444,2025-07-04,North,Apparel,1,50.92,15.47,New Customer
105445,2025-07-04,West,Sports & Outdoors,1,68.6,23.23,New Customer
105446,2025-07-04,West,Electronics,2,335.51,71.8,VIP
105447,2025-07-04,North,Home & Kitchen,1,62.88,16.49,New Customer
105448,2025-07-04,East,Beauty,1,22.14,9.68,New Customer
105449,2025-07-04,East,Home & Kitchen,2,137.18,38.41,Returning Customer
105450,2025-07-04,West,Electronics,2,257.06,46.56,New Customer
105451,2025-07-04,East,Beauty,2,64.26,27.45,Returning Customer
105452,2025-07-04,West,Apparel,1,55.19,19.72,New Customer
105453,2025-07-04,South,Apparel,2,139.63,51.24,VIP
105454,2025-07-04,South,Beauty,1,26.57,10.8,New Customer
105455,2025-07-04,West,Electronics,2,309.57,56.23,New Customer
105456,2025-07-04,South,Sports & Outdoors,2,65.09,21.27,New Customer
105457,2025-07-04,East,Apparel,1,54.36,18.95,Returning Customer
105458,2025-07-04,North,Electronics,1,204.74,32.14,New Customer
105459,2025-07-04,South,Home & Kitchen,1,51.05,16.87,Returning Customer
105460,2025-07-04,North,Home & Kitchen,2,93.45,28.62,VIP
105461,2025-07-04,North,Home & Kitchen,1,68.17,18.95,Returning Customer
105462,2025-07-04,West,Home & Kitchen,2,165.94,48.04,Returning Customer
105463,2025-07-04,East,Home & Kitchen,1,51.64,13.12,VIP
105464,2025-07-04,West,Apparel,1,63.49,20.32,New Customer
105465,2025-07-04,West,Beauty,2,61.18,26.48,New Customer
105466,2025-07-04,East,Beauty,2,47.55,21.12,VIP
105467,2025-07-04,North,Apparel,2,82.39,31.28,New Customer
105468,2025-07-04,South,Apparel,2,42.55,15.56,VIP
105469,2025-07-04,East,Electronics,2,390.88,79.88,New Customer
105470,2025-07-04,North,Electronics,2,429.82,71.85,Returning Customer
105471,2025-07-04,North,Electronics,2,200.77,37.52,VIP
105472,2025-07-04,East,Apparel,2,98.05,32.09,Returning Customer
105473,2025-07-04,South,Electronics,2,434.42,83.65,New Customer
105474,2025-07-04,West,Home & Kitchen,2,114.59,32.89,New Customer
105475,2025-07-04,North,Home & Kitchen,2,180.6,51.78,VIP
105476,2025-07-04,West,Beauty,2,26.21,11.14,Returning Customer
105477,2025-07-04,East,Electronics,2,399.51,53.51,VIP
105478,2025-07-04,South,Home & Kitchen,2,117.48,33.07,VIP
105479,2025-07-04,North,Home & Kitchen,1,55.36,16.42,New Customer
105480,2025-07-04,South,Sports & Outdoors,2,138.76,30.55,VIP
105481,2025-07-05,North,Apparel,2,56.1,17.8,New Customer
105482,2025-07-05,West,Electronics,1,141.97,17.5,VIP
105483,2025-07-05,North,Home & Kitchen,1,87.44,27.04,Returning Customer
105484,2025-07-05,West,Apparel,1,55.12,20.92,Returning Customer
105485,2025-07-05,South,Sports & Outdoors,1,82.29,21.67,New Customer
105486,2025-07-05,East,Sports & Outdoors,1,60.59,16.92,VIP
105487,2025-07-05,South,Beauty,2,66.84,31.71,Returning Customer
105488,2025-07-05,East,Beauty,2,61.61,24.57,New Customer
105489,2025-07-05,West,Apparel,1,48.33,16.7,New Customer
105490,2025-07-05,North,Apparel,1,50.36,18.21,Returning Customer
105491,2025-07-05,East,Home & Kitchen,1,98.24,31.19,Returning Customer
105492,2025-07-05,North,Beauty,2,52.73,21.98,Returning Customer
105493,2025-07-05,North,Electronics,2,164.6,30.12,VIP
105494,2025-07-05,South,Home & Kitchen,1,77.78,17.04,New Customer
105495,2025-07-05,North,Home & Kitchen,1,83.13,23.96,New Customer
105496,2025-07-05,West,Electronics,1,171.69,33.57,New Customer
105497,2025-07-05,North,Electronics,2,329.74,61.24,Returning Customer
105498,2025-07-05,East,Apparel,1,40.3,13.76,New Customer
105499,2025-07-05,East,Electronics,1,269.36,59.32,New Customer
105500,2025-07-05,East,Sports & Outdoors,1,51.66,14.76,Returning Customer
105501,2025-07-05,South,Beauty,1,35.25,15.18,New Customer
105502,2025-07-05,South,Home & Kitchen,1,57.07,18.44,VIP
105503,2025-07-05,West,Beauty,1,28.53,10.69,New Customer
105504,2025-07-05,North,Electronics,1,204.74,39.16,VIP
105505,2025-07-05,South,Apparel,2,100.66,36.76,New Customer
105506,2025-07-05,East,Apparel,1,52.74,20.18,New Customer
105507,2025-07-05,West,Electronics,2,453.38,97.64,Returning Customer
105508,2025-07-05,East,Home & Kitchen,2,167.63,49.57,Returning Customer
105509,2025-07-05,North,Electronics,1,230.01,48.41,New Customer
105510,2025-07-05,East,Apparel,2,90.13,40.04,New Customer
105511,2025-07-05,South,Beauty,1,21.23,7.69,New Customer
105512,2025-07-05,East,Sports & Outdoors,2,158.1,45.94,New Customer
105513,2025-07-05,East,Electronics,2,270.78,50.6,New Customer
105514,2025-07-05,East,Beauty,2,65.34,30.07,Returning Customer
105515,2025-07-05,South,Beauty,1,14.32,6.11,Returning Customer
105516,2025-07-05,East,Apparel,1,26.75,10.08,Returning Customer
105517,2025-07-05,South,Apparel,1,45.42,14.71,New Customer
105518,2025-07-05,West,Beauty,2,67.51,28.49,Returning Customer
105519,2025-07-05,East,Beauty,2,75.35,32.63,New Customer
105520,2025-07-05,North,Apparel,2,43.44,17.48,New Customer
105521,2025-07-05,East,Sports & Outdoors,3,153.58,46.58,New Customer
105522,2025-07-06,West,Home & Kitchen,2,138.96,49.79,Returning Customer
105523,2025-07-06,South,Apparel,2,98.09,34.74,New Customer
105524,2025-07-06,East,Apparel,2,86.53,33.8,New Customer
105525,2025-07-06,West,Apparel,2,71.89,21.28,VIP
105526,2025-07-06,South,Apparel,1,42.23,13.91,Returning Customer
105527,2025-07-06,West,Apparel,2,56.59,17.74,New Customer
105528,2025-07-06,East,Apparel,1,45.18,15.53,Returning Customer
105529,2025-07-06,East,Beauty,1,30.69,11.86,VIP
105530,2025-07-06,North,Apparel,2,96.38,32.69,VIP
105531,2025-07-06,West,Beauty,1,22.5,9.44,Returning Customer
105532,2025-07-06,North,Beauty,1,41.92,19.57,Returning Customer
105533,2025-07-06,West,Electronics,1,201.53,28.82,New Customer
105534,2025-07-06,East,Home & Kitchen,1,71.05,14.26,New Customer
105535,2025-07-06,South,Electronics,1,92.37,19.09,Returning Customer
105536,2025-07-06,East,Home & Kitchen,1,67.5,21.01,Returning Customer
105537,2025-07-06,South,Electronics,1,158.17,30.08,New Customer
105538,2025-07-06,East,Apparel,2,75.89,29.76,Returning Customer
105539,2025-07-06,East,Home & Kitchen,1,58.36,17.43,New Customer
105540,2025-07-06,East,Beauty,2,40.73,15.61,New Customer
105541,2025-07-06,East,Home & Kitchen,1,79.87,22.0,New Customer
105542,2025-07-06,North,Home & Kitchen,2,91.83,23.45,New Customer
105543,2025-07-06,South,Electronics,1,149.19,31.49,Returning Customer
105544,2025-07-06,North,Beauty,2,44.9,20.73,New Customer
105545,2025-07-06,North,Beauty,2,69.12,26.77,VIP
105546,2025-07-06,North,Apparel,1,49.91,19.05,VIP
105547,2025-07-06,West,Sports & Outdoors,1,35.48,10.05,VIP
105548,2025-07-06,North,Apparel,1,61.52,21.99,VIP
105549,2025-07-06,East,Apparel,2,94.76,32.92,Returning Customer
105550,2025-07-07,East,Apparel,2,114.19,35.92,Returning Customer
105551,2025-07-07,East,Sports & Outdoors,1,73.22,23.16,New Customer
105552,2025-07-07,North,Electronics,1,220.67,36.28,New Customer
105553,2025-07-07,West,Electronics,2,511.77,100.39,New Customer
105554,2025-07-07,East,Beauty,1,27.58,12.03,Returning Customer
105555,2025-07-07,North,Sports & Outdoors,1,70.99,18.67,New Customer
105556,2025-07-07,West,Electronics,2,346.78,70.73,VIP
105557,2025-07-07,East,Apparel,2,86.22,29.53,VIP
105558,2025-07-07,North,Home & Kitchen,2,84.31,27.51,Returning Customer
105559,2025-07-07,West,Apparel,1,40.5,12.6,Returning Customer
105560,2025-07-07,North,Electronics,1,231.75,38.61,Returning Customer
105561,2025-07-07,West,Sports & Outdoors,1,62.53,17.29,Returning Customer
105562,2025-07-07,South,Home & Kitchen,2,122.06,32.98,New Customer
105563,2025-07-07,West,Sports & Outdoors,1,61.07,18.76,New Customer
105564,2025-07-07,North,Electronics,2,306.1,65.02,New Customer
105565,2025-07-07,East,Sports & Outdoors,1,68.57,18.09,New Customer
105566,2025-07-07,North,Sports & Outdoors,3,257.78,93.14,Returning Customer
105567,2025-07-07,West,Apparel,1,33.9,12.11,New Customer
105568,2025-07-07,East,Home & Kitchen,1,83.55,23.45,VIP
105569,2025-07-07,West,Beauty,2,25.79,11.52,New Customer
105570,2025-07-07,West,Electronics,2,374.42,65.89,Returning Customer
105571,2025-07-07,West,Electronics,2,503.68,81.86,New Customer
105572,2025-07-07,South,Home & Kitchen,2,65.25,20.49,New Customer
105573,2025-07-07,East,Beauty,2,51.99,21.38,VIP
105574,2025-07-07,East,Apparel,2,105.58,37.28,Returning Customer
105575,2025-07-07,West,Beauty,2,75.99,29.93,VIP
105576,2025-07-07,East,Sports & Outdoors,1,61.25,21.07,New Customer
105577,2025-07-07,South,Sports & Outdoors,2,107.57,29.67,Returning Customer
105578,2025-07-07,North,Beauty,1,36.53,13.86,VIP
105579,2025-07-07,North,Apparel,2,131.55,42.25,Returning Customer
105580,2025-07-08,East,Apparel,2,115.71,43.18,New Customer
105581,2025-07-08,North,Apparel,2,60.0,21.51,Returning Customer
105582,2025-07-08,North,Electronics,2,320.66,69.49,Returning Customer
105583,2025-07-08,East,Beauty,2,53.84,22.43,Returning Customer
105584,2025-07-08,East,Apparel,1,47.25,18.4,Returning Customer
105585,2025-07-08,West,Electronics,2,260.92,52.78,New Customer
105586,2025-07-08,East,Beauty,1,32.18,11.82,Returning Customer
105587,2025-07-08,South,Sports & Outdoors,3,154.4,37.69,VIP
105588,2025-07-08,East,Apparel,2,87.46,32.19,New Customer
105589,2025-07-08,South,Electronics,1,215.25,33.76,Returning Customer
105590,2025-07-08,South,Beauty,2,54.57,23.47,Returning Customer
105591,2025-07-08,North,Beauty,1,31.42,12.74,New Customer
105592,2025-07-08,East,Electronics,2,381.98,80.24,Returning Customer
105593,2025-07-08,North,Electronics,1,180.55,23.35,New Customer
105594,2025-07-08,South,Home & Kitchen,1,73.07,19.0,New Customer
105595,2025-07-08,South,Home & Kitchen,1,45.71,14.29,VIP
105596,2025-07-08,South,Beauty,2,54.03,19.34,VIP
105597,2025-07-08,South,Sports & Outdoors,2,114.05,35.37,Returning Customer
105598,2025-07-08,North,Sports & Outdoors,2,133.13,39.34,New Customer
105599,2025-07-08,North,Apparel,1,39.37,14.12,New Customer
105600,2025-07-08,West,Electronics,1,139.35,29.02,New Customer
105601,2025-07-08,South,Electronics,2,309.98,43.66,Returning Customer
105602,2025-07-08,North,Beauty,1,29.87,13.77,Returning Customer
105603,2025-07-08,East,Apparel,1,44.77,14.12,New Customer
105604,2025-07-08,North,Beauty,2,29.79,13.83,Returning Customer
105605,2025-07-08,East,Electronics,1,178.89,36.83,New Customer
105606,2025-07-08,North,Electronics,2,225.07,35.1,VIP
105607,2025-07-08,North,Home & Kitchen,2,66.78,14.9,New Customer
105608,2025-07-08,East,Home & Kitchen,2,116.35,29.71,New Customer
105609,2025-07-08,South,Apparel,1,33.97,11.42,Returning Customer
105610,2025-07-08,North,Electronics,1,108.43,19.71,VIP
105611,2025-07-08,North,Electronics,1,150.54,25.13,New Customer
105612,2025-07-08,West,Electronics,2,412.43,59.92,Returning Customer
105613,2025-07-08,North,Electronics,2,467.09,60.72,VIP
105614,2025-07-08,West,Electronics,1,223.68,31.6,VIP
105615,2025-07-08,South,Beauty,1,37.79,14.36,Returning Customer
105616,2025-07-08,North,Home & Kitchen,1,84.14,23.16,New Customer
105617,2025-07-08,North,Beauty,1,22.54,9.5,Returning Customer
105618,2025-07-08,East,Home & Kitchen,2,136.0,34.89,New Customer
105619,2025-07-08,East,Home & Kitchen,1,49.2,14.12,New Customer
105620,2025-07-08,North,Home & Kitchen,1,57.57,19.15,New Customer
105621,2025-07-08,West,Beauty,2,79.58,35.79,VIP
105622,2025-07-08,East,Home & Kitchen,2,196.61,49.34,New Customer
105623,2025-07-09,West,Electronics,2,314.29,53.86,Returning Customer
105624,2025-07-09,South,Home & Kitchen,2,136.44,45.91,New Customer
105625,2025-07-09,South,Apparel,2,84.61,28.46,Returning Customer
105626,2025-07-09,North,Beauty,2,28.7,11.42,New Customer
105627,2025-07-09,South,Electronics,2,372.14,71.67,New Customer
105628,2025-07-09,South,Apparel,1,40.92,15.04,Returning Customer
105629,2025-07-09,North,Electronics,1,243.52,37.85,New Customer
105630,2025-07-09,North,Electronics,1,131.81,26.13,VIP
105631,2025-07-09,North,Apparel,2,100.39,37.61,Returning Customer
105632,2025-07-09,South,Apparel,2,55.6,19.04,Returning Customer
105633,2025-07-09,West,Beauty,2,75.27,30.31,New Customer
105634,2025-07-09,North,Apparel,2,71.5,21.56,New Customer
105635,2025-07-09,East,Electronics,2,469.5,101.45,New Customer
105636,2025-07-09,West,Beauty,2,64.57,23.46,New Customer
105637,2025-07-09,North,Sports & Outdoors,2,125.32,42.73,New Customer
105638,2025-07-09,West,Home & Kitchen,1,65.26,20.24,Returning Customer
105639,2025-07-09,West,Electronics,2,338.64,64.98,Returning Customer
105640,2025-07-09,North,Apparel,2,66.5,22.75,Returning Customer
105641,2025-07-09,West,Electronics,2,351.62,62.06,Returning Customer
105642,2025-07-09,North,Beauty,1,15.56,6.55,Returning Customer
105643,2025-07-09,West,Home & Kitchen,1,72.07,21.54,Returning Customer
105644,2025-07-09,West,Home & Kitchen,2,193.85,55.76,New Customer
105645,2025-07-09,East,Electronics,2,240.96,50.87,New Customer
105646,2025-07-09,North,Electronics,1,113.39,20.39,New Customer
105647,2025-07-09,East,Electronics,2,373.74,74.83,New Customer
105648,2025-07-09,East,Electronics,1,207.7,44.5,New Customer
105649,2025-07-09,North,Apparel,2,92.95,31.15,Returning Customer
105650,2025-07-09,North,Beauty,1,23.86,10.79,New Customer
105651,2025-07-09,East,Home & Kitchen,2,87.73,24.69,Returning Customer
105652,2025-07-09,East,Electronics,2,402.94,81.12,New Customer
105653,2025-07-09,West,Apparel,1,41.16,15.81,VIP
105654,2025-07-09,West,Sports & Outdoors,3,161.65,42.19,New Customer
105655,2025-07-09,West,Electronics,2,440.16,88.34,New Customer
105656,2025-07-09,North,Electronics,1,185.65,29.52,VIP
105657,2025-07-09,East,Beauty,1,17.57,7.42,New Customer
105658,2025-07-09,West,Beauty,1,22.67,9.22,New Customer
105659,2025-07-09,South,Beauty,1,18.55,7.68,New Customer
105660,2025-07-09,South,Beauty,1,19.29,7.56,Returning Customer
105661,2025-07-09,West,Home & Kitchen,2,115.99,28.75,New Customer
105662,2025-07-10,East,Apparel,2,121.04,44.3,New Customer
105663,2025-07-10,North,Apparel,1,47.19,16.81,Returning Customer
105664,2025-07-10,East,Beauty,1,30.08,14.31,VIP
105665,2025-07-10,West,Sports & Outdoors,3,139.01,48.14,VIP
105666,2025-07-10,East,Sports & Outdoors,3,147.77,41.07,Returning Customer
105667,2025-07-10,East,Sports & Outdoors,1,41.85,15.24,New Customer
105668,2025-07-10,South,Apparel,1,59.78,20.41,VIP
105669,2025-07-10,South,Apparel,1,39.51,14.68,Returning Customer
105670,2025-07-10,West,Sports & Outdoors,1,55.33,16.5,VIP
105671,2025-07-10,West,Home & Kitchen,1,76.6,19.47,Returning Customer
105672,2025-07-10,South,Home & Kitchen,2,103.6,30.72,New Customer
105673,2025-07-10,East,Beauty,1,29.8,12.78,New Customer
105674,2025-07-10,North,Beauty,2,36.91,14.65,New Customer
105675,2025-07-10,South,Apparel,2,73.35,29.76,New Customer
105676,2025-07-10,East,Electronics,1,26.8,6.19,New Customer
105677,2025-07-10,South,Apparel,1,50.39,18.66,Returning Customer
105678,2025-07-10,South,Sports & Outdoors,1,70.17,21.95,Returning Customer
105679,2025-07-10,East,Sports & Outdoors,2,175.13,49.29,Returning Customer
105680,2025-07-10,South,Electronics,2,249.14,44.55,Returning Customer
105681,2025-07-10,East,Beauty,1,29.36,12.04,Returning Customer
105682,2025-07-10,South,Electronics,2,517.09,133.3,New Customer
105683,2025-07-10,East,Apparel,2,49.88,18.01,VIP
105684,2025-07-10,South,Beauty,1,23.53,10.36,Returning Customer
105685,2025-07-10,West,Home & Kitchen,1,66.52,18.24,New Customer
105686,2025-07-10,West,Sports & Outdoors,3,223.16,70.1,New Customer
105687,2025-07-11,North,Home & Kitchen,2,112.3,32.11,Returning Customer
105688,2025-07-11,South,Home & Kitchen,2,78.9,20.58,New Customer
105689,2025-07-11,East,Electronics,2,334.39,53.8,New Customer
105690,2025-07-11,East,Apparel,2,72.19,27.23,VIP
105691,2025-07-11,East,Apparel,1,34.74,12.91,VIP
105692,2025-07-11,South,Sports & Outdoors,3,150.25,44.17,Returning Customer
105693,2025-07-11,South,Beauty,2,99.85,38.71,Returning Customer
105694,2025-07-11,North,Home & Kitchen,2,143.85,40.01,Returning Customer
105695,2025-07-11,East,Apparel,2,65.12,25.71,Returning Customer
105696,2025-07-11,West,Sports & Outdoors,3,111.12,35.63,New Customer
105697,2025-07-11,West,Beauty,1,23.11,10.72,VIP
105698,2025-07-11,South,Beauty,1,28.02,13.54,Returning Customer
105699,2025-07-11,South,Apparel,1,54.23,19.44,VIP
105700,2025-07-11,East,Apparel,1,54.05,19.39,Returning Customer
105701,2025-07-11,West,Electronics,1,217.44,41.44,Returning Customer
105702,2025-07-11,South,Home & Kitchen,2,135.01,42.85,Returning Customer
105703,2025-07-11,West,Electronics,2,290.76,57.97,Returning Customer
105704,2025-07-11,South,Home & Kitchen,2,156.05,39.67,VIP
105705,2025-07-11,North,Beauty,1,18.35,6.99,Returning Customer
105706,2025-07-11,North,Apparel,2,100.33,33.13,New Customer
105707,2025-07-11,East,Apparel,2,76.79,26.54,New Customer
105708,2025-07-11,North,Electronics,2,479.95,40.91,Returning Customer
105709,2025-07-11,East,Apparel,1,41.99,14.35,Returning Customer
105710,2025-07-11,South,Sports & Outdoors,1,16.28,4.86,Returning Customer
105711,2025-07-11,South,Sports & Outdoors,1,38.81,10.16,Returning Customer
105712,2025-07-11,East,Apparel,2,86.48,27.08,New Customer
105713,2025-07-12,East,Home & Kitchen,2,154.57,40.37,Returning Customer
105714,2025-07-12,North,Home & Kitchen,2,137.6,31.07,Returning Customer
105715,2025-07-12,North,Apparel,1,50.31,16.87,VIP
105716,2025-07-12,West,Home & Kitchen,2,116.59,35.15,Returning Customer
105717,2025-07-12,East,Apparel,2,130.56,40.93,Returning Customer
105718,2025-07-12,North,Apparel,2,106.35,41.8,New Customer
105719,2025-07-12,South,Apparel,2,81.04,26.95,New Customer
105720,2025-07-12,East,Apparel,1,38.23,13.99,Returning Customer
105721,2025-07-12,East,Sports & Outdoors,2,91.13,26.92,Returning Customer
105722,2025-07-12,East,Apparel,1,44.18,16.27,New Customer
105723,2025-07-12,South,Home & Kitchen,1,49.47,12.47,VIP
105724,2025-07-12,South,Beauty,2,66.17,25.93,New Customer
105725,2025-07-12,South,Apparel,1,46.89,14.46,Returning Customer
105726,2025-07-12,South,Apparel,2,65.27,20.31,New Customer
105727,2025-07-12,South,Apparel,2,89.58,28.72,New Customer
105728,2025-07-12,South,Electronics,1,191.68,31.59,New Customer
105729,2025-07-12,West,Sports & Outdoors,1,37.31,9.52,Returning Customer
105730,2025-07-12,North,Sports & Outdoors,2,123.8,34.78,New Customer
105731,2025-07-12,North,Home & Kitchen,2,123.69,34.67,Returning Customer
105732,2025-07-12,South,Home & Kitchen,2,140.06,38.62,VIP
105733,2025-07-12,West,Electronics,2,374.37,67.41,New Customer
105734,2025-07-12,West,Electronics,2,403.36,62.25,VIP
105735,2025-07-12,East,Apparel,2,97.81,35.59,New Customer
105736,2025-07-12,South,Apparel,2,103.37,35.75,VIP
105737,2025-07-12,South,Electronics,1,190.27,37.58,New Customer
105738,2025-07-12,East,Electronics,1,223.32,35.37,Returning Customer
105739,2025-07-12,South,Electronics,1,164.03,26.6,Returning Customer
105740,2025-07-12,South,Sports & Outdoors,3,236.28,70.13,Returning Customer
105741,2025-07-12,North,Electronics,1,159.87,29.18,New Customer
105742,2025-07-12,North,Sports & Outdoors,3,178.47,54.11,New Customer
105743,2025-07-12,West,Home & Kitchen,2,52.13,11.94,New Customer
105744,2025-07-12,South,Apparel,1,25.69,9.12,New Customer
105745,2025-07-12,North,Beauty,2,52.84,19.78,Returning Customer
105746,2025-07-12,North,Apparel,2,105.2,38.26,New Customer
105747,2025-07-12,North,Electronics,1,211.15,43.93,New Customer
105748,2025-07-12,South,Beauty,2,46.86,19.64,Returning Customer
105749,2025-07-12,East,Home & Kitchen,2,77.87,24.86,New Customer
105750,2025-07-12,North,Apparel,1,50.37,19.78,VIP
105751,2025-07-12,North,Home & Kitchen,2,152.04,40.98,Returning Customer
105752,2025-07-12,West,Apparel,2,93.69,31.45,New Customer
105753,2025-07-12,North,Sports & Outdoors,2,90.08,29.81,Returning Customer
105754,2025-07-13,West,Beauty,2,62.17,27.27,Returning Customer
105755,2025-07-13,South,Home & Kitchen,1,53.84,16.24,Returning Customer
105756,2025-07-13,North,Apparel,1,41.42,12.61,Returning Customer
105757,2025-07-13,West,Electronics,1,169.75,20.25,VIP
105758,2025-07-13,West,Electronics,1,121.78,24.43,VIP
105759,2025-07-13,East,Electronics,1,185.59,38.11,New Customer
105760,2025-07-13,East,Apparel,2,113.42,37.19,Returning Customer
105761,2025-07-13,North,Electronics,1,121.81,21.53,Returning Customer
105762,2025-07-13,East,Beauty,2,71.53,31.12,VIP
105763,2025-07-13,North,Home & Kitchen,1,51.39,14.84,VIP
105764,2025-07-13,South,Beauty,1,28.39,9.64,Returning Customer
105765,2025-07-13,East,Beauty,1,20.8,9.93,Returning Customer
105766,2025-07-13,South,Beauty,2,69.92,32.53,Returning Customer
105767,2025-07-13,East,Electronics,1,196.18,35.99,New Customer
105768,2025-07-13,West,Home & Kitchen,1,46.32,13.55,Returning Customer
105769,2025-07-13,East,Apparel,2,79.66,25.76,VIP
105770,2025-07-13,East,Apparel,1,58.64,23.04,New Customer
105771,2025-07-13,North,Electronics,1,143.45,28.42,New Customer
105772,2025-07-13,North,Electronics,2,475.73,111.03,Returning Customer
105773,2025-07-13,North,Electronics,2,371.6,68.46,Returning Customer
105774,2025-07-13,East,Apparel,2,115.28,41.27,VIP
105775,2025-07-13,West,Home & Kitchen,1,46.8,12.02,New Customer
105776,2025-07-13,South,Electronics,1,160.38,29.93,VIP
105777,2025-07-13,East,Sports & Outdoors,1,44.64,11.34,Returning Customer
105778,2025-07-13,East,Beauty,2,48.63,20.72,Returning Customer
105779,2025-07-13,North,Electronics,1,163.9,37.05,VIP
105780,2025-07-13,North,Electronics,1,154.31,21.89,Returning Customer
105781,2025-07-13,West,Apparel,2,82.71,24.75,VIP
105782,2025-07-13,North,Beauty,1,29.75,14.47,Returning Customer
105783,2025-07-13,North,Home & Kitchen,2,149.39,45.15,Returning Customer
105784,2025-07-13,West,Electronics,1,171.26,22.19,New Customer
105785,2025-07-13,North,Home & Kitchen,1,60.05,15.76,New Customer
105786,2025-07-13,East,Apparel,2,90.15,28.76,VIP
105787,2025-07-13,South,Beauty,1,34.84,16.06,New Customer
105788,2025-07-13,South,Beauty,2,73.93,32.84,Returning Customer
105789,2025-07-13,South,Electronics,2,580.66,89.61,VIP
105790,2025-07-13,East,Beauty,1,25.31,11.03,New Customer
105791,2025-07-13,West,Apparel,1,55.7,19.8,Returning Customer
105792,2025-07-13,North,Beauty,2,42.58,18.83,New Customer
105793,2025-07-13,West,Apparel,1,41.05,16.97,New Customer
105794,2025-07-13,West,Beauty,1,25.71,8.89,VIP
105795,2025-07-13,East,Apparel,2,132.45,47.05,Returning Customer
105796,2025-07-13,East,Apparel,2,93.06,30.05,Returning Customer
105797,2025-07-13,North,Beauty,2,78.07,37.25,Returning Customer
105798,2025-07-13,North,Apparel,2,109.59,37.69,New Customer
105799,2025-07-13,South,Sports & Outdoors,2,120.94,32.63,Returning Customer
105800,2025-07-13,West,Apparel,2,51.75,18.4,Returning Customer
105801,2025-07-13,East,Electronics,1,213.75,31.15,Returning Customer
105802,2025-07-14,South,Sports & Outdoors,3,124.43,32.42,Returning Customer
105803,2025-07-14,West,Beauty,2,36.4,16.36,VIP
105804,2025-07-14,West,Sports & Outdoors,2,94.33,32.6,New Customer
105805,2025-07-14,North,Beauty,2,39.12,16.49,New Customer
105806,2025-07-14,East,Electronics,2,285.25,59.31,VIP
105807,2025-07-14,North,Electronics,2,344.9,75.7,VIP
105808,2025-07-14,South,Electronics,2,428.45,77.55,Returning Customer
105809,2025-07-14,South,Electronics,2,297.73,58.83,New Customer
105810,2025-07-14,South,Beauty,2,69.63,32.92,Returning Customer
105811,2025-07-14,South,Beauty,2,36.47,15.47,Returning Customer
105812,2025-07-14,North,Electronics,1,255.07,49.57,Returning Customer
105813,2025-07-14,East,Apparel,2,98.37,33.23,Returning Customer
105814,2025-07-14,South,Beauty,1,26.45,11.04,New Customer
105815,2025-07-14,North,Electronics,2,375.96,96.2,Returning Customer
105816,2025-07-14,East,Apparel,2,85.45,31.01,New Customer
105817,2025-07-14,South,Home & Kitchen,2,132.19,37.8,New Customer
105818,2025-07-14,East,Beauty,1,23.49,10.41,New Customer
105819,2025-07-14,West,Sports & Outdoors,3,138.77,41.08,New Customer
105820,2025-07-14,South,Sports & Outdoors,1,55.61,15.44,New Customer
105821,2025-07-14,South,Sports & Outdoors,1,83.31,23.03,Returning Customer
105822,2025-07-14,North,Electronics,1,193.35,36.79,Returning Customer
105823,2025-07-14,East,Apparel,2,107.56,37.35,New Customer
105824,2025-07-14,East,Apparel,1,53.83,16.25,New Customer
105825,2025-07-14,East,Apparel,2,66.39,23.44,VIP
105826,2025-07-14,North,Apparel,1,34.92,11.66,New Customer
105827,2025-07-14,South,Beauty,2,56.09,22.88,New Customer
105828,2025-07-14,North,Apparel,1,32.9,10.71,VIP
105829,2025-07-14,North,Home & Kitchen,1,87.68,26.8,Returning Customer
105830,2025-07-14,West,Sports & Outdoors,3,189.99,54.76,New Customer
105831,2025-07-14,East,Sports & Outdoors,1,42.72,11.71,Returning Customer
105832,2025-07-14,North,Electronics,2,509.82,89.0,New Customer
105833,2025-07-14,North,Electronics,2,249.83,51.63,New Customer
105834,2025-07-14,East,Electronics,2,144.5,26.62,Returning Customer
105835,2025-07-14,North,Electronics,2,338.87,69.05,Returning Customer
105836,2025-07-14,North,Apparel,1,49.79,16.7,Returning Customer
105837,2025-07-14,North,Sports & Outdoors,1,42.55,10.82,Returning Customer
105838,2025-07-15,East,Beauty,1,34.95,13.45,New Customer
105839,2025-07-15,East,Home & Kitchen,2,64.24,19.12,Returning Customer
105840,2025-07-15,East,Apparel,2,84.06,29.14,New Customer
105841,2025-07-15,East,Electronics,2,454.57,108.01,Returning Customer
105842,2025-07-15,North,Home & Kitchen,1,66.11,16.01,VIP
105843,2025-07-15,West,Sports & Outdoors,3,155.18,45.51,Returning Customer
105844,2025-07-15,East,Apparel,1,39.26,13.32,New Customer
105845,2025-07-15,West,Home & Kitchen,2,106.14,28.06,Returning Customer
105846,2025-07-15,East,Sports & Outdoors,1,70.51,19.62,New Customer
105847,2025-07-15,South,Electronics,1,265.62,46.68,Returning Customer
105848,2025-07-15,South,Sports & Outdoors,3,209.75,59.6,Returning Customer
105849,2025-07-15,North,Beauty,2,49.08,20.07,New Customer
105850,2025-07-15,West,Beauty,2,56.21,20.51,New Customer
105851,2025-07-15,North,Home & Kitchen,2,116.88,28.45,New Customer
105852,2025-07-15,South,Home & Kitchen,2,140.76,46.96,New Customer
105853,2025-07-15,South,Apparel,2,71.81,21.4,New Customer
105854,2025-07-15,North,Electronics,1,166.26,29.03,VIP
105855,2025-07-15,North,Beauty,2,54.01,25.2,New Customer
105856,2025-07-15,North,Apparel,2,109.91,46.3,New Customer
105857,2025-07-15,South,Apparel,2,64.75,21.62,VIP
105858,2025-07-15,North,Beauty,1,21.98,9.87,Returning Customer
105859,2025-07-15,North,Electronics,2,509.96,78.29,Returning Customer
105860,2025-07-15,North,Beauty,1,18.88,8.22,New Customer
105861,2025-07-15,East,Beauty,2,74.93,31.52,VIP
105862,2025-07-15,East,Apparel,1,25.54,8.77,New Customer
105863,2025-07-15,East,Electronics,2,472.58,64.22,Returning Customer
105864,2025-07-15,South,Home & Kitchen,1,85.65,24.94,New Customer
105865,2025-07-15,West,Apparel,1,33.47,11.58,New Customer
105866,2025-07-15,East,Electronics,2,329.33,60.02,Returning Customer
105867,2025-07-15,East,Beauty,1,20.75,8.07,New Customer
105868,2025-07-15,South,Apparel,1,50.83,17.57,Returning Customer
105869,2025-07-15,North,Electronics,1,298.35,58.99,New Customer
105870,2025-07-15,North,Sports & Outdoors,2,123.73,39.15,VIP
105871,2025-07-15,North,Sports & Outdoors,2,152.99,46.97,New Customer
105872,2025-07-15,East,Apparel,2,87.16,31.08,New Customer
105873,2025-07-16,West,Beauty,2,47.28,18.5,New Customer
105874,2025-07-16,East,Apparel,2,68.99,24.2,New Customer
105875,2025-07-16,East,Electronics,2,337.6,56.5,Returning Customer
105876,2025-07-16,North,Apparel,1,48.63,17.13,VIP
105877,2025-07-16,North,Electronics,2,242.11,32.98,Returning Customer
105878,2025-07-16,West,Electronics,2,277.7,51.3,New Customer
105879,2025-07-16,North,Apparel,1,38.67,12.28,VIP
105880,2025-07-16,North,Electronics,1,145.03,24.38,New Customer
105881,2025-07-16,East,Home & Kitchen,1,87.64,20.09,Returning Customer
105882,2025-07-16,South,Apparel,1,36.45,13.14,Returning Customer
105883,2025-07-16,North,Home & Kitchen,2,82.72,20.76,New Customer
105884,2025-07-16,South,Sports & Outdoors,3,154.75,38.83,Returning Customer
105885,2025-07-16,East,Home & Kitchen,2,142.53,40.11,Returning Customer
105886,2025-07-16,South,Electronics,1,235.59,52.24,VIP
105887,2025-07-16,West,Electronics,1,221.59,37.66,New Customer
105888,2025-07-16,South,Electronics,2,315.2,53.54,VIP
105889,2025-07-16,West,Electronics,1,233.97,37.03,Returning Customer
105890,2025-07-16,East,Sports & Outdoors,1,67.6,19.11,New Customer
105891,2025-07-16,South,Apparel,1,31.33,10.28,New Customer
105892,2025-07-16,East,Electronics,1,229.35,36.64,Returning Customer
105893,2025-07-16,North,Apparel,2,120.93,42.92,VIP
105894,2025-07-16,South,Apparel,2,64.95,20.29,VIP
105895,2025-07-16,North,Home & Kitchen,2,103.4,25.43,New Customer
105896,2025-07-16,North,Beauty,2,70.24,29.6,Returning Customer
105897,2025-07-16,East,Beauty,1,29.1,13.94,New Customer
105898,2025-07-16,North,Sports & Outdoors,2,101.1,33.49,VIP
105899,2025-07-16,North,Apparel,1,43.29,15.07,Returning Customer
105900,2025-07-16,East,Sports & Outdoors,1,43.48,14.84,Returning Customer
105901,2025-07-16,East,Beauty,2,43.48,20.14,Returning Customer
105902,2025-07-16,East,Apparel,2,91.36,29.18,VIP
105903,2025-07-16,South,Apparel,2,103.5,34.23,Returning Customer
105904,2025-07-16,North,Electronics,1,97.32,13.78,New Customer
105905,2025-07-17,North,Beauty,2,61.6,23.89,New Customer
105906,2025-07-17,South,Home & Kitchen,2,130.77,36.84,VIP
105907,2025-07-17,North,Electronics,2,246.29,51.99,New Customer
105908,2025-07-17,South,Apparel,2,98.05,28.68,VIP
105909,2025-07-17,South,Home & Kitchen,1,53.51,16.62,New Customer
105910,2025-07-17,North,Apparel,2,95.38,35.35,Returning Customer
105911,2025-07-17,North,Beauty,1,26.92,10.26,Returning Customer
105912,2025-07-17,East,Apparel,2,105.2,36.4,New Customer
105913,2025-07-17,North,Home & Kitchen,2,134.38,36.72,New Customer
105914,2025-07-17,West,Electronics,2,325.19,67.85,New Customer
105915,2025-07-17,North,Apparel,2,99.24,31.13,New Customer
105916,2025-07-17,West,Beauty,2,51.27,17.36,Returning Customer
105917,2025-07-17,South,Electronics,2,315.03,45.36,Returning Customer
105918,2025-07-17,West,Electronics,2,280.2,54.5,Returning Customer
105919,2025-07-17,West,Electronics,1,153.65,26.0,New Customer
105920,2025-07-17,North,Apparel,1,51.94,15.98,VIP
105921,2025-07-17,East,Beauty,1,15.75,5.81,VIP
105922,2025-07-17,West,Beauty,1,31.74,13.92,VIP
105923,2025-07-17,North,Apparel,2,67.1,23.2,VIP
105924,2025-07-17,West,Electronics,1,236.85,37.31,Returning Customer
105925,2025-07-17,West,Electronics,2,442.29,71.9,Returning Customer
105926,2025-07-17,West,Sports & Outdoors,1,41.06,11.79,VIP
105927,2025-07-17,South,Sports & Outdoors,2,52.59,15.51,New Customer
105928,2025-07-17,North,Home & Kitchen,1,64.65,17.06,VIP
105929,2025-07-17,East,Beauty,2,56.66,23.68,New Customer
105930,2025-07-17,South,Home & Kitchen,1,48.98,13.24,Returning Customer
105931,2025-07-17,South,Apparel,1,51.97,19.31,New Customer
105932,2025-07-17,North,Home & Kitchen,2,139.67,44.24,VIP
105933,2025-07-17,West,Sports & Outdoors,1,62.81,15.45,New Customer
105934,2025-07-18,West,Electronics,1,152.49,30.31,New Customer
105935,2025-07-18,East,Home & Kitchen,2,164.89,43.56,Returning Customer
105936,2025-07-18,East,Home & Kitchen,2,122.21,32.92,VIP
105937,2025-07-18,South,Apparel,1,58.68,20.92,New Customer
105938,2025-07-18,North,Home & Kitchen,2,165.7,43.81,New Customer
105939,2025-07-18,West,Electronics,2,301.21,64.5,Returning Customer
105940,2025-07-18,East,Home & Kitchen,1,57.72,15.08,VIP
105941,2025-07-18,North,Home & Kitchen,2,167.96,50.91,Returning Customer
105942,2025-07-18,East,Apparel,2,118.55,44.23,Returning Customer
105943,2025-07-18,West,Electronics,1,232.0,32.42,Returning Customer
105944,2025-07-18,South,Beauty,1,30.94,13.38,New Customer
105945,2025-07-18,North,Sports & Outdoors,1,56.99,16.3,Returning Customer
105946,2025-07-18,East,Sports & Outdoors,2,45.31,13.92,New Customer
105947,2025-07-18,East,Apparel,2,109.37,32.81,Returning Customer
105948,2025-07-18,North,Apparel,1,34.95,11.71,Returning Customer
105949,2025-07-18,North,Electronics,1,86.86,15.71,Returning Customer
105950,2025-07-18,North,Electronics,2,323.05,54.64,Returning Customer
105951,2025-07-18,South,Home & Kitchen,1,67.1,18.25,New Customer
105952,2025-07-18,South,Electronics,2,388.99,80.59,VIP
105953,2025-07-18,East,Apparel,1,32.61,13.0,Returning Customer
105954,2025-07-18,East,Electronics,2,329.88,54.92,Returning Customer
105955,2025-07-18,North,Apparel,1,45.91,16.9,New Customer
105956,2025-07-18,South,Electronics,2,351.91,83.49,New Customer
105957,2025-07-18,South,Home & Kitchen,2,178.05,51.52,New Customer
105958,2025-07-18,North,Electronics,1,162.74,23.55,Returning Customer
105959,2025-07-18,West,Apparel,1,20.78,6.27,New Customer
105960,2025-07-18,South,Apparel,2,98.04,34.18,Returning Customer
105961,2025-07-18,South,Electronics,2,421.56,64.19,Returning Customer
105962,2025-07-18,East,Beauty,2,70.03,28.93,Returning Customer
105963,2025-07-18,East,Home & Kitchen,2,109.78,30.45,VIP
105964,2025-07-18,North,Apparel,2,96.86,33.1,Returning Customer
105965,2025-07-18,East,Apparel,2,126.94,48.51,Returning Customer
105966,2025-07-18,South,Apparel,2,98.85,39.4,New Customer
105967,2025-07-18,East,Apparel,2,107.16,36.37,Returning Customer
105968,2025-07-18,West,Beauty,1,21.82,8.63,New Customer
105969,2025-07-18,East,Beauty,2,59.77,27.04,New Customer
105970,2025-07-18,East,Electronics,1,224.52,28.45,VIP
105971,2025-07-18,South,Sports & Outdoors,1,50.14,13.91,VIP
105972,2025-07-18,North,Electronics,2,431.14,63.08,VIP
105973,2025-07-18,South,Home & Kitchen,1,60.57,20.02,Returning Customer
105974,2025-07-18,East,Electronics,1,194.84,27.43,New Customer
105975,2025-07-18,North,Electronics,1,225.35,49.2,New Customer
105976,2025-07-18,North,Sports & Outdoors,1,63.21,18.67,New Customer
105977,2025-07-18,North,Electronics,2,347.32,68.0,Returning Customer
105978,2025-07-19,North,Beauty,1,26.03,11.89,Returning Customer
105979,2025-07-19,North,Electronics,2,350.03,56.18,VIP
105980,2025-07-19,East,Home & Kitchen,2,157.12,46.04,Returning Customer
105981,2025-07-19,North,Home & Kitchen,1,62.4,14.03,VIP
105982,2025-07-19,West,Electronics,1,174.97,35.95,New Customer
105983,2025-07-19,East,Electronics,2,523.48,104.7,Returning Customer
105984,2025-07-19,West,Sports & Outdoors,2,103.22,36.29,New Customer
105985,2025-07-19,East,Sports & Outdoors,2,99.77,30.39,Returning Customer
105986,2025-07-19,South,Home & Kitchen,2,128.32,29.36,VIP
105987,2025-07-19,South,Beauty,1,5.0,2.0,Returning Customer
105988,2025-07-19,West,Sports & Outdoors,1,46.39,11.42,New Customer
105989,2025-07-19,West,Apparel,1,62.1,21.29,New Customer
105990,2025-07-19,East,Home & Kitchen,2,111.87,27.62,Returning Customer
105991,2025-07-19,East,Beauty,1,23.51,11.12,VIP
105992,2025-07-19,South,Electronics,2,459.42,64.95,Returning Customer
105993,2025-07-19,West,Sports & Outdoors,2,85.57,23.39,VIP
105994,2025-07-19,East,Beauty,1,21.06,9.61,Returning Customer
105995,2025-07-19,East,Apparel,2,94.98,31.11,VIP
105996,2025-07-19,East,Apparel,1,27.13,9.76,Returning Customer
105997,2025-07-19,West,Apparel,1,45.03,14.78,New Customer
105998,2025-07-19,South,Sports & Outdoors,1,39.25,13.8,New Customer
105999,2025-07-19,East,Apparel,2,78.39,27.59,New Customer
106000,2025-07-19,East,Beauty,1,33.22,14.56,Returning Customer
106001,2025-07-19,East,Home & Kitchen,1,41.29,12.11,VIP
106002,2025-07-19,East,Electronics,2,376.16,102.25,New Customer
106003,2025-07-19,North,Electronics,2,310.7,73.95,New Customer
106004,2025-07-19,North,Home & Kitchen,1,52.97,14.9,VIP
106005,2025-07-19,South,Electronics,1,123.77,25.52,New Customer
106006,2025-07-19,North,Beauty,1,23.9,11.09,Returning Customer
106007,2025-07-19,North,Apparel,1,35.15,12.4,Returning Customer
106008,2025-07-19,North,Electronics,2,318.68,55.08,Returning Customer
106009,2025-07-19,South,Electronics,2,367.9,69.52,New Customer
106010,2025-07-19,East,Apparel,2,83.6,32.14,VIP
106011,2025-07-19,East,Sports & Outdoors,2,126.36,40.01,VIP
106012,2025-07-19,North,Apparel,2,92.65,34.08,Returning Customer
106013,2025-07-20,East,Electronics,2,461.73,70.29,New Customer
106014,2025-07-20,North,Beauty,2,47.75,19.25,VIP
106015,2025-07-20,East,Home & Kitchen,2,104.98,25.35,New Customer
106016,2025-07-20,East,Electronics,2,386.1,90.33,New Customer
106017,2025-07-20,West,Sports & Outdoors,2,102.74,33.43,New Customer
106018,2025-07-20,East,Home & Kitchen,2,94.4,30.09,New Customer
106019,2025-07-20,South,Beauty,2,40.56,17.48,New Customer
106020,2025-07-20,North,Apparel,1,46.7,17.86,New Customer
106021,2025-07-20,West,Sports & Outdoors,1,60.36,19.57,New Customer
106022,2025-07-20,West,Electronics,2,348.06,82.62,New Customer
106023,2025-07-20,East,Home & Kitchen,2,63.75,18.73,New Customer
106024,2025-07-20,East,Electronics,2,386.43,71.68,Returning Customer
106025,2025-07-20,North,Apparel,2,76.79,25.54,Returning Customer
106026,2025-07-20,North,Electronics,2,310.13,57.83,Returning Customer
106027,2025-07-20,West,Electronics,1,61.73,8.27,New Customer
106028,2025-07-20,South,Apparel,1,46.13,16.76,VIP
106029,2025-07-20,East,Sports & Outdoors,2,97.2,26.87,New Customer
106030,2025-07-20,East,Sports & Outdoors,3,193.46,59.7,VIP
106031,2025-07-20,South,Electronics,1,140.97,24.46,VIP
106032,2025-07-20,North,Home & Kitchen,2,102.9,28.45,VIP
106033,2025-07-20,North,Apparel,1,51.47,17.48,Returning Customer
106034,2025-07-20,South,Home & Kitchen,2,123.01,35.74,Returning Customer
106035,2025-07-20,North,Electronics,1,199.27,37.41,New Customer
106036,2025-07-20,East,Sports & Outdoors,1,81.22,19.91,VIP
106037,2025-07-20,West,Home & Kitchen,2,82.41,22.63,New Customer
106038,2025-07-20,South,Electronics,1,171.87,26.79,Returning Customer
106039,2025-07-20,East,Beauty,2,46.35,17.9,VIP
106040,2025-07-20,North,Apparel,1,45.79,16.36,New Customer
106041,2025-07-20,East,Apparel,1,62.2,22.18,New Customer
106042,2025-07-20,West,Apparel,2,65.98,21.24,New Customer
106043,2025-07-20,North,Sports & Outdoors,1,53.9,15.08,New Customer
106044,2025-07-20,North,Apparel,2,138.32,48.06,New Customer
106045,2025-07-21,East,Home & Kitchen,2,150.38,49.23,New Customer
106046,2025-07-21,West,Sports & Outdoors,3,181.11,53.81,New Customer
106047,2025-07-21,North,Electronics,1,144.02,23.98,New Customer
106048,2025-07-21,East,Sports & Outdoors,1,52.43,13.42,Returning Customer
106049,2025-07-21,West,Apparel,2,78.81,25.97,Returning Customer
106050,2025-07-21,East,Home & Kitchen,1,58.59,16.77,New Customer
106051,2025-07-21,South,Apparel,1,43.02,17.7,New Customer
106052,2025-07-21,West,Home & Kitchen,1,81.52,22.37,New Customer
106053,2025-07-21,South,Home & Kitchen,2,125.2,36.2,VIP
106054,2025-07-21,North,Home & Kitchen,1,67.55,16.8,New Customer
106055,2025-07-21,South,Sports & Outdoors,3,137.5,39.43,New Customer
106056,2025-07-21,South,Sports & Outdoors,1,32.49,9.95,Returning Customer
106057,2025-07-21,East,Sports & Outdoors,2,115.64,38.21,VIP
106058,2025-07-21,North,Home & Kitchen,1,45.67,11.85,New Customer
106059,2025-07-21,South,Electronics,2,281.04,43.92,VIP
106060,2025-07-21,South,Apparel,2,118.91,35.77,Returning Customer
106061,2025-07-21,North,Apparel,1,47.53,15.38,Returning Customer
106062,2025-07-21,East,Apparel,1,42.28,15.19,New Customer
106063,2025-07-21,South,Electronics,2,431.34,62.85,Returning Customer
106064,2025-07-21,South,Apparel,1,50.81,19.51,Returning Customer
106065,2025-07-21,East,Beauty,1,27.61,11.78,VIP
106066,2025-07-21,North,Electronics,1,171.17,40.0,Returning Customer
106067,2025-07-21,South,Home & Kitchen,1,68.81,20.81,Returning Customer
106068,2025-07-21,North,Electronics,2,412.77,83.52,Returning Customer
106069,2025-07-21,North,Electronics,1,179.26,33.24,Returning Customer
106070,2025-07-21,North,Apparel,2,137.93,43.12,Returning Customer
106071,2025-07-21,East,Electronics,1,195.73,33.47,New Customer
106072,2025-07-21,South,Electronics,1,154.17,31.98,VIP
106073,2025-07-21,North,Beauty,1,27.72,12.32,New Customer
106074,2025-07-22,North,Home & Kitchen,1,82.79,19.63,Returning Customer
106075,2025-07-22,West,Home & Kitchen,2,76.98,21.46,New Customer
106076,2025-07-22,South,Electronics,2,385.15,47.57,Returning Customer
106077,2025-07-22,North,Electronics,2,541.12,101.22,Returning Customer
106078,2025-07-22,South,Home & Kitchen,1,65.77,20.3,VIP
106079,2025-07-22,South,Sports & Outdoors,3,90.51,29.98,New Customer
106080,2025-07-22,East,Home & Kitchen,2,162.36,42.5,Returning Customer
106081,2025-07-22,East,Sports & Outdoors,3,148.38,37.93,Returning Customer
106082,2025-07-22,South,Electronics,1,226.49,46.82,New Customer
106083,2025-07-22,East,Electronics,2,360.87,84.35,Returning Customer
106084,2025-07-22,West,Electronics,2,362.96,77.35,New Customer
106085,2025-07-22,South,Apparel,2,72.52,23.0,Returning Customer
106086,2025-07-22,South,Electronics,1,171.23,24.17,VIP
106087,2025-07-22,North,Electronics,1,167.02,26.0,Returning Customer
106088,2025-07-22,South,Home & Kitchen,2,162.93,48.19,Returning Customer
106089,2025-07-22,West,Apparel,1,56.27,21.07,Returning Customer
106090,2025-07-22,North,Sports & Outdoors,2,117.67,37.01,Returning Customer
106091,2025-07-22,West,Sports & Outdoors,3,134.78,45.19,Returning Customer
106092,2025-07-22,West,Home & Kitchen,1,61.06,18.68,VIP
106093,2025-07-22,South,Beauty,2,78.56,29.06,New Customer
106094,2025-07-22,South,Sports & Outdoors,1,61.6,17.42,VIP
106095,2025-07-22,North,Sports & Outdoors,1,36.91,9.93,Returning Customer
106096,2025-07-22,East,Sports & Outdoors,2,96.7,37.02,VIP
106097,2025-07-22,East,Electronics,2,276.72,70.18,Returning Customer
106098,2025-07-22,South,Beauty,1,31.48,13.51,New Customer
106099,2025-07-22,South,Sports & Outdoors,2,74.31,19.4,VIP
106100,2025-07-22,North,Home & Kitchen,1,61.47,16.97,VIP
106101,2025-07-22,North,Electronics,1,219.8,42.3,New Customer
106102,2025-07-22,South,Electronics,2,237.92,56.54,New Customer
106103,2025-07-22,East,Beauty,1,24.13,11.58,Returning Customer
106104,2025-07-22,South,Home & Kitchen,2,60.2,17.81,VIP
106105,2025-07-22,East,Electronics,2,407.59,76.63,Returning Customer
106106,2025-07-22,South,Beauty,1,20.97,8.87,New Customer
106107,2025-07-22,West,Apparel,2,105.84,39.12,New Customer
106108,2025-07-22,West,Beauty,1,31.21,13.88,New Customer
106109,2025-07-23,East,Home & Kitchen,2,101.87,27.61,New Customer
106110,2025-07-23,East,Electronics,1,145.99,29.22,Returning Customer
106111,2025-07-23,East,Beauty,2,58.49,26.51,New Customer
106112,2025-07-23,South,Beauty,2,84.5,33.36,Returning Customer
106113,2025-07-23,South,Electronics,1,221.55,36.84,New Customer
106114,2025-07-23,West,Electronics,1,171.95,38.22,Returning Customer
106115,2025-07-23,North,Electronics,2,421.48,68.88,New Customer
106116,2025-07-23,South,Apparel,1,20.18,7.44,Returning Customer
106117,2025-07-23,East,Electronics,2,210.19,42.08,VIP
106118,2025-07-23,South,Electronics,2,361.08,74.71,New Customer
106119,2025-07-23,West,Electronics,2,422.67,74.21,New Customer
106120,2025-07-23,East,Apparel,2,54.13,20.49,New Customer
106121,2025-07-23,West,Apparel,2,76.7,29.44,New Customer
106122,2025-07-23,South,Apparel,2,82.03,27.07,Returning Customer
106123,2025-07-23,North,Beauty,2,24.08,10.25,Returning Customer
106124,2025-07-23,West,Electronics,1,162.91,23.07,New Customer
106125,2025-07-23,North,Electronics,2,219.22,41.86,Returning Customer
106126,2025-07-23,North,Electronics,2,352.61,70.52,Returning Customer
106127,2025-07-23,North,Beauty,1,31.02,12.29,Returning Customer
106128,2025-07-23,South,Beauty,1,28.49,11.62,New Customer
106129,2025-07-23,West,Apparel,2,96.95,35.27,VIP
106130,2025-07-23,South,Apparel,1,25.69,9.85,VIP
106131,2025-07-23,South,Beauty,2,61.65,24.04,New Customer
106132,2025-07-23,South,Beauty,2,58.23,23.64,New Customer
106133,2025-07-23,South,Apparel,2,117.04,41.83,Returning Customer
106134,2025-07-23,South,Home & Kitchen,1,49.53,13.23,Returning Customer
106135,2025-07-23,North,Apparel,1,48.82,16.45,New Customer
106136,2025-07-23,West,Beauty,1,38.4,16.09,Returning Customer
106137,2025-07-23,North,Apparel,1,37.42,10.65,Returning Customer
106138,2025-07-23,South,Apparel,1,54.31,17.4,New Customer
106139,2025-07-23,West,Apparel,1,43.33,14.61,Returning Customer
106140,2025-07-23,West,Sports & Outdoors,3,244.85,78.41,New Customer
106141,2025-07-23,East,Electronics,1,129.72,26.29,New Customer
106142,2025-07-24,North,Home & Kitchen,1,94.5,27.35,Returning Customer
106143,2025-07-24,South,Electronics,1,226.15,37.38,New Customer
106144,2025-07-24,North,Home & Kitchen,1,60.42,15.5,VIP
106145,2025-07-24,West,Beauty,1,32.16,15.04,Returning Customer
106146,2025-07-24,East,Beauty,1,30.58,14.43,VIP
106147,2025-07-24,North,Electronics,1,227.55,53.61,VIP
106148,2025-07-24,West,Sports & Outdoors,3,164.52,50.88,VIP
106149,2025-07-24,West,Beauty,2,63.97,27.76,New Customer
106150,2025-07-24,South,Apparel,1,45.43,16.24,VIP
106151,2025-07-24,North,Sports & Outdoors,1,76.82,22.86,VIP
106152,2025-07-24,South,Home & Kitchen,2,103.46,28.37,VIP
106153,2025-07-24,South,Electronics,1,183.81,24.43,Returning Customer
106154,2025-07-24,North,Beauty,2,84.59,34.68,VIP
106155,2025-07-24,East,Sports & Outdoors,3,196.98,57.13,Returning Customer
106156,2025-07-24,South,Sports & Outdoors,3,252.99,73.04,Returning Customer
106157,2025-07-24,North,Home & Kitchen,2,131.3,32.06,VIP
106158,2025-07-24,East,Beauty,1,19.9,8.1,Returning Customer
106159,2025-07-24,North,Beauty,1,37.41,15.44,VIP
106160,2025-07-24,East,Home & Kitchen,2,117.55,27.87,New Customer
106161,2025-07-24,East,Apparel,1,29.19,10.59,New Customer
106162,2025-07-24,East,Beauty,1,24.18,9.59,New Customer
106163,2025-07-24,North,Home & Kitchen,1,61.22,20.44,Returning Customer
106164,2025-07-24,South,Electronics,1,244.92,51.11,VIP
106165,2025-07-24,East,Electronics,2,554.69,91.73,New Customer
106166,2025-07-24,South,Electronics,2,528.2,124.33,VIP
106167,2025-07-24,West,Electronics,2,458.11,79.09,Returning Customer
106168,2025-07-24,South,Beauty,1,21.21,9.34,VIP
106169,2025-07-24,West,Home & Kitchen,2,128.01,34.69,New Customer
106170,2025-07-25,South,Electronics,2,421.13,86.42,Returning Customer
106171,2025-07-25,East,Home & Kitchen,2,113.51,28.0,Returning Customer
106172,2025-07-25,West,Beauty,2,35.41,14.77,New Customer
106173,2025-07-25,South,Apparel,1,38.12,14.87,VIP
106174,2025-07-25,West,Home & Kitchen,2,126.45,30.52,VIP
106175,2025-07-25,East,Electronics,2,459.89,84.3,Returning Customer
106176,2025-07-25,South,Electronics,1,225.59,41.68,Returning Customer
106177,2025-07-25,East,Apparel,1,18.69,6.49,New Customer
106178,2025-07-25,West,Sports & Outdoors,2,108.12,35.08,New Customer
106179,2025-07-25,North,Electronics,2,293.73,35.65,Returning Customer
106180,2025-07-25,North,Electronics,1,187.7,41.2,New Customer
106181,2025-07-25,North,Sports & Outdoors,1,32.16,9.98,VIP
106182,2025-07-25,East,Sports & Outdoors,1,75.4,21.58,Returning Customer
106183,2025-07-25,North,Home & Kitchen,2,119.03,28.17,Returning Customer
106184,2025-07-25,North,Electronics,1,236.76,29.47,Returning Customer
106185,2025-07-25,East,Home & Kitchen,1,64.46,16.99,New Customer
106186,2025-07-25,West,Home & Kitchen,2,100.45,27.08,New Customer
106187,2025-07-25,West,Apparel,1,23.87,8.18,Returning Customer
106188,2025-07-25,North,Sports & Outdoors,1,65.05,21.26,VIP
106189,2025-07-25,South,Home & Kitchen,1,58.3,16.3,Returning Customer
106190,2025-07-25,North,Beauty,1,39.2,13.32,Returning Customer
106191,2025-07-25,North,Electronics,2,236.93,52.52,Returning Customer
106192,2025-07-25,East,Home & Kitchen,1,36.72,9.32,VIP
106193,2025-07-25,North,Apparel,2,86.94,23.69,New Customer
106194,2025-07-25,West,Apparel,2,77.47,27.51,New Customer
106195,2025-07-25,East,Apparel,1,56.4,20.63,New Customer
106196,2025-07-25,West,Apparel,2,118.91,41.49,New Customer
106197,2025-07-25,East,Sports & Outdoors,1,50.78,16.91,New Customer
106198,2025-07-25,North,Electronics,1,184.48,38.12,Returning Customer
106199,2025-07-25,West,Apparel,2,92.51,34.13,New Customer
106200,2025-07-25,North,Electronics,1,108.97,18.87,New Customer
106201,2025-07-25,North,Apparel,1,46.6,18.81,New Customer
106202,2025-07-25,South,Beauty,2,58.21,23.37,Returning Customer
106203,2025-07-25,North,Electronics,1,157.63,22.71,Returning Customer
106204,2025-07-25,North,Apparel,1,38.97,13.51,Returning Customer
106205,2025-07-26,East,Apparel,1,43.89,15.77,VIP
106206,2025-07-26,East,Home & Kitchen,2,123.35,38.0,New Customer
106207,2025-07-26,West,Sports & Outdoors,1,66.1,22.08,Returning Customer
106208,2025-07-26,North,Electronics,1,96.86,19.34,New Customer
106209,2025-07-26,East,Electronics,1,202.0,34.56,Returning Customer
106210,2025-07-26,East,Apparel,1,40.62,15.45,Returning Customer
106211,2025-07-26,North,Electronics,2,352.11,56.33,Returning Customer
106212,2025-07-26,East,Beauty,2,76.02,31.77,Returning Customer
106213,2025-07-26,North,Sports & Outdoors,1,70.99,15.93,VIP
106214,2025-07-26,North,Apparel,2,116.26,38.46,Returning Customer
106215,2025-07-26,East,Beauty,1,40.31,17.82,Returning Customer
106216,2025-07-26,East,Home & Kitchen,2,76.25,20.48,New Customer
106217,2025-07-26,North,Electronics,1,209.75,36.94,Returning Customer
106218,2025-07-26,North,Apparel,2,50.75,17.47,Returning Customer
106219,2025-07-26,South,Electronics,1,158.58,30.82,VIP
106220,2025-07-26,North,Apparel,2,45.44,14.47,Returning Customer
106221,2025-07-26,North,Home & Kitchen,1,64.78,17.07,Returning Customer
106222,2025-07-26,West,Home & Kitchen,1,27.92,7.21,New Customer
106223,2025-07-26,South,Apparel,2,98.18,36.57,Returning Customer
106224,2025-07-26,East,Beauty,1,25.84,10.53,Returning Customer
106225,2025-07-26,West,Sports & Outdoors,3,104.26,29.76,VIP
106226,2025-07-26,West,Apparel,2,32.14,10.81,Returning Customer
106227,2025-07-26,South,Electronics,2,256.96,50.68,New Customer
106228,2025-07-26,North,Apparel,1,51.98,18.08,Returning Customer
106229,2025-07-26,North,Home & Kitchen,2,176.11,54.49,New Customer
106230,2025-07-26,North,Sports & Outdoors,1,60.9,15.97,Returning Customer
106231,2025-07-26,South,Electronics,1,245.27,48.8,VIP
106232,2025-07-26,East,Beauty,1,41.96,17.57,New Customer
106233,2025-07-26,East,Apparel,2,105.45,39.43,Returning Customer
106234,2025-07-26,South,Electronics,1,178.78,40.06,VIP
106235,2025-07-26,South,Home & Kitchen,1,44.68,11.19,Returning Customer
106236,2025-07-26,North,Apparel,1,22.52,8.03,Returning Customer
106237,2025-07-26,South,Electronics,2,361.72,64.76,Returning Customer
106238,2025-07-26,South,Electronics,2,292.55,41.22,New Customer
106239,2025-07-26,East,Electronics,2,470.37,91.9,New Customer
106240,2025-07-26,South,Beauty,2,47.75,21.04,Returning Customer
106241,2025-07-26,North,Electronics,2,539.37,103.45,Returning Customer
106242,2025-07-26,North,Electronics,1,166.83,28.79,New Customer
106243,2025-07-27,East,Beauty,2,59.81,24.45,Returning Customer
106244,2025-07-27,East,Beauty,1,22.88,9.68,Returning Customer
106245,2025-07-27,North,Apparel,1,35.41,12.66,Returning Customer
106246,2025-07-27,East,Sports & Outdoors,3,220.48,70.86,Returning Customer
106247,2025-07-27,East,Sports & Outdoors,1,75.53,19.19,New Customer
106248,2025-07-27,North,Beauty,1,27.87,10.74,VIP
106249,2025-07-27,North,Apparel,2,85.3,26.95,New Customer
106250,2025-07-27,South,Beauty,2,57.88,20.94,Returning Customer
106251,2025-07-27,East,Beauty,2,88.34,36.11,New Customer
106252,2025-07-27,West,Home & Kitchen,2,133.68,39.42,VIP
106253,2025-07-27,West,Home & Kitchen,1,70.41,21.97,New Customer
106254,2025-07-27,East,Home & Kitchen,2,109.15,30.11,New Customer
106255,2025-07-27,North,Beauty,2,30.59,13.54,VIP
106256,2025-07-27,North,Electronics,2,460.01,63.14,Returning Customer
106257,2025-07-27,South,Electronics,1,149.93,24.45,Returning Customer
106258,2025-07-27,East,Beauty,1,24.22,9.83,New Customer
106259,2025-07-27,West,Beauty,2,63.69,23.4,VIP
106260,2025-07-27,West,Apparel,2,93.3,33.46,New Customer
106261,2025-07-27,South,Electronics,2,249.71,52.95,Returning Customer
106262,2025-07-27,West,Apparel,2,89.85,38.23,New Customer
106263,2025-07-27,South,Electronics,1,233.09,36.84,Returning Customer
106264,2025-07-27,East,Electronics,1,161.87,32.86,Returning Customer
106265,2025-07-27,South,Electronics,1,134.0,22.3,VIP
106266,2025-07-27,West,Electronics,1,176.68,24.28,Returning Customer
106267,2025-07-27,North,Home & Kitchen,1,83.47,23.7,Returning Customer
106268,2025-07-27,West,Apparel,1,60.99,20.71,Returning Customer
106269,2025-07-27,West,Apparel,1,45.41,17.26,New Customer
106270,2025-07-27,North,Beauty,2,68.6,28.55,Returning Customer
106271,2025-07-27,North,Sports & Outdoors,3,63.76,19.82,Returning Customer
106272,2025-07-27,West,Home & Kitchen,2,128.07,36.52,VIP
106273,2025-07-27,East,Home & Kitchen,1,47.98,14.93,VIP
106274,2025-07-27,West,Electronics,1,202.09,44.53,Returning Customer
106275,2025-07-27,East,Electronics,1,182.24,33.93,Returning Customer
106276,2025-07-27,South,Electronics,1,256.07,39.01,Returning Customer
106277,2025-07-27,South,Apparel,2,87.25,31.23,New Customer
106278,2025-07-27,North,Electronics,1,155.03,33.74,New Customer
106279,2025-07-27,South,Beauty,2,69.27,27.73,New Customer
106280,2025-07-27,North,Apparel,2,80.71,25.44,New Customer
106281,2025-07-27,West,Beauty,1,26.39,12.45,Returning Customer
106282,2025-07-27,West,Apparel,1,19.39,6.12,New Customer
106283,2025-07-27,North,Electronics,2,306.69,53.64,New Customer
106284,2025-07-27,East,Sports & Outdoors,1,62.99,19.88,Returning Customer
106285,2025-07-27,North,Home & Kitchen,2,102.51,28.71,VIP
106286,2025-07-27,East,Electronics,1,135.79,26.23,Returning Customer
106287,2025-07-27,West,Sports & Outdoors,3,168.09,44.36,Returning Customer
106288,2025-07-27,West,Apparel,2,128.63,49.34,Returning Customer
106289,2025-07-28,West,Apparel,1,37.91,13.36,New Customer
106290,2025-07-28,South,Sports & Outdoors,1,64.98,19.21,New Customer
106291,2025-07-28,North,Home & Kitchen,2,64.38,18.0,Returning Customer
106292,2025-07-28,North,Electronics,2,465.79,69.44,Returning Customer
106293,2025-07-28,South,Electronics,2,362.33,72.74,New Customer
106294,2025-07-28,West,Electronics,2,369.36,71.51,VIP
106295,2025-07-28,South,Electronics,2,480.76,68.39,New Customer
106296,2025-07-28,East,Home & Kitchen,1,43.45,12.57,New Customer
106297,2025-07-28,East,Beauty,2,42.52,17.59,New Customer
106298,2025-07-28,North,Apparel,1,34.47,11.11,Returning Customer
106299,2025-07-28,West,Beauty,1,38.02,17.88,VIP
106300,2025-07-28,North,Apparel,2,93.01,31.5,Returning Customer
106301,2025-07-28,West,Home & Kitchen,2,180.78,48.61,Returning Customer
106302,2025-07-28,West,Home & Kitchen,1,77.49,21.0,Returning Customer
106303,2025-07-28,North,Apparel,2,64.23,22.41,Returning Customer
106304,2025-07-28,North,Sports & Outdoors,3,201.61,51.3,New Customer
106305,2025-07-28,South,Sports & Outdoors,3,163.86,59.1,Returning Customer
106306,2025-07-28,North,Beauty,1,30.03,11.27,New Customer
106307,2025-07-28,East,Electronics,2,199.36,32.75,New Customer
106308,2025-07-28,South,Home & Kitchen,1,74.59,21.48,Returning Customer
106309,2025-07-28,North,Electronics,1,184.24,34.1,New Customer
106310,2025-07-28,North,Electronics,1,245.32,36.12,New Customer
106311,2025-07-28,South,Sports & Outdoors,2,183.2,57.51,Returning Customer
106312,2025-07-28,North,Electronics,2,310.45,60.13,New Customer
106313,2025-07-28,West,Home & Kitchen,2,116.33,31.35,Returning Customer
106314,2025-07-28,East,Home & Kitchen,1,65.1,19.42,Returning Customer
106315,2025-07-28,West,Electronics,2,305.87,46.76,New Customer
106316,2025-07-28,North,Electronics,2,525.07,83.18,Returning Customer
106317,2025-07-28,West,Beauty,2,72.0,32.05,New Customer
106318,2025-07-28,West,Sports & Outdoors,1,61.0,18.59,Returning Customer
106319,2025-07-28,West,Electronics,2,543.6,113.83,VIP
106320,2025-07-28,East,Electronics,1,147.7,24.88,New Customer
106321,2025-07-28,North,Apparel,1,45.81,18.15,New Customer
106322,2025-07-28,West,Apparel,1,38.1,14.93,Returning Customer
106323,2025-07-28,South,Sports & Outdoors,3,169.02,54.2,VIP
106324,2025-07-29,East,Beauty,1,35.92,15.91,Returning Customer
106325,2025-07-29,West,Electronics,1,203.46,32.14,Returning Customer
106326,2025-07-29,South,Home & Kitchen,2,127.72,42.73,Returning Customer
106327,2025-07-29,East,Apparel,1,42.64,16.74,New Customer
106328,2025-07-29,East,Home & Kitchen,1,56.91,16.61,Returning Customer
106329,2025-07-29,East,Home & Kitchen,2,113.75,38.46,Returning Customer
106330,2025-07-29,West,Home & Kitchen,1,53.42,10.94,New Customer
106331,2025-07-29,North,Home & Kitchen,1,58.18,19.12,Returning Customer
106332,2025-07-29,South,Home & Kitchen,1,66.75,18.06,Returning Customer
106333,2025-07-29,South,Apparel,1,47.33,15.95,Returning Customer
106334,2025-07-29,North,Beauty,2,45.51,17.72,New Customer
106335,2025-07-29,West,Apparel,2,90.48,32.41,Returning Customer
106336,2025-07-29,South,Apparel,1,51.47,18.56,New Customer
106337,2025-07-29,North,Home & Kitchen,2,101.36,34.17,New Customer
106338,2025-07-29,North,Electronics,2,315.94,62.16,New Customer
106339,2025-07-29,East,Apparel,1,31.68,9.39,New Customer
106340,2025-07-29,South,Beauty,1,31.04,13.06,Returning Customer
106341,2025-07-29,South,Home & Kitchen,2,193.12,57.16,New Customer
106342,2025-07-29,North,Beauty,2,45.71,21.88,Returning Customer
106343,2025-07-29,East,Electronics,1,230.29,43.77,Returning Customer
106344,2025-07-29,West,Apparel,2,100.42,35.88,New Customer
106345,2025-07-29,South,Home & Kitchen,2,138.72,35.33,Returning Customer
106346,2025-07-29,East,Apparel,1,28.4,9.62,VIP
106347,2025-07-29,South,Home & Kitchen,1,64.59,16.53,Returning Customer
106348,2025-07-29,East,Apparel,1,32.36,10.15,Returning Customer
106349,2025-07-29,South,Beauty,2,64.88,27.21,VIP
106350,2025-07-29,South,Beauty,2,62.42,28.76,VIP
106351,2025-07-29,East,Home & Kitchen,1,63.59,17.22,New Customer
106352,2025-07-29,South,Apparel,2,91.87,38.17,New Customer
106353,2025-07-29,West,Home & Kitchen,1,43.3,12.42,New Customer
106354,2025-07-29,South,Home & Kitchen,2,152.27,53.14,Returning Customer
106355,2025-07-29,North,Home & Kitchen,2,92.65,28.35,New Customer
106356,2025-07-29,South,Apparel,2,44.41,15.29,Returning Customer
106357,2025-07-30,South,Home & Kitchen,2,144.7,40.1,New Customer
106358,2025-07-30,West,Electronics,2,321.43,46.93,New Customer
106359,2025-07-30,East,Beauty,2,39.1,15.43,New Customer
106360,2025-07-30,West,Apparel,2,67.26,23.71,VIP
106361,2025-07-30,West,Sports & Outdoors,1,45.01,13.48,Returning Customer
106362,2025-07-30,East,Home & Kitchen,2,140.05,40.88,New Customer
106363,2025-07-30,North,Home & Kitchen,2,121.64,30.85,New Customer
106364,2025-07-30,East,Apparel,2,69.17,23.34,Returning Customer
106365,2025-07-30,South,Electronics,1,161.97,29.07,VIP
106366,2025-07-30,North,Electronics,1,193.61,40.53,Returning Customer
106367,2025-07-30,East,Home & Kitchen,1,79.86,19.32,VIP
106368,2025-07-30,South,Electronics,1,74.04,12.87,New Customer
106369,2025-07-30,North,Apparel,2,109.53,35.08,New Customer
106370,2025-07-30,East,Electronics,1,203.46,37.13,Returning Customer
106371,2025-07-30,South,Electronics,1,192.26,25.37,Returning Customer
106372,2025-07-30,West,Sports & Outdoors,1,53.77,16.27,New Customer
106373,2025-07-30,East,Apparel,2,83.84,29.28,Returning Customer
106374,2025-07-30,North,Apparel,2,64.35,24.83,VIP
106375,2025-07-30,East,Beauty,2,43.54,18.75,VIP
106376,2025-07-30,North,Beauty,1,20.5,8.8,New Customer
106377,2025-07-30,West,Apparel,2,64.09,21.37,New Customer
106378,2025-07-30,South,Apparel,2,90.05,31.79,VIP
106379,2025-07-30,North,Apparel,2,102.84,40.48,Returning Customer
106380,2025-07-30,West,Sports & Outdoors,3,157.19,55.03,VIP
106381,2025-07-30,North,Sports & Outdoors,3,194.37,58.47,Returning Customer
106382,2025-07-30,South,Home & Kitchen,2,102.36,27.93,VIP
106383,2025-07-30,West,Apparel,2,74.78,26.14,Returning Customer
106384,2025-07-30,West,Apparel,1,52.47,18.64,Returning Customer
106385,2025-07-30,East,Apparel,1,42.17,14.5,New Customer
106386,2025-07-30,North,Apparel,2,68.54,22.54,Returning Customer
106387,2025-07-30,South,Sports & Outdoors,2,108.55,31.94,New Customer
106388,2025-07-30,West,Beauty,2,64.44,27.0,Returning Customer
106389,2025-07-30,East,Sports & Outdoors,2,99.03,29.54,Returning Customer
106390,2025-07-30,West,Apparel,2,69.8,29.1,Returning Customer
106391,2025-07-30,West,Home & Kitchen,2,96.13,27.25,Returning Customer
106392,2025-07-31,North,Home & Kitchen,2,145.75,36.71,Returning Customer
106393,2025-07-31,North,Electronics,2,285.78,50.47,New Customer
106394,2025-07-31,East,Home & Kitchen,2,103.97,35.94,New Customer
106395,2025-07-31,North,Home & Kitchen,1,54.14,14.38,New Customer
106396,2025-07-31,West,Electronics,2,391.99,68.86,VIP
106397,2025-07-31,North,Sports & Outdoors,3,158.15,53.09,New Customer
106398,2025-07-31,East,Sports & Outdoors,3,192.76,58.83,Returning Customer
106399,2025-07-31,East,Sports & Outdoors,1,55.19,15.3,Returning Customer
106400,2025-07-31,East,Electronics,1,190.6,29.14,New Customer
106401,2025-07-31,South,Beauty,1,25.69,10.48,Returning Customer
106402,2025-07-31,North,Apparel,1,43.53,16.16,New Customer
106403,2025-07-31,North,Apparel,1,42.66,14.75,Returning Customer
106404,2025-07-31,East,Home & Kitchen,1,61.81,18.15,Returning Customer
106405,2025-07-31,South,Electronics,2,415.37,69.95,New Customer
106406,2025-07-31,East,Apparel,1,56.49,18.17,VIP
106407,2025-07-31,North,Electronics,2,226.92,44.68,New Customer
106408,2025-07-31,West,Electronics,1,145.6,19.29,New Customer
106409,2025-07-31,North,Beauty,2,44.33,20.12,New Customer
106410,2025-07-31,West,Apparel,1,49.02,16.3,New Customer
106411,2025-07-31,South,Electronics,1,220.01,36.3,Returning Customer
106412,2025-07-31,East,Apparel,1,57.63,20.63,VIP
106413,2025-07-31,South,Electronics,2,330.21,44.42,Returning Customer
106414,2025-07-31,South,Electronics,2,292.98,56.94,New Customer
106415,2025-07-31,North,Home & Kitchen,2,104.93,26.62,New Customer
106416,2025-07-31,West,Electronics,1,219.78,48.72,Returning Customer
106417,2025-08-01,North,Home & Kitchen,1,59.92,15.92,New Customer
106418,2025-08-01,East,Home & Kitchen,1,68.97,16.04,VIP
106419,2025-08-01,West,Apparel,2,73.95,26.3,Returning Customer
106420,2025-08-01,South,Beauty,1,42.07,16.24,New Customer
106421,2025-08-01,South,Beauty,1,31.32,12.48,Returning Customer
106422,2025-08-01,North,Electronics,2,222.2,33.14,New Customer
106423,2025-08-01,South,Apparel,2,121.42,42.52,New Customer
106424,2025-08-01,East,Apparel,2,116.4,35.82,Returning Customer
106425,2025-08-01,North,Apparel,2,76.56,26.56,Returning Customer
106426,2025-08-01,North,Sports & Outdoors,1,36.86,12.07,Returning Customer
106427,2025-08-01,North,Electronics,1,153.94,23.3,New Customer
106428,2025-08-01,East,Electronics,2,179.73,30.53,Returning Customer
106429,2025-08-01,East,Sports & Outdoors,1,69.54,18.69,New Customer
106430,2025-08-01,East,Electronics,2,396.27,60.21,New Customer
106431,2025-08-01,South,Apparel,1,46.77,17.47,Returning Customer
106432,2025-08-01,West,Beauty,2,60.56,26.4,New Customer
106433,2025-08-01,West,Sports & Outdoors,3,182.68,44.34,Returning Customer
106434,2025-08-01,South,Home & Kitchen,1,45.9,13.53,New Customer
106435,2025-08-01,East,Electronics,1,204.61,35.51,Returning Customer
106436,2025-08-01,West,Sports & Outdoors,1,74.75,20.42,Returning Customer
106437,2025-08-01,West,Home & Kitchen,1,66.44,20.26,New Customer
106438,2025-08-02,North,Electronics,2,250.99,39.05,New Customer
106439,2025-08-02,East,Sports & Outdoors,3,170.35,51.74,VIP
106440,2025-08-02,North,Apparel,2,116.15,46.73,Returning Customer
106441,2025-08-02,West,Apparel,1,33.14,10.25,Returning Customer
106442,2025-08-02,East,Sports & Outdoors,1,56.65,18.46,New Customer
106443,2025-08-02,West,Beauty,1,30.24,11.33,New Customer
106444,2025-08-02,West,Home & Kitchen,1,83.01,22.51,Returning Customer
106445,2025-08-02,West,Apparel,2,52.9,20.46,VIP
106446,2025-08-02,South,Electronics,2,387.3,76.59,VIP
106447,2025-08-02,East,Electronics,2,221.34,45.36,New Customer
106448,2025-08-02,South,Electronics,1,130.32,28.83,New Customer
106449,2025-08-02,North,Home & Kitchen,1,65.4,14.81,New Customer
106450,2025-08-02,North,Beauty,1,25.86,10.56,Returning Customer
106451,2025-08-02,West,Electronics,1,180.89,35.5,Returning Customer
106452,2025-08-02,East,Beauty,2,69.91,30.6,VIP
106453,2025-08-02,East,Electronics,2,309.48,58.0,VIP
106454,2025-08-02,East,Home & Kitchen,1,46.11,14.3,New Customer
106455,2025-08-02,East,Electronics,2,214.74,40.03,New Customer
106456,2025-08-02,East,Apparel,2,58.24,20.82,New Customer
106457,2025-08-02,West,Apparel,2,60.23,24.98,Returning Customer
106458,2025-08-02,North,Apparel,2,78.49,30.13,Returning Customer
106459,2025-08-02,South,Apparel,1,57.47,19.55,Returning Customer
106460,2025-08-02,East,Sports & Outdoors,2,118.75,35.66,Returning Customer
106461,2025-08-03,West,Apparel,1,59.69,23.81,Returning Customer
106462,2025-08-03,South,Beauty,2,72.61,28.77,Returning Customer
106463,2025-08-03,West,Home & Kitchen,2,106.01,31.6,New Customer
106464,2025-08-03,West,Sports & Outdoors,3,188.06,61.75,VIP
106465,2025-08-03,East,Sports & Outdoors,3,217.5,68.23,New Customer
106466,2025-08-03,North,Apparel,2,98.4,34.45,New Customer
106467,2025-08-03,South,Apparel,2,112.72,40.07,New Customer
106468,2025-08-03,North,Apparel,1,40.42,15.11,New Customer
106469,2025-08-03,South,Beauty,1,18.38,7.22,Returning Customer
106470,2025-08-03,South,Electronics,2,400.4,72.3,Returning Customer
106471,2025-08-03,South,Apparel,1,58.2,19.91,Returning Customer
106472,2025-08-03,West,Sports & Outdoors,2,120.78,35.3,New Customer
106473,2025-08-03,North,Sports & Outdoors,2,131.5,44.41,VIP
106474,2025-08-03,West,Home & Kitchen,1,88.64,26.19,New Customer
106475,2025-08-03,South,Home & Kitchen,1,55.82,14.52,New Customer
106476,2025-08-03,West,Beauty,1,30.98,12.79,New Customer
106477,2025-08-03,North,Home & Kitchen,1,100.06,26.08,VIP
106478,2025-08-03,East,Sports & Outdoors,1,67.57,20.66,New Customer
106479,2025-08-03,South,Beauty,2,39.61,17.83,New Customer
106480,2025-08-03,West,Apparel,1,41.28,16.6,New Customer
106481,2025-08-03,East,Beauty,2,54.64,23.24,Returning Customer
106482,2025-08-03,West,Apparel,1,43.73,15.57,VIP
106483,2025-08-03,North,Electronics,2,287.37,54.01,New Customer
106484,2025-08-03,North,Home & Kitchen,2,100.66,31.41,Returning Customer
106485,2025-08-03,South,Electronics,2,371.33,68.87,New Customer
106486,2025-08-04,East,Home & Kitchen,2,74.47,23.74,VIP
106487,2025-08-04,West,Home & Kitchen,1,69.14,19.7,Returning Customer
106488,2025-08-04,North,Sports & Outdoors,3,158.14,48.75,VIP
106489,2025-08-04,South,Sports & Outdoors,2,112.61,30.64,New Customer
106490,2025-08-04,West,Home & Kitchen,2,142.93,35.59,Returning Customer
106491,2025-08-04,West,Apparel,1,37.61,13.57,Returning Customer
106492,2025-08-04,South,Home & Kitchen,1,36.44,10.12,New Customer
106493,2025-08-04,South,Apparel,1,27.85,9.75,Returning Customer
106494,2025-08-04,East,Apparel,2,105.36,40.06,Returning Customer
106495,2025-08-04,North,Sports & Outdoors,1,50.14,16.37,New Customer
106496,2025-08-04,North,Electronics,2,398.27,77.62,New Customer
106497,2025-08-04,North,Sports & Outdoors,3,169.18,43.84,Returning Customer
106498,2025-08-04,North,Home & Kitchen,2,100.68,27.72,VIP
106499,2025-08-04,North,Electronics,2,332.6,51.3,Returning Customer
106500,2025-08-04,West,Sports & Outdoors,1,40.53,12.51,New Customer
106501,2025-08-04,East,Home & Kitchen,1,30.25,8.57,Returning Customer
106502,2025-08-04,North,Beauty,1,12.46,5.06,New Customer
106503,2025-08-04,East,Home & Kitchen,2,149.49,46.93,New Customer
106504,2025-08-04,West,Electronics,1,178.78,28.54,VIP
106505,2025-08-04,North,Beauty,2,32.93,13.65,Returning Customer
106506,2025-08-04,North,Home & Kitchen,2,170.14,37.46,New Customer
106507,2025-08-04,North,Apparel,2,68.02,23.91,Returning Customer
106508,2025-08-04,East,Apparel,2,58.99,21.91,Returning Customer
106509,2025-08-04,South,Electronics,2,408.79,65.27,Returning Customer
106510,2025-08-04,East,Sports & Outdoors,2,119.51,31.05,Returning Customer
106511,2025-08-04,West,Home & Kitchen,1,78.04,20.11,Returning Customer
106512,2025-08-04,South,Electronics,1,138.49,24.79,New Customer
106513,2025-08-04,South,Sports & Outdoors,1,50.41,12.69,New Customer
106514,2025-08-04,South,Home & Kitchen,1,46.0,13.64,New Customer
106515,2025-08-04,West,Electronics,1,189.1,34.07,Returning Customer
106516,2025-08-04,West,Home & Kitchen,1,62.91,19.58,Returning Customer
106517,2025-08-04,North,Apparel,2,118.25,45.42,Returning Customer
106518,2025-08-04,South,Electronics,2,511.15,109.0,New Customer
106519,2025-08-04,North,Sports & Outdoors,3,227.83,61.51,New Customer
106520,2025-08-04,East,Apparel,1,39.71,14.82,New Customer
106521,2025-08-04,North,Electronics,2,409.78,88.49,Returning Customer
106522,2025-08-04,North,Beauty,2,66.05,27.77,New Customer
106523,2025-08-04,South,Sports & Outdoors,1,36.15,10.32,New Customer
106524,2025-08-04,North,Beauty,2,71.7,30.42,New Customer
106525,2025-08-05,East,Electronics,2,333.48,52.17,Returning Customer
106526,2025-08-05,South,Apparel,1,42.17,14.58,New Customer
106527,2025-08-05,North,Home & Kitchen,2,142.24,46.18,Returning Customer
106528,2025-08-05,East,Apparel,2,95.62,32.46,New Customer
106529,2025-08-05,North,Electronics,1,253.2,45.41,Returning Customer
106530,2025-08-05,South,Home & Kitchen,2,99.84,23.28,Returning Customer
106531,2025-08-05,South,Sports & Outdoors,1,32.43,10.94,Returning Customer
106532,2025-08-05,East,Home & Kitchen,1,48.85,12.62,New Customer
106533,2025-08-05,North,Apparel,1,21.93,7.22,New Customer
106534,2025-08-05,West,Sports & Outdoors,2,122.08,36.62,New Customer
106535,2025-08-05,South,Home & Kitchen,2,165.24,45.77,Returning Customer
106536,2025-08-05,North,Apparel,2,104.31,35.96,Returning Customer
106537,2025-08-05,East,Home & Kitchen,1,53.93,13.25,New Customer
106538,2025-08-05,East,Beauty,2,71.55,31.76,VIP
106539,2025-08-05,East,Electronics,1,132.7,21.65,Returning Customer
106540,2025-08-05,West,Electronics,1,183.12,36.26,Returning Customer
106541,2025-08-05,East,Apparel,2,69.15,24.54,Returning Customer
106542,2025-08-05,North,Electronics,2,392.11,67.74,VIP
106543,2025-08-05,North,Home & Kitchen,2,190.3,64.19,Returning Customer
106544,2025-08-05,West,Beauty,2,70.72,27.11,New Customer
106545,2025-08-05,South,Electronics,2,344.69,59.99,New Customer
106546,2025-08-05,North,Electronics,2,433.92,78.2,Returning Customer
106547,2025-08-05,North,Sports & Outdoors,3,93.51,22.8,New Customer
106548,2025-08-05,North,Beauty,2,45.24,19.49,Returning Customer
106549,2025-08-05,West,Electronics,1,140.4,21.7,VIP
106550,2025-08-05,South,Apparel,1,41.31,15.35,New Customer
106551,2025-08-05,North,Apparel,2,88.79,32.9,Returning Customer
106552,2025-08-05,South,Beauty,1,38.05,14.12,Returning Customer
106553,2025-08-05,East,Electronics,2,312.04,64.37,Returning Customer
106554,2025-08-06,East,Beauty,2,74.52,29.51,VIP
106555,2025-08-06,South,Home & Kitchen,1,77.11,22.97,VIP
106556,2025-08-06,East,Apparel,1,49.26,16.31,Returning Customer
106557,2025-08-06,South,Electronics,2,386.51,77.06,VIP
106558,2025-08-06,West,Electronics,2,270.86,51.82,Returning Customer
106559,2025-08-06,South,Apparel,1,26.16,8.12,New Customer
106560,2025-08-06,South,Beauty,1,24.01,9.26,New Customer
106561,2025-08-06,East,Apparel,2,79.97,27.71,VIP
106562,2025-08-06,South,Home & Kitchen,2,161.65,48.31,VIP
106563,2025-08-06,West,Sports & Outdoors,1,53.93,16.6,New Customer
106564,2025-08-06,North,Home & Kitchen,2,145.07,41.41,New Customer
106565,2025-08-06,North,Electronics,2,511.31,81.11,VIP
106566,2025-08-06,North,Electronics,1,227.63,34.4,Returning Customer
106567,2025-08-06,North,Apparel,2,85.47,30.63,Returning Customer
106568,2025-08-06,North,Beauty,2,55.78,24.11,New Customer
106569,2025-08-06,East,Home & Kitchen,1,66.65,19.46,New Customer
106570,2025-08-06,North,Electronics,2,213.45,33.83,New Customer
106571,2025-08-07,East,Electronics,1,177.03,36.44,New Customer
106572,2025-08-07,West,Sports & Outdoors,2,121.21,35.36,New Customer
106573,2025-08-07,East,Electronics,2,356.77,54.33,Returning Customer
106574,2025-08-07,West,Electronics,1,141.87,32.85,VIP
106575,2025-08-07,East,Apparel,2,61.76,20.94,VIP
106576,2025-08-07,East,Beauty,1,37.07,15.18,Returning Customer
106577,2025-08-07,South,Apparel,2,80.31,26.03,Returning Customer
106578,2025-08-07,North,Beauty,1,26.25,10.4,New Customer
106579,2025-08-07,West,Beauty,1,36.97,15.14,Returning Customer
106580,2025-08-07,West,Electronics,1,206.51,37.65,Returning Customer
106581,2025-08-07,North,Electronics,2,376.2,64.21,Returning Customer
106582,2025-08-07,West,Apparel,1,40.45,15.05,Returning Customer
106583,2025-08-07,South,Electronics,1,110.25,20.94,VIP
106584,2025-08-07,West,Beauty,1,14.27,6.08,VIP
106585,2025-08-07,West,Home & Kitchen,2,167.4,39.98,Returning Customer
106586,2025-08-07,East,Home & Kitchen,1,48.66,13.19,New Customer
106587,2025-08-07,North,Electronics,2,272.61,61.98,Returning Customer
106588,2025-08-07,East,Beauty,1,42.4,18.4,New Customer
106589,2025-08-07,South,Sports & Outdoors,2,86.91,24.78,New Customer
106590,2025-08-07,East,Electronics,2,424.08,82.49,Returning Customer
106591,2025-08-07,North,Electronics,2,513.28,67.9,New Customer
106592,2025-08-07,East,Apparel,1,42.61,15.01,New Customer
106593,2025-08-07,North,Apparel,1,56.73,18.65,New Customer
106594,2025-08-07,North,Electronics,1,115.03,23.48,New Customer
106595,2025-08-07,East,Home & Kitchen,1,75.65,21.23,VIP
106596,2025-08-07,East,Sports & Outdoors,3,140.28,45.03,New Customer
106597,2025-08-07,South,Apparel,1,26.56,8.87,New Customer
106598,2025-08-07,West,Beauty,2,52.08,22.9,Returning Customer
106599,2025-08-07,East,Apparel,2,84.81,21.85,Returning Customer
106600,2025-08-07,North,Home & Kitchen,1,68.74,19.62,Returning Customer
106601,2025-08-08,East,Electronics,1,188.4,31.59,New Customer
106602,2025-08-08,North,Beauty,2,27.78,10.21,Returning Customer
106603,2025-08-08,South,Home & Kitchen,1,55.1,14.91,New Customer
106604,2025-08-08,West,Sports & Outdoors,2,95.14,29.12,Returning Customer
106605,2025-08-08,East,Electronics,1,150.48,23.2,Returning Customer
106606,2025-08-08,North,Beauty,2,57.33,23.92,VIP
106607,2025-08-08,East,Home & Kitchen,1,80.8,21.76,Returning Customer
106608,2025-08-08,North,Home & Kitchen,1,68.39,13.17,Returning Customer
106609,2025-08-08,North,Home & Kitchen,1,58.16,17.44,Returning Customer
106610,2025-08-08,North,Home & Kitchen,2,106.76,31.57,Returning Customer
106611,2025-08-08,East,Beauty,2,46.63,21.29,Returning Customer
106612,2025-08-08,South,Sports & Outdoors,3,142.08,46.38,New Customer
106613,2025-08-08,East,Sports & Outdoors,2,152.79,45.36,New Customer
106614,2025-08-08,East,Apparel,1,56.23,19.15,New Customer
106615,2025-08-08,South,Electronics,1,131.59,24.86,New Customer
106616,2025-08-08,East,Electronics,2,600.02,95.7,Returning Customer
106617,2025-08-08,North,Beauty,2,87.68,36.45,New Customer
106618,2025-08-08,West,Apparel,2,91.85,33.44,New Customer
106619,2025-08-08,North,Apparel,1,29.75,9.88,Returning Customer
106620,2025-08-08,North,Apparel,1,54.85,18.92,VIP
106621,2025-08-08,North,Home & Kitchen,2,144.34,37.69,Returning Customer
106622,2025-08-08,West,Sports & Outdoors,1,42.03,15.84,VIP
106623,2025-08-08,West,Beauty,1,36.04,16.86,New Customer
106624,2025-08-08,East,Beauty,1,32.3,13.67,VIP
106625,2025-08-08,West,Beauty,1,36.23,14.69,New Customer
106626,2025-08-08,West,Beauty,1,26.4,11.62,Returning Customer
106627,2025-08-08,West,Electronics,2,369.86,52.16,Returning Customer
106628,2025-08-08,South,Electronics,2,358.58,73.02,VIP
106629,2025-08-08,East,Apparel,1,42.17,12.34,Returning Customer
106630,2025-08-09,South,Home & Kitchen,1,59.56,16.17,New Customer
106631,2025-08-09,East,Electronics,1,125.72,22.23,VIP
106632,2025-08-09,North,Electronics,2,444.76,73.45,Returning Customer
106633,2025-08-09,North,Apparel,1,40.99,15.18,New Customer
106634,2025-08-09,North,Beauty,1,33.61,11.64,New Customer
106635,2025-08-09,North,Home & Kitchen,1,64.49,19.34,VIP
106636,2025-08-09,North,Electronics,1,143.43,25.34,Returning Customer
106637,2025-08-09,South,Electronics,1,159.17,27.67,Returning Customer
106638,2025-08-09,East,Beauty,2,79.05,28.91,Returning Customer
106639,2025-08-09,East,Apparel,2,103.74,39.68,New Customer
106640,2025-08-09,South,Home & Kitchen,2,153.79,35.63,Returning Customer
106641,2025-08-09,North,Electronics,2,300.76,54.91,Returning Customer
106642,2025-08-09,East,Sports & Outdoors,1,36.3,9.53,New Customer
106643,2025-08-09,East,Apparel,1,35.77,12.47,New Customer
106644,2025-08-09,West,Beauty,1,15.46,6.11,Returning Customer
106645,2025-08-09,East,Apparel,2,84.71,29.45,Returning Customer
106646,2025-08-09,West,Sports & Outdoors,3,180.31,47.19,VIP
106647,2025-08-09,South,Sports & Outdoors,2,136.46,38.88,New Customer
106648,2025-08-09,North,Home & Kitchen,1,73.51,21.13,Returning Customer
106649,2025-08-09,West,Home & Kitchen,1,84.21,21.02,VIP
106650,2025-08-09,South,Apparel,2,86.82,26.21,New Customer
106651,2025-08-09,South,Beauty,2,74.49,26.27,New Customer
106652,2025-08-09,North,Apparel,1,35.54,12.69,New Customer
106653,2025-08-09,West,Electronics,1,95.45,22.58,VIP
106654,2025-08-09,West,Home & Kitchen,2,110.15,34.4,Returning Customer
106655,2025-08-09,West,Electronics,1,157.07,25.04,New Customer
106656,2025-08-09,South,Apparel,1,48.47,16.76,VIP
106657,2025-08-09,West,Electronics,1,161.76,20.95,VIP
106658,2025-08-09,East,Sports & Outdoors,1,87.55,23.37,New Customer
106659,2025-08-09,West,Electronics,2,292.39,47.41,New Customer
106660,2025-08-09,North,Home & Kitchen,2,116.43,30.72,New Customer
106661,2025-08-09,South,Apparel,1,45.14,15.58,New Customer
106662,2025-08-09,East,Apparel,2,90.53,35.3,Returning Customer
106663,2025-08-09,South,Apparel,1,34.29,12.33,New Customer
106664,2025-08-09,North,Sports & Outdoors,1,45.88,12.86,New Customer
106665,2025-08-09,North,Electronics,2,366.37,83.94,New Customer
106666,2025-08-09,South,Electronics,2,356.22,48.21,New Customer
106667,2025-08-09,South,Apparel,1,52.33,17.23,Returning Customer
106668,2025-08-09,South,Home & Kitchen,1,50.92,16.23,Returning Customer
106669,2025-08-10,East,Apparel,1,53.78,20.01,New Customer
106670,2025-08-10,East,Electronics,2,480.18,81.36,Returning Customer
106671,2025-08-10,North,Apparel,1,40.57,15.7,Returning Customer
106672,2025-08-10,South,Apparel,1,75.61,27.49,New Customer
106673,2025-08-10,East,Apparel,1,27.48,8.39,Returning Customer
106674,2025-08-10,North,Apparel,2,111.64,39.09,Returning Customer
106675,2025-08-10,North,Sports & Outdoors,1,48.09,15.01,New Customer
106676,2025-08-10,North,Electronics,2,368.17,64.84,Returning Customer
106677,2025-08-10,South,Electronics,2,323.11,49.41,New Customer
106678,2025-08-10,South,Apparel,2,62.38,26.25,New Customer
106679,2025-08-10,North,Apparel,2,64.64,21.9,New Customer
106680,2025-08-10,East,Sports & Outdoors,1,55.65,16.45,VIP
106681,2025-08-10,South,Sports & Outdoors,3,129.76,36.81,Returning Customer
106682,2025-08-10,East,Beauty,2,32.48,13.33,VIP
106683,2025-08-10,North,Apparel,1,49.27,18.08,New Customer
106684,2025-08-10,East,Home & Kitchen,2,89.1,25.64,New Customer
106685,2025-08-10,North,Beauty,1,36.42,15.24,New Customer
106686,2025-08-10,North,Sports & Outdoors,3,153.49,55.1,Returning Customer
106687,2025-08-10,East,Apparel,2,112.96,41.67,New Customer
106688,2025-08-10,West,Home & Kitchen,2,131.37,33.18,Returning Customer
106689,2025-08-10,West,Sports & Outdoors,2,88.92,31.79,New Customer
106690,2025-08-10,West,Electronics,1,283.03,52.0,VIP
106691,2025-08-10,North,Electronics,2,250.08,43.24,Returning Customer
106692,2025-08-10,North,Electronics,1,79.18,11.75,VIP
106693,2025-08-10,South,Apparel,2,51.9,17.53,New Customer
106694,2025-08-10,East,Beauty,1,26.42,11.85,Returning Customer
106695,2025-08-10,West,Apparel,1,48.96,16.87,New Customer
106696,2025-08-10,North,Apparel,2,61.92,20.27,New Customer
106697,2025-08-10,North,Apparel,2,105.34,39.37,New Customer
106698,2025-08-10,South,Home & Kitchen,2,202.14,46.36,New Customer
106699,2025-08-10,South,Home & Kitchen,1,91.13,28.19,VIP
106700,2025-08-10,East,Home & Kitchen,2,165.6,54.77,Returning Customer
106701,2025-08-10,North,Home & Kitchen,2,70.24,20.43,Returning Customer
106702,2025-08-10,East,Sports & Outdoors,2,90.29,28.04,Returning Customer
106703,2025-08-10,South,Electronics,1,235.56,39.55,New Customer
106704,2025-08-10,North,Beauty,1,16.53,7.11,VIP
106705,2025-08-11,North,Electronics,2,353.88,68.33,VIP
106706,2025-08-11,North,Electronics,2,213.11,45.34,New Customer
106707,2025-08-11,North,Home & Kitchen,2,147.84,43.36,VIP
106708,2025-08-11,East,Home & Kitchen,2,107.39,27.04,VIP
106709,2025-08-11,West,Electronics,1,150.77,25.98,Returning Customer
106710,2025-08-11,North,Home & Kitchen,1,67.79,19.47,VIP
106711,2025-08-11,East,Apparel,2,76.67,22.69,Returning Customer
106712,2025-08-11,West,Electronics,2,434.86,85.29,New Customer
106713,2025-08-11,East,Apparel,1,53.82,17.58,VIP
106714,2025-08-11,South,Home & Kitchen,2,184.13,53.24,Returning Customer
106715,2025-08-11,South,Electronics,2,381.74,69.22,VIP
106716,2025-08-11,West,Electronics,1,197.25,43.59,Returning Customer
106717,2025-08-11,West,Apparel,1,34.94,10.71,New Customer
106718,2025-08-11,East,Apparel,2,154.39,59.03,New Customer
106719,2025-08-11,North,Beauty,1,20.39,8.31,New Customer
106720,2025-08-11,North,Sports & Outdoors,2,129.25,33.14,Returning Customer
106721,2025-08-11,South,Electronics,2,355.55,57.88,Returning Customer
106722,2025-08-11,East,Beauty,2,51.58,23.21,VIP
106723,2025-08-11,East,Apparel,1,74.69,30.38,VIP
106724,2025-08-11,West,Apparel,2,112.12,33.98,Returning Customer
106725,2025-08-11,East,Apparel,2,80.71,24.31,Returning Customer
106726,2025-08-11,South,Apparel,2,96.43,31.75,Returning Customer
106727,2025-08-11,East,Beauty,1,21.15,9.03,New Customer
106728,2025-08-11,West,Electronics,2,379.08,54.07,Returning Customer
106729,2025-08-11,West,Home & Kitchen,1,80.33,22.16,New Customer
106730,2025-08-12,South,Electronics,1,187.04,35.65,New Customer
106731,2025-08-12,West,Home & Kitchen,1,80.53,22.58,Returning Customer
106732,2025-08-12,West,Home & Kitchen,2,107.55,32.02,New Customer
106733,2025-08-12,West,Apparel,2,65.67,21.53,New Customer
106734,2025-08-12,East,Apparel,2,104.46,35.91,New Customer
106735,2025-08-12,North,Electronics,2,410.04,109.92,New Customer
106736,2025-08-12,North,Electronics,2,339.36,41.49,New Customer
106737,2025-08-12,North,Electronics,2,275.92,53.41,New Customer
106738,2025-08-12,South,Sports & Outdoors,3,128.06,41.66,New Customer
106739,2025-08-12,East,Home & Kitchen,1,62.16,17.05,Returning Customer
106740,2025-08-12,West,Apparel,2,89.4,31.45,VIP
106741,2025-08-12,South,Home & Kitchen,2,207.02,54.69,New Customer
106742,2025-08-12,West,Electronics,2,266.74,47.0,Returning Customer
106743,2025-08-12,North,Electronics,2,269.02,45.92,New Customer
106744,2025-08-12,North,Electronics,1,173.72,20.02,New Customer
106745,2025-08-12,North,Beauty,1,35.52,16.73,Returning Customer
106746,2025-08-12,North,Apparel,1,51.82,17.63,New Customer
106747,2025-08-12,North,Apparel,1,49.72,15.65,VIP
106748,2025-08-12,East,Sports & Outdoors,2,140.25,47.81,New Customer
106749,2025-08-12,West,Home & Kitchen,1,43.66,11.73,VIP
106750,2025-08-12,South,Home & Kitchen,2,131.94,33.1,Returning Customer
106751,2025-08-12,West,Electronics,2,446.06,86.65,New Customer
106752,2025-08-12,North,Apparel,1,48.26,17.64,Returning Customer
106753,2025-08-12,South,Home & Kitchen,2,75.76,22.57,New Customer
106754,2025-08-12,West,Beauty,2,54.12,20.61,Returning Customer
106755,2025-08-12,North,Sports & Outdoors,2,114.62,36.73,Returning Customer
106756,2025-08-12,South,Beauty,2,70.54,32.27,Returning Customer
106757,2025-08-12,North,Beauty,1,32.71,14.76,New Customer
106758,2025-08-12,North,Electronics,2,388.85,69.32,VIP
106759,2025-08-12,South,Beauty,1,27.05,12.32,Returning Customer
106760,2025-08-13,North,Apparel,1,58.25,20.35,Returning Customer
106761,2025-08-13,West,Home & Kitchen,2,196.76,55.09,New Customer
106762,2025-08-13,West,Apparel,1,42.1,15.99,New Customer
106763,2025-08-13,East,Beauty,1,33.66,14.07,VIP
106764,2025-08-13,North,Beauty,2,54.67,21.43,Returning Customer
106765,2025-08-13,West,Beauty,1,21.39,8.48,Returning Customer
106766,2025-08-13,West,Beauty,1,29.3,12.33,New Customer
106767,2025-08-13,East,Electronics,1,113.96,17.53,New Customer
106768,2025-08-13,East,Electronics,1,198.8,40.23,New Customer
106769,2025-08-13,North,Sports & Outdoors,1,49.91,14.78,New Customer
106770,2025-08-13,East,Apparel,2,49.04,17.9,Returning Customer
106771,2025-08-13,West,Electronics,2,290.78,36.3,New Customer
106772,2025-08-13,South,Home & Kitchen,2,110.32,32.4,New Customer
106773,2025-08-13,East,Electronics,1,227.41,48.42,New Customer
106774,2025-08-13,East,Electronics,1,193.2,33.22,Returning Customer
106775,2025-08-13,North,Home & Kitchen,2,142.09,41.32,VIP
106776,2025-08-13,North,Sports & Outdoors,1,59.31,18.4,New Customer
106777,2025-08-13,East,Apparel,2,95.46,29.69,New Customer
106778,2025-08-13,West,Electronics,1,211.77,40.1,New Customer
106779,2025-08-13,North,Home & Kitchen,1,47.97,13.39,Returning Customer
106780,2025-08-13,North,Home & Kitchen,2,109.89,26.45,New Customer
106781,2025-08-13,South,Beauty,1,29.19,12.47,VIP
106782,2025-08-13,West,Electronics,1,193.22,41.6,Returning Customer
106783,2025-08-13,North,Home & Kitchen,2,94.12,25.23,VIP
106784,2025-08-13,West,Beauty,2,41.35,18.57,VIP
106785,2025-08-13,East,Apparel,1,52.45,17.64,Returning Customer
106786,2025-08-13,West,Home & Kitchen,1,102.73,23.84,Returning Customer
106787,2025-08-13,West,Apparel,1,51.66,17.81,New Customer
106788,2025-08-13,South,Apparel,1,76.02,28.16,New Customer
106789,2025-08-14,East,Home & Kitchen,1,77.83,22.29,New Customer
106790,2025-08-14,East,Home & Kitchen,2,141.72,35.42,New Customer
106791,2025-08-14,North,Home & Kitchen,1,43.85,12.98,New Customer
106792,2025-08-14,South,Beauty,1,35.55,16.56,New Customer
106793,2025-08-14,East,Home & Kitchen,2,150.01,40.26,VIP
106794,2025-08-14,South,Home & Kitchen,2,119.83,34.75,New Customer
106795,2025-08-14,East,Beauty,2,60.81,23.6,New Customer
106796,2025-08-14,South,Beauty,2,55.91,25.84,New Customer
106797,2025-08-14,West,Electronics,1,177.58,34.0,Returning Customer
106798,2025-08-14,West,Electronics,2,241.63,34.37,Returning Customer
106799,2025-08-14,East,Apparel,2,86.58,28.38,Returning Customer
106800,2025-08-14,East,Electronics,2,459.78,62.78,VIP
106801,2025-08-14,West,Home & Kitchen,1,61.29,15.84,Returning Customer
106802,2025-08-14,South,Home & Kitchen,2,68.67,18.64,Returning Customer
106803,2025-08-14,East,Electronics,2,465.25,59.06,Returning Customer
106804,2025-08-14,West,Electronics,2,270.76,44.4,Returning Customer
106805,2025-08-14,East,Apparel,2,74.07,27.55,New Customer
106806,2025-08-14,East,Beauty,1,37.33,15.24,VIP
106807,2025-08-14,East,Beauty,2,65.46,29.85,New Customer
106808,2025-08-14,West,Electronics,2,323.69,70.21,Returning Customer
106809,2025-08-14,East,Electronics,2,492.33,83.18,VIP
106810,2025-08-14,North,Sports & Outdoors,3,173.86,57.5,New Customer
106811,2025-08-14,West,Electronics,2,334.41,70.73,Returning Customer
106812,2025-08-14,South,Apparel,2,34.55,12.23,Returning Customer
106813,2025-08-14,South,Electronics,1,240.0,50.65,New Customer
106814,2025-08-14,South,Apparel,1,23.12,8.14,Returning Customer
106815,2025-08-15,East,Electronics,2,307.81,59.48,VIP
106816,2025-08-15,South,Sports & Outdoors,2,118.46,37.8,New Customer
106817,2025-08-15,West,Beauty,2,61.14,24.86,New Customer
106818,2025-08-15,South,Apparel,2,79.71,30.6,Returning Customer
106819,2025-08-15,South,Apparel,2,101.85,34.05,Returning Customer
106820,2025-08-15,West,Apparel,1,39.34,12.72,New Customer
106821,2025-08-15,West,Electronics,2,436.08,79.9,New Customer
106822,2025-08-15,East,Beauty,1,14.98,6.19,Returning Customer
106823,2025-08-15,North,Electronics,2,352.09,62.59,New Customer
106824,2025-08-15,South,Beauty,1,32.16,14.52,New Customer
106825,2025-08-15,South,Home & Kitchen,2,129.18,34.07,New Customer
106826,2025-08-15,East,Electronics,1,157.27,31.57,New Customer
106827,2025-08-15,South,Beauty,1,49.83,17.9,Returning Customer
106828,2025-08-15,East,Electronics,2,224.7,40.77,Returning Customer
106829,2025-08-15,South,Electronics,1,141.96,23.15,New Customer
106830,2025-08-15,East,Home & Kitchen,1,68.66,19.05,Returning Customer
106831,2025-08-15,North,Apparel,1,26.17,10.02,Returning Customer
106832,2025-08-15,West,Apparel,2,79.7,30.21,Returning Customer
106833,2025-08-15,West,Apparel,1,47.52,15.76,VIP
106834,2025-08-15,North,Electronics,1,79.5,17.06,Returning Customer
106835,2025-08-15,West,Electronics,2,237.82,44.21,New Customer
106836,2025-08-15,West,Home & Kitchen,2,77.63,22.85,Returning Customer
106837,2025-08-15,East,Beauty,1,34.58,14.63,Returning Customer
106838,2025-08-15,East,Electronics,2,327.93,51.73,VIP
106839,2025-08-15,South,Apparel,2,93.46,30.61,Returning Customer
106840,2025-08-15,West,Electronics,2,348.81,77.99,New Customer
106841,2025-08-15,South,Electronics,2,456.73,82.24,Returning Customer
106842,2025-08-15,North,Sports & Outdoors,1,62.1,19.5,Returning Customer
106843,2025-08-15,East,Home & Kitchen,1,55.83,17.59,VIP
106844,2025-08-15,North,Sports & Outdoors,3,203.97,63.65,Returning Customer
106845,2025-08-16,West,Apparel,1,32.24,10.21,New Customer
106846,2025-08-16,East,Home & Kitchen,2,132.32,36.72,VIP
106847,2025-08-16,South,Electronics,2,331.92,41.82,New Customer
106848,2025-08-16,East,Apparel,2,100.36,33.28,New Customer
106849,2025-08-16,East,Electronics,1,151.73,18.54,New Customer
106850,2025-08-16,East,Electronics,1,177.21,24.02,New Customer
106851,2025-08-16,East,Apparel,2,78.87,26.92,Returning Customer
106852,2025-08-16,East,Electronics,1,143.95,27.81,VIP
106853,2025-08-16,North,Home & Kitchen,2,110.98,34.25,New Customer
106854,2025-08-16,North,Home & Kitchen,2,159.06,45.85,New Customer
106855,2025-08-16,South,Apparel,2,83.25,28.39,Returning Customer
106856,2025-08-16,West,Sports & Outdoors,3,143.58,46.1,New Customer
106857,2025-08-16,North,Electronics,2,377.64,79.07,VIP
106858,2025-08-16,North,Electronics,1,137.25,26.45,New Customer
106859,2025-08-16,East,Apparel,2,123.72,42.64,Returning Customer
106860,2025-08-16,West,Home & Kitchen,2,160.98,35.09,Returning Customer
106861,2025-08-16,East,Home & Kitchen,2,126.99,32.4,Returning Customer
106862,2025-08-16,South,Apparel,2,123.68,47.88,Returning Customer
106863,2025-08-16,North,Apparel,1,51.97,20.44,Returning Customer
106864,2025-08-16,West,Home & Kitchen,1,80.96,20.8,Returning Customer
106865,2025-08-16,West,Beauty,1,19.88,8.1,VIP
106866,2025-08-16,East,Home & Kitchen,2,103.12,30.69,VIP
106867,2025-08-16,South,Apparel,2,93.1,31.68,New Customer
106868,2025-08-16,West,Home & Kitchen,1,70.33,19.19,New Customer
106869,2025-08-16,East,Home & Kitchen,1,76.13,23.74,New Customer
106870,2025-08-16,East,Sports & Outdoors,2,127.36,38.57,VIP
106871,2025-08-16,North,Electronics,1,155.09,28.66,New Customer
106872,2025-08-17,North,Home & Kitchen,2,138.03,51.08,New Customer
106873,2025-08-17,North,Apparel,1,40.76,14.66,Returning Customer
106874,2025-08-17,East,Electronics,1,213.89,37.58,New Customer
106875,2025-08-17,South,Beauty,2,41.7,18.31,New Customer
106876,2025-08-17,East,Beauty,1,34.5,14.61,Returning Customer
106877,2025-08-17,North,Electronics,2,286.35,49.81,Returning Customer
106878,2025-08-17,North,Apparel,1,27.36,9.44,New Customer
106879,2025-08-17,South,Electronics,2,211.25,43.89,Returning Customer
106880,2025-08-17,South,Electronics,2,331.56,70.5,Returning Customer
106881,2025-08-17,East,Electronics,2,459.89,81.47,New Customer
106882,2025-08-17,South,Home & Kitchen,2,156.38,41.02,New Customer
106883,2025-08-17,North,Apparel,1,36.84,12.64,Returning Customer
106884,2025-08-17,South,Electronics,1,195.86,38.0,VIP
106885,2025-08-17,South,Beauty,1,19.84,7.53,VIP
106886,2025-08-17,East,Sports & Outdoors,1,47.86,14.73,VIP
106887,2025-08-17,East,Home & Kitchen,2,154.99,50.45,New Customer
106888,2025-08-17,East,Electronics,1,209.39,42.99,Returning Customer
106889,2025-08-17,North,Electronics,2,464.88,76.29,New Customer
106890,2025-08-17,East,Home & Kitchen,2,156.92,41.8,New Customer
106891,2025-08-17,South,Home & Kitchen,1,39.46,9.65,VIP
106892,2025-08-17,South,Apparel,2,105.31,36.07,New Customer
106893,2025-08-17,East,Apparel,1,54.63,20.94,Returning Customer
106894,2025-08-17,North,Home & Kitchen,2,98.0,26.38,Returning Customer
106895,2025-08-17,West,Apparel,2,95.26,35.23,New Customer
106896,2025-08-17,East,Apparel,2,79.48,29.85,Returning Customer
106897,2025-08-17,West,Sports & Outdoors,1,69.08,18.37,Returning Customer
106898,2025-08-17,East,Electronics,2,403.02,59.55,Returning Customer
106899,2025-08-17,North,Apparel,1,57.73,20.84,Returning Customer
106900,2025-08-17,West,Home & Kitchen,2,185.71,62.84,Returning Customer
106901,2025-08-17,West,Electronics,1,155.0,25.53,New Customer
106902,2025-08-17,North,Home & Kitchen,2,206.23,57.08,New Customer
106903,2025-08-17,East,Electronics,1,250.11,44.04,Returning Customer
106904,2025-08-17,West,Electronics,1,213.24,38.55,VIP
106905,2025-08-17,East,Beauty,1,29.15,12.25,New Customer
106906,2025-08-17,North,Apparel,2,77.18,28.46,Returning Customer
106907,2025-08-17,East,Home & Kitchen,2,101.89,27.66,VIP
106908,2025-08-17,East,Electronics,1,196.41,32.25,Returning Customer
106909,2025-08-17,South,Electronics,1,264.58,61.13,Returning Customer
106910,2025-08-17,North,Beauty,2,37.15,16.78,New Customer
106911,2025-08-17,West,Sports & Outdoors,1,59.93,17.79,New Customer
106912,2025-08-17,North,Sports & Outdoors,1,58.35,19.18,Returning Customer
106913,2025-08-17,West,Home & Kitchen,1,62.14,18.6,New Customer
106914,2025-08-17,North,Apparel,2,82.52,29.55,New Customer
106915,2025-08-17,East,Beauty,2,73.05,35.9,Returning Customer
106916,2025-08-17,South,Electronics,2,442.96,90.22,Returning Customer
106917,2025-08-18,North,Home & Kitchen,1,73.64,21.77,Returning Customer
106918,2025-08-18,West,Beauty,2,38.36,15.8,VIP
106919,2025-08-18,South,Electronics,1,138.54,28.45,VIP
106920,2025-08-18,North,Sports & Outdoors,3,149.82,39.99,Returning Customer
106921,2025-08-18,South,Home & Kitchen,2,112.42,30.28,Returning Customer
106922,2025-08-18,South,Home & Kitchen,2,148.52,45.27,Returning Customer
106923,2025-08-18,South,Home & Kitchen,1,55.61,14.91,Returning Customer
106924,2025-08-18,West,Beauty,1,28.75,12.66,Returning Customer
106925,2025-08-18,North,Apparel,1,42.43,15.37,VIP
106926,2025-08-18,North,Apparel,2,53.67,17.11,New Customer
106927,2025-08-18,North,Sports & Outdoors,1,16.96,5.32,New Customer
106928,2025-08-18,East,Electronics,1,129.3,26.17,VIP
106929,2025-08-18,East,Apparel,1,31.43,11.27,Returning Customer
106930,2025-08-18,South,Home & Kitchen,1,73.46,18.99,New Customer
106931,2025-08-18,South,Home & Kitchen,2,109.31,33.55,New Customer
106932,2025-08-18,East,Electronics,1,221.27,38.29,VIP
106933,2025-08-18,East,Sports & Outdoors,1,26.46,7.74,Returning Customer
106934,2025-08-18,East,Electronics,1,204.61,33.26,Returning Customer
106935,2025-08-18,South,Sports & Outdoors,1,50.36,17.22,VIP
106936,2025-08-18,North,Home & Kitchen,2,125.26,38.05,New Customer
106937,2025-08-18,East,Electronics,1,126.51,26.42,VIP
106938,2025-08-18,West,Home & Kitchen,2,198.66,54.17,Returning Customer
106939,2025-08-18,South,Sports & Outdoors,3,195.52,58.19,VIP
106940,2025-08-18,South,Sports & Outdoors,1,48.14,13.35,Returning Customer
106941,2025-08-18,North,Apparel,2,101.14,34.83,New Customer
106942,2025-08-18,West,Electronics,2,317.42,56.15,New Customer
106943,2025-08-18,East,Home & Kitchen,1,61.41,14.26,Returning Customer
106944,2025-08-18,West,Apparel,1,38.37,13.32,Returning Customer
106945,2025-08-18,South,Sports & Outdoors,2,71.86,19.79,New Customer
106946,2025-08-19,South,Sports & Outdoors,1,49.38,17.49,Returning Customer
106947,2025-08-19,West,Sports & Outdoors,3,137.22,45.0,New Customer
106948,2025-08-19,West,Electronics,1,139.45,26.05,Returning Customer
106949,2025-08-19,South,Electronics,1,155.89,29.91,Returning Customer
106950,2025-08-19,South,Apparel,1,53.93,15.33,Returning Customer
106951,2025-08-19,North,Apparel,1,34.33,10.21,Returning Customer
106952,2025-08-19,West,Apparel,1,52.4,17.7,Returning Customer
106953,2025-08-19,South,Apparel,1,73.92,27.6,VIP
106954,2025-08-19,North,Apparel,2,92.54,34.83,Returning Customer
106955,2025-08-19,East,Electronics,1,144.94,22.07,New Customer
106956,2025-08-19,South,Beauty,2,65.58,28.25,Returning Customer
106957,2025-08-19,East,Apparel,1,47.33,17.53,Returning Customer
106958,2025-08-19,North,Electronics,2,409.93,84.64,VIP
106959,2025-08-19,South,Beauty,1,11.54,4.41,Returning Customer
106960,2025-08-19,South,Home & Kitchen,1,67.55,20.15,Returning Customer
106961,2025-08-19,East,Home & Kitchen,1,71.94,21.41,New Customer
106962,2025-08-19,East,Electronics,1,162.11,30.51,VIP
106963,2025-08-19,North,Home & Kitchen,2,95.58,24.57,Returning Customer
106964,2025-08-19,North,Electronics,1,228.77,26.27,Returning Customer
106965,2025-08-19,West,Apparel,1,41.12,16.02,VIP
106966,2025-08-19,South,Electronics,1,74.96,14.21,Returning Customer
106967,2025-08-19,West,Beauty,1,40.35,17.12,New Customer
106968,2025-08-19,East,Home & Kitchen,1,57.24,17.06,Returning Customer
106969,2025-08-19,East,Sports & Outdoors,1,58.44,14.27,Returning Customer
106970,2025-08-20,West,Home & Kitchen,1,82.1,19.05,Returning Customer
106971,2025-08-20,South,Apparel,1,47.95,16.51,VIP
106972,2025-08-20,South,Electronics,1,186.82,37.26,Returning Customer
106973,2025-08-20,East,Beauty,1,25.69,10.15,New Customer
106974,2025-08-20,East,Apparel,1,51.59,17.52,VIP
106975,2025-08-20,North,Apparel,1,35.97,12.9,New Customer
106976,2025-08-20,East,Electronics,1,161.79,26.2,Returning Customer
106977,2025-08-20,South,Home & Kitchen,1,78.14,22.31,Returning Customer
106978,2025-08-20,North,Apparel,2,78.38,28.47,New Customer
106979,2025-08-20,North,Electronics,1,179.23,29.75,New Customer
106980,2025-08-20,West,Apparel,2,75.44,25.23,New Customer
106981,2025-08-20,South,Beauty,1,27.69,11.68,Returning Customer
106982,2025-08-20,South,Apparel,1,43.16,14.43,Returning Customer
106983,2025-08-20,West,Beauty,2,75.33,31.54,New Customer
106984,2025-08-20,West,Beauty,1,27.31,12.39,Returning Customer
106985,2025-08-20,East,Electronics,1,142.95,28.2,New Customer
106986,2025-08-20,West,Sports & Outdoors,1,87.3,18.45,Returning Customer
106987,2025-08-20,East,Home & Kitchen,1,80.91,24.54,Returning Customer
106988,2025-08-20,East,Electronics,2,645.75,125.98,New Customer
106989,2025-08-20,West,Home & Kitchen,2,144.79,39.59,Returning Customer
106990,2025-08-20,South,Electronics,1,241.92,53.38,New Customer
106991,2025-08-20,East,Home & Kitchen,1,77.6,23.42,Returning Customer
106992,2025-08-20,East,Home & Kitchen,2,63.08,18.41,Returning Customer
106993,2025-08-20,East,Electronics,2,388.74,53.28,New Customer
106994,2025-08-20,North,Beauty,1,32.44,13.51,New Customer
106995,2025-08-21,North,Electronics,2,297.32,43.11,New Customer
106996,2025-08-21,South,Apparel,2,88.81,29.68,Returning Customer
106997,2025-08-21,East,Apparel,1,35.76,12.39,New Customer
106998,2025-08-21,East,Apparel,2,71.86,28.82,VIP
106999,2025-08-21,East,Electronics,2,362.21,66.01,New Customer
107000,2025-08-21,East,Apparel,1,48.49,15.8,New Customer
107001,2025-08-21,East,Beauty,1,28.19,12.92,New Customer
107002,2025-08-21,North,Sports & Outdoors,1,55.7,19.11,New Customer
107003,2025-08-21,West,Beauty,2,52.66,19.58,Returning Customer
107004,2025-08-21,East,Sports & Outdoors,1,38.37,12.35,New Customer
107005,2025-08-21,East,Home & Kitchen,2,80.5,20.41,Returning Customer
107006,2025-08-21,South,Apparel,2,80.73,26.79,New Customer
107007,2025-08-21,East,Electronics,2,359.18,66.65,Returning Customer
107008,2025-08-21,East,Home & Kitchen,2,170.25,38.95,New Customer
107009,2025-08-21,South,Sports & Outdoors,1,42.62,15.38,New Customer
107010,2025-08-21,North,Sports & Outdoors,2,123.78,40.3,Returning Customer
107011,2025-08-21,East,Home & Kitchen,1,94.03,25.18,New Customer
107012,2025-08-21,South,Home & Kitchen,2,74.31,22.84,New Customer
107013,2025-08-21,North,Sports & Outdoors,1,37.1,11.25,VIP
107014,2025-08-21,West,Apparel,2,75.87,25.29,New Customer
107015,2025-08-21,East,Electronics,1,129.48,18.44,Returning Customer
107016,2025-08-21,North,Electronics,2,489.4,102.46,VIP
107017,2025-08-21,West,Apparel,2,77.12,25.75,Returning Customer
107018,2025-08-21,North,Apparel,2,110.07,38.09,VIP
107019,2025-08-21,West,Home & Kitchen,2,151.26,38.86,New Customer
107020,2025-08-21,East,Apparel,2,55.51,18.0,New Customer
107021,2025-08-21,South,Sports & Outdoors,3,255.68,64.96,VIP
107022,2025-08-21,North,Sports & Outdoors,1,52.21,14.52,New Customer
107023,2025-08-22,East,Home & Kitchen,1,48.98,12.32,VIP
107024,2025-08-22,West,Beauty,1,24.5,10.58,Returning Customer
107025,2025-08-22,East,Home & Kitchen,2,82.1,23.94,Returning Customer
107026,2025-08-22,East,Home & Kitchen,2,97.23,21.95,New Customer
107027,2025-08-22,West,Home & Kitchen,1,93.28,26.58,VIP
107028,2025-08-22,South,Apparel,1,39.14,13.43,New Customer
107029,2025-08-22,North,Electronics,1,178.38,34.32,VIP
107030,2025-08-22,West,Apparel,2,79.11,27.5,New Customer
107031,2025-08-22,North,Electronics,1,186.38,41.32,New Customer
107032,2025-08-22,East,Apparel,1,50.63,18.61,New Customer
107033,2025-08-22,West,Electronics,2,267.39,42.54,VIP
107034,2025-08-22,North,Electronics,1,117.26,23.1,Returning Customer
107035,2025-08-22,North,Electronics,1,170.84,32.77,Returning Customer
107036,2025-08-22,South,Home & Kitchen,2,119.66,33.64,Returning Customer
107037,2025-08-22,West,Home & Kitchen,2,148.3,41.71,New Customer
107038,2025-08-22,East,Apparel,1,47.21,16.11,New Customer
107039,2025-08-22,North,Electronics,2,354.03,60.88,Returning Customer
107040,2025-08-22,North,Electronics,2,277.63,41.71,Returning Customer
107041,2025-08-22,East,Electronics,2,414.58,57.71,VIP
107042,2025-08-22,North,Electronics,2,387.61,59.36,New Customer
107043,2025-08-22,South,Apparel,1,43.04,16.58,New Customer
107044,2025-08-22,West,Home & Kitchen,2,113.72,32.06,New Customer
107045,2025-08-22,West,Apparel,1,24.7,8.44,Returning Customer
107046,2025-08-22,North,Apparel,1,47.06,18.13,Returning Customer
107047,2025-08-22,West,Electronics,1,222.72,32.42,New Customer
107048,2025-08-22,South,Beauty,1,18.88,7.47,Returning Customer
107049,2025-08-22,East,Apparel,1,57.12,21.41,VIP
107050,2025-08-22,South,Electronics,2,406.99,61.65,Returning Customer
107051,2025-08-22,West,Apparel,1,62.69,18.26,Returning Customer
107052,2025-08-23,North,Home & Kitchen,1,58.73,13.4,New Customer
107053,2025-08-23,East,Sports & Outdoors,1,57.76,17.69,Returning Customer
107054,2025-08-23,South,Electronics,1,202.66,42.3,New Customer
107055,2025-08-23,East,Apparel,2,98.89,33.98,New Customer
107056,2025-08-23,North,Electronics,2,334.75,47.51,VIP
107057,2025-08-23,West,Home & Kitchen,2,98.2,22.79,Returning Customer
107058,2025-08-23,North,Apparel,2,77.62,28.2,VIP
107059,2025-08-23,East,Beauty,1,39.9,16.82,VIP
107060,2025-08-23,North,Electronics,2,309.0,50.47,VIP
107061,2025-08-23,North,Home & Kitchen,1,72.23,21.11,New Customer
107062,2025-08-23,East,Electronics,2,279.12,48.45,VIP
107063,2025-08-23,North,Apparel,1,43.43,12.86,Returning Customer
107064,2025-08-23,North,Sports & Outdoors,2,115.66,32.82,New Customer
107065,2025-08-23,West,Electronics,2,297.66,44.9,VIP
107066,2025-08-23,North,Sports & Outdoors,1,39.12,10.94,VIP
107067,2025-08-23,North,Apparel,1,36.85,16.19,Returning Customer
107068,2025-08-23,North,Beauty,2,86.38,35.81,VIP
107069,2025-08-23,West,Apparel,1,57.0,20.8,Returning Customer
107070,2025-08-23,South,Beauty,1,25.14,11.43,New Customer
107071,2025-08-23,North,Apparel,2,79.54,31.29,New Customer
107072,2025-08-23,North,Sports & Outdoors,3,188.02,53.63,New Customer
107073,2025-08-23,North,Sports & Outdoors,3,98.25,34.75,New Customer
107074,2025-08-23,East,Apparel,2,59.07,17.92,Returning Customer
107075,2025-08-23,East,Beauty,2,52.16,18.7,New Customer
107076,2025-08-23,South,Beauty,1,35.99,16.2,Returning Customer
107077,2025-08-23,East,Apparel,2,96.58,37.94,VIP
107078,2025-08-23,North,Electronics,2,238.22,38.45,Returning Customer
107079,2025-08-23,West,Sports & Outdoors,2,63.02,19.44,Returning Customer
107080,2025-08-23,North,Electronics,2,340.67,49.51,New Customer
107081,2025-08-23,South,Beauty,1,28.49,11.19,Returning Customer
107082,2025-08-23,West,Beauty,2,65.15,29.32,Returning Customer
107083,2025-08-23,North,Sports & Outdoors,1,78.82,25.11,New Customer
107084,2025-08-23,East,Electronics,1,84.28,19.9,New Customer
107085,2025-08-23,West,Apparel,1,52.01,17.25,New Customer
107086,2025-08-23,South,Sports & Outdoors,3,125.03,36.55,Returning Customer
107087,2025-08-23,East,Electronics,2,336.98,67.69,New Customer
107088,2025-08-23,East,Beauty,2,76.54,31.75,New Customer
107089,2025-08-23,North,Home & Kitchen,2,43.07,13.7,New Customer
107090,2025-08-23,East,Electronics,1,197.34,31.11,New Customer
107091,2025-08-23,South,Home & Kitchen,2,55.19,15.55,Returning Customer
107092,2025-08-23,South,Beauty,2,29.8,11.86,Returning Customer
107093,2025-08-24,West,Apparel,1,41.39,15.84,Returning Customer
107094,2025-08-24,South,Beauty,2,65.09,24.3,New Customer
107095,2025-08-24,West,Apparel,1,32.7,10.45,Returning Customer
107096,2025-08-24,West,Sports & Outdoors,3,227.23,73.1,New Customer
107097,2025-08-24,South,Electronics,2,372.19,93.17,New Customer
107098,2025-08-24,East,Electronics,2,389.99,81.48,New Customer
107099,2025-08-24,West,Beauty,2,55.23,20.89,New Customer
107100,2025-08-24,East,Electronics,1,162.65,24.07,New Customer
107101,2025-08-24,East,Electronics,1,155.13,27.01,Returning Customer
107102,2025-08-24,East,Home & Kitchen,1,77.55,21.65,Returning Customer
107103,2025-08-24,South,Home & Kitchen,2,104.16,33.59,Returning Customer
107104,2025-08-24,West,Electronics,1,192.32,25.84,New Customer
107105,2025-08-24,South,Sports & Outdoors,2,114.77,38.82,Returning Customer
107106,2025-08-24,South,Electronics,1,197.26,38.33,New Customer
107107,2025-08-24,North,Home & Kitchen,2,165.68,47.92,New Customer
107108,2025-08-24,North,Home & Kitchen,1,97.79,25.55,New Customer
107109,2025-08-24,East,Electronics,2,271.87,46.52,Returning Customer
107110,2025-08-24,East,Electronics,2,342.3,71.01,Returning Customer
107111,2025-08-24,North,Sports & Outdoors,3,187.44,60.41,VIP
107112,2025-08-24,South,Apparel,2,82.75,28.76,Returning Customer
107113,2025-08-24,South,Home & Kitchen,1,49.78,9.42,Returning Customer
107114,2025-08-24,West,Sports & Outdoors,2,105.04,37.29,New Customer
107115,2025-08-24,North,Electronics,1,206.88,44.59,New Customer
107116,2025-08-24,West,Apparel,2,76.54,31.39,New Customer
107117,2025-08-24,West,Apparel,1,36.63,13.35,Returning Customer
107118,2025-08-24,North,Apparel,2,96.22,33.07,New Customer
107119,2025-08-24,North,Apparel,1,42.24,15.15,New Customer
107120,2025-08-24,North,Apparel,1,51.45,17.1,VIP
107121,2025-08-24,North,Home & Kitchen,1,40.22,11.27,New Customer
107122,2025-08-24,East,Apparel,1,44.81,15.25,New Customer
107123,2025-08-24,West,Electronics,2,334.59,59.29,New Customer
107124,2025-08-24,South,Electronics,1,246.08,44.9,New Customer
107125,2025-08-24,West,Home & Kitchen,1,68.17,18.73,New Customer
107126,2025-08-24,North,Sports & Outdoors,2,121.66,33.9,New Customer
107127,2025-08-24,South,Electronics,1,160.96,28.55,Returning Customer
107128,2025-08-24,North,Electronics,1,152.4,21.55,New Customer
107129,2025-08-24,North,Home & Kitchen,2,124.57,34.68,Returning Customer
107130,2025-08-24,East,Electronics,1,100.84,20.6,Returning Customer
107131,2025-08-24,East,Beauty,2,62.48,25.4,Returning Customer
107132,2025-08-25,East,Apparel,1,41.32,13.85,VIP
107133,2025-08-25,East,Home & Kitchen,2,121.26,33.6,New Customer
107134,2025-08-25,North,Apparel,2,78.31,29.9,Returning Customer
107135,2025-08-25,East,Apparel,2,59.49,20.64,New Customer
107136,2025-08-25,North,Electronics,2,302.8,56.66,Returning Customer
107137,2025-08-25,West,Apparel,2,74.56,25.27,New Customer
107138,2025-08-25,East,Home & Kitchen,2,85.86,26.35,Returning Customer
107139,2025-08-25,East,Beauty,1,22.07,8.77,New Customer
107140,2025-08-25,West,Apparel,1,45.62,18.61,VIP
107141,2025-08-25,East,Beauty,1,32.76,12.16,Returning Customer
107142,2025-08-25,North,Apparel,2,115.56,37.27,Returning Customer
107143,2025-08-25,North,Beauty,2,72.68,32.31,New Customer
107144,2025-08-25,East,Beauty,1,43.1,20.06,Returning Customer
107145,2025-08-25,West,Apparel,1,47.24,15.61,Returning Customer
107146,2025-08-25,North,Sports & Outdoors,3,166.34,56.59,New Customer
107147,2025-08-25,South,Beauty,2,62.05,24.33,VIP
107148,2025-08-25,South,Electronics,1,193.53,26.96,New Customer
107149,2025-08-25,North,Electronics,2,336.9,64.85,Returning Customer
107150,2025-08-25,West,Sports & Outdoors,3,183.34,53.42,New Customer
107151,2025-08-25,East,Apparel,2,68.36,23.47,New Customer
107152,2025-08-25,East,Beauty,2,45.56,19.19,New Customer
107153,2025-08-25,North,Electronics,1,189.9,26.28,Returning Customer
107154,2025-08-25,South,Home & Kitchen,2,137.2,33.51,Returning Customer
107155,2025-08-25,South,Home & Kitchen,2,111.47,36.56,Returning Customer
107156,2025-08-25,West,Apparel,1,44.76,16.75,VIP
107157,2025-08-25,East,Apparel,2,67.33,19.86,New Customer
107158,2025-08-25,North,Electronics,2,450.94,76.58,Returning Customer
107159,2025-08-25,North,Beauty,1,25.57,10.54,Returning Customer
107160,2025-08-25,North,Electronics,2,374.36,83.41,Returning Customer
107161,2025-08-25,West,Beauty,1,28.09,11.99,Returning Customer
107162,2025-08-25,West,Apparel,2,102.01,35.36,Returning Customer
107163,2025-08-25,North,Apparel,2,73.63,24.4,Returning Customer
107164,2025-08-25,North,Apparel,2,85.15,36.39,New Customer
107165,2025-08-25,North,Sports & Outdoors,2,137.5,37.61,Returning Customer
107166,2025-08-25,East,Beauty,1,25.81,9.63,New Customer
107167,2025-08-25,East,Apparel,2,69.98,26.1,Returning Customer
107168,2025-08-25,East,Sports & Outdoors,3,98.06,26.3,Returning Customer
107169,2025-08-25,West,Electronics,1,271.75,50.28,VIP
107170,2025-08-25,East,Beauty,1,18.73,8.25,New Customer
107171,2025-08-25,North,Electronics,1,242.84,48.87,Returning Customer
107172,2025-08-25,East,Sports & Outdoors,3,190.96,48.14,Returning Customer
107173,2025-08-25,East,Electronics,2,334.19,42.79,Returning Customer
107174,2025-08-25,West,Electronics,2,479.69,96.97,Returning Customer
107175,2025-08-25,East,Electronics,1,212.83,39.05,VIP
107176,2025-08-25,South,Apparel,1,44.42,14.51,New Customer
107177,2025-08-26,East,Home & Kitchen,2,131.88,41.48,Returning Customer
107178,2025-08-26,South,Electronics,1,192.02,28.4,Returning Customer
107179,2025-08-26,North,Electronics,2,196.33,42.88,New Customer
107180,2025-08-26,West,Electronics,1,161.42,37.36,VIP
107181,2025-08-26,East,Sports & Outdoors,1,22.16,5.4,New Customer
107182,2025-08-26,East,Apparel,1,52.59,18.7,VIP
107183,2025-08-26,North,Beauty,2,40.16,17.95,New Customer
107184,2025-08-26,East,Beauty,2,61.47,29.59,New Customer
107185,2025-08-26,South,Electronics,2,314.0,60.92,VIP
107186,2025-08-26,East,Electronics,1,247.73,47.74,Returning Customer
107187,2025-08-26,South,Electronics,1,172.45,19.91,New Customer
107188,2025-08-26,South,Beauty,2,30.42,13.78,VIP
107189,2025-08-26,South,Apparel,2,71.22,22.02,VIP
107190,2025-08-26,West,Home & Kitchen,2,92.54,22.7,Returning Customer
107191,2025-08-26,South,Beauty,2,58.77,21.95,New Customer
107192,2025-08-26,North,Apparel,1,41.54,14.46,New Customer
107193,2025-08-26,West,Apparel,1,39.24,12.58,VIP
107194,2025-08-26,West,Apparel,2,71.15,25.13,New Customer
107195,2025-08-26,North,Apparel,1,40.61,14.56,Returning Customer
107196,2025-08-26,North,Beauty,1,21.36,8.08,New Customer
107197,2025-08-26,West,Apparel,2,85.76,29.62,VIP
107198,2025-08-26,West,Apparel,2,110.02,40.73,New Customer
107199,2025-08-26,East,Apparel,2,116.88,42.13,Returning Customer
107200,2025-08-26,East,Sports & Outdoors,2,127.03,39.98,Returning Customer
107201,2025-08-26,East,Apparel,2,88.0,31.12,New Customer
107202,2025-08-26,North,Sports & Outdoors,3,168.03,50.43,VIP
107203,2025-08-26,North,Sports & Outdoors,3,238.52,85.97,Returning Customer
107204,2025-08-26,West,Electronics,2,378.76,55.98,Returning Customer
107205,2025-08-26,South,Apparel,2,133.52,43.25,Returning Customer
107206,2025-08-26,North,Sports & Outdoors,3,194.35,69.59,VIP
107207,2025-08-26,West,Sports & Outdoors,1,44.62,9.86,Returning Customer
107208,2025-08-26,South,Apparel,2,83.03,33.11,Returning Customer
107209,2025-08-26,West,Apparel,1,49.63,18.96,New Customer
107210,2025-08-26,East,Home & Kitchen,2,111.57,32.02,Returning Customer
107211,2025-08-26,South,Sports & Outdoors,2,101.74,32.31,VIP
107212,2025-08-26,South,Electronics,1,228.04,38.41,New Customer
107213,2025-08-26,West,Electronics,1,115.13,27.61,New Customer
107214,2025-08-26,East,Home & Kitchen,2,142.79,33.7,VIP
107215,2025-08-27,West,Apparel,2,83.81,26.54,New Customer
107216,2025-08-27,North,Beauty,1,34.92,13.07,New Customer
107217,2025-08-27,North,Apparel,1,32.63,11.59,New Customer
107218,2025-08-27,East,Electronics,1,229.27,46.08,New Customer
107219,2025-08-27,North,Apparel,2,76.13,24.24,New Customer
107220,2025-08-27,West,Beauty,2,61.87,24.01,New Customer
107221,2025-08-27,West,Electronics,1,118.73,27.12,Returning Customer
107222,2025-08-27,North,Electronics,1,112.58,22.4,New Customer
107223,2025-08-27,West,Beauty,2,76.79,31.21,Returning Customer
107224,2025-08-27,South,Home & Kitchen,1,84.26,23.11,New Customer
107225,2025-08-27,East,Electronics,1,183.3,36.41,VIP
107226,2025-08-27,East,Sports & Outdoors,3,140.13,47.05,VIP
107227,2025-08-27,North,Apparel,1,39.14,13.86,New Customer
107228,2025-08-27,South,Beauty,2,55.78,22.08,Returning Customer
107229,2025-08-27,South,Home & Kitchen,1,50.59,12.92,Returning Customer
107230,2025-08-27,North,Apparel,2,90.32,30.3,Returning Customer
107231,2025-08-27,South,Home & Kitchen,2,105.35,31.57,VIP
107232,2025-08-27,South,Electronics,1,211.65,27.82,VIP
107233,2025-08-27,North,Electronics,1,149.53,29.41,New Customer
107234,2025-08-27,South,Apparel,1,30.9,9.98,New Customer
107235,2025-08-27,South,Apparel,2,90.14,35.81,Returning Customer
107236,2025-08-27,East,Beauty,2,76.61,32.7,VIP
107237,2025-08-28,East,Home & Kitchen,1,88.87,24.06,New Customer
107238,2025-08-28,South,Electronics,1,174.43,30.75,Returning Customer
107239,2025-08-28,South,Apparel,1,57.79,20.21,Returning Customer
107240,2025-08-28,East,Apparel,2,83.93,30.83,New Customer
107241,2025-08-28,North,Apparel,2,115.67,43.8,New Customer
107242,2025-08-28,East,Sports & Outdoors,1,40.54,11.96,New Customer
107243,2025-08-28,North,Home & Kitchen,2,114.96,29.65,Returning Customer
107244,2025-08-28,West,Electronics,2,270.77,47.51,New Customer
107245,2025-08-28,North,Beauty,1,34.08,12.99,New Customer
107246,2025-08-28,West,Beauty,1,29.68,13.47,New Customer
107247,2025-08-28,South,Beauty,1,27.07,12.27,New Customer
107248,2025-08-28,North,Sports & Outdoors,2,143.13,48.06,Returning Customer
107249,2025-08-28,West,Home & Kitchen,2,144.56,36.5,New Customer
107250,2025-08-28,North,Electronics,1,251.97,38.86,VIP
107251,2025-08-28,East,Electronics,1,143.15,23.87,New Customer
107252,2025-08-28,East,Beauty,1,27.87,12.64,Returning Customer
107253,2025-08-28,South,Beauty,2,60.82,25.77,New Customer
107254,2025-08-28,East,Sports & Outdoors,2,124.24,34.9,Returning Customer
107255,2025-08-28,West,Apparel,1,63.47,22.75,New Customer
107256,2025-08-28,West,Electronics,2,317.43,42.54,New Customer
107257,2025-08-28,West,Electronics,2,493.18,99.07,VIP
107258,2025-08-28,North,Apparel,1,34.6,12.47,Returning Customer
107259,2025-08-28,West,Home & Kitchen,1,58.65,14.87,New Customer
107260,2025-08-28,North,Electronics,1,258.77,50.56,Returning Customer
107261,2025-08-29,East,Electronics,1,167.89,23.98,New Customer
107262,2025-08-29,South,Apparel,2,110.61,42.87,New Customer
107263,2025-08-29,South,Apparel,1,16.77,6.41,Returning Customer
107264,2025-08-29,West,Home & Kitchen,2,156.77,50.81,New Customer
107265,2025-08-29,South,Home & Kitchen,2,83.62,22.75,VIP
107266,2025-08-29,West,Beauty,2,50.72,24.15,New Customer
107267,2025-08-29,North,Apparel,2,108.16,38.63,New Customer
107268,2025-08-29,South,Apparel,1,50.13,19.6,New Customer
107269,2025-08-29,North,Apparel,1,49.34,16.61,VIP
107270,2025-08-29,West,Electronics,1,226.46,46.74,New Customer
107271,2025-08-29,North,Electronics,2,388.53,59.26,Returning Customer
107272,2025-08-29,North,Sports & Outdoors,1,47.69,13.81,Returning Customer
107273,2025-08-29,South,Beauty,2,62.37,23.35,New Customer
107274,2025-08-29,West,Electronics,1,237.74,51.23,New Customer
107275,2025-08-29,East,Home & Kitchen,1,65.73,20.88,New Customer
107276,2025-08-29,South,Electronics,1,262.04,40.75,Returning Customer
107277,2025-08-29,North,Apparel,1,52.96,17.72,New Customer
107278,2025-08-29,North,Beauty,2,66.96,25.9,Returning Customer
107279,2025-08-29,North,Sports & Outdoors,2,123.43,37.3,New Customer
107280,2025-08-29,North,Home & Kitchen,1,79.0,22.09,New Customer
107281,2025-08-29,East,Sports & Outdoors,3,159.58,42.58,VIP
107282,2025-08-29,East,Home & Kitchen,1,64.31,21.38,Returning Customer
107283,2025-08-29,West,Apparel,1,40.87,12.87,Returning Customer
107284,2025-08-29,North,Electronics,2,396.55,81.02,New Customer
107285,2025-08-29,East,Electronics,1,202.1,31.65,New Customer
107286,2025-08-29,North,Beauty,1,34.98,12.79,New Customer
107287,2025-08-29,East,Beauty,1,33.47,13.89,New Customer
107288,2025-08-29,North,Electronics,1,245.84,37.86,New Customer
107289,2025-08-29,South,Electronics,2,547.25,102.8,New Customer
107290,2025-08-29,East,Beauty,2,73.79,30.92,Returning Customer
107291,2025-08-29,East,Sports & Outdoors,3,162.03,49.13,Returning Customer
107292,2025-08-29,East,Home & Kitchen,2,170.81,51.82,New Customer
107293,2025-08-30,North,Home & Kitchen,1,71.86,20.78,New Customer
107294,2025-08-30,North,Beauty,1,23.7,10.01,Returning Customer
107295,2025-08-30,North,Apparel,1,48.22,16.89,New Customer
107296,2025-08-30,East,Home & Kitchen,2,126.56,42.09,Returning Customer
107297,2025-08-30,West,Apparel,2,82.35,31.42,New Customer
107298,2025-08-30,North,Apparel,2,73.33,26.52,Returning Customer
107299,2025-08-30,East,Sports & Outdoors,3,260.92,80.98,Returning Customer
107300,2025-08-30,South,Beauty,1,33.2,14.3,New Customer
107301,2025-08-30,South,Home & Kitchen,1,68.09,19.26,New Customer
107302,2025-08-30,North,Apparel,1,31.99,11.07,New Customer
107303,2025-08-30,East,Apparel,2,82.2,28.23,Returning Customer
107304,2025-08-30,South,Beauty,2,64.66,27.74,Returning Customer
107305,2025-08-30,East,Electronics,2,189.41,34.53,New Customer
107306,2025-08-30,East,Electronics,1,188.31,29.29,VIP
107307,2025-08-30,South,Home & Kitchen,1,68.82,17.12,VIP
107308,2025-08-30,North,Home & Kitchen,1,35.05,9.86,Returning Customer
107309,2025-08-30,South,Apparel,2,71.09,27.78,New Customer
107310,2025-08-30,East,Home & Kitchen,1,68.75,21.07,New Customer
107311,2025-08-30,East,Beauty,1,30.78,12.66,New Customer
107312,2025-08-30,West,Beauty,2,23.78,9.27,New Customer
107313,2025-08-30,South,Apparel,1,36.9,14.29,New Customer
107314,2025-08-30,North,Electronics,1,207.67,40.59,New Customer
107315,2025-08-30,East,Electronics,2,536.49,104.24,New Customer
107316,2025-08-31,South,Sports & Outdoors,1,66.22,16.18,Returning Customer
107317,2025-08-31,South,Beauty,2,80.13,33.57,Returning Customer
107318,2025-08-31,East,Sports & Outdoors,1,80.5,21.37,New Customer
107319,2025-08-31,East,Home & Kitchen,2,170.77,51.82,Returning Customer
107320,2025-08-31,South,Sports & Outdoors,2,46.24,13.92,VIP
107321,2025-08-31,West,Sports & Outdoors,2,114.95,35.18,Returning Customer
107322,2025-08-31,West,Beauty,2,61.1,26.91,New Customer
107323,2025-08-31,North,Home & Kitchen,2,176.87,49.94,New Customer
107324,2025-08-31,North,Home & Kitchen,2,80.96,25.97,Returning Customer
107325,2025-08-31,East,Electronics,1,120.31,17.26,New Customer
107326,2025-08-31,West,Home & Kitchen,2,127.08,32.34,Returning Customer
107327,2025-08-31,East,Electronics,2,185.13,31.13,Returning Customer
107328,2025-08-31,North,Beauty,2,70.6,28.38,VIP
107329,2025-08-31,North,Sports & Outdoors,2,90.71,28.94,Returning Customer
107330,2025-08-31,East,Beauty,2,43.74,20.64,VIP
107331,2025-08-31,North,Apparel,1,39.11,13.89,Returning Customer
107332,2025-08-31,West,Apparel,1,48.45,19.65,New Customer
107333,2025-08-31,South,Beauty,1,22.91,10.98,New Customer
107334,2025-08-31,South,Apparel,1,27.98,11.7,VIP
107335,2025-08-31,South,Electronics,1,183.94,30.88,Returning Customer
107336,2025-08-31,North,Home & Kitchen,1,80.32,22.44,VIP
107337,2025-08-31,West,Electronics,1,110.61,19.59,VIP
107338,2025-08-31,East,Apparel,1,29.45,9.56,New Customer
107339,2025-08-31,East,Apparel,1,46.63,17.05,New Customer
107340,2025-08-31,North,Beauty,1,25.7,10.41,VIP
107341,2025-08-31,West,Apparel,2,96.11,34.45,Returning Customer
107342,2025-08-31,West,Electronics,1,155.7,37.61,New Customer
107343,2025-08-31,East,Home & Kitchen,2,149.16,41.51,Returning Customer
107344,2025-08-31,North,Beauty,2,61.59,22.68,Returning Customer
107345,2025-08-31,East,Sports & Outdoors,2,93.87,27.57,New Customer
107346,2025-08-31,West,Home & Kitchen,1,63.11,17.37,New Customer
107347,2025-08-31,North,Electronics,1,201.36,34.53,Returning Customer
107348,2025-08-31,South,Home & Kitchen,1,55.9,15.45,New Customer
107349,2025-08-31,North,Apparel,1,48.69,18.92,Returning Customer
107350,2025-08-31,West,Beauty,2,41.56,18.2,Returning Customer
107351,2025-08-31,West,Beauty,2,59.55,22.69,Returning Customer
107352,2025-08-31,East,Electronics,1,130.37,18.15,New Customer
107353,2025-08-31,West,Apparel,1,32.92,11.21,New Customer
107354,2025-08-31,West,Sports & Outdoors,1,72.17,23.02,Returning Customer
107355,2025-08-31,West,Electronics,1,103.95,16.86,New Customer
107356,2025-08-31,North,Electronics,2,492.24,89.27,New Customer
107357,2025-08-31,East,Electronics,2,456.24,82.12,Returning Customer
107358,2025-09-01,West,Electronics,2,419.14,90.97,Returning Customer
107359,2025-09-01,West,Apparel,2,157.01,49.75,New Customer
107360,2025-09-01,West,Sports & Outdoors,2,114.55,34.38,New Customer
107361,2025-09-01,East,Electronics,2,395.44,55.56,New Customer
107362,2025-09-01,East,Electronics,2,308.53,61.4,New Customer
107363,2025-09-01,North,Electronics,1,184.58,26.84,VIP
107364,2025-09-01,North,Electronics,1,232.24,44.41,VIP
107365,2025-09-01,North,Apparel,2,80.42,32.69,VIP
107366,2025-09-01,East,Beauty,2,59.69,27.65,Returning Customer
107367,2025-09-01,North,Beauty,1,25.42,10.8,New Customer
107368,2025-09-01,West,Electronics,1,177.54,31.71,New Customer
107369,2025-09-01,East,Sports & Outdoors,1,62.28,19.28,New Customer
107370,2025-09-01,North,Beauty,1,20.55,8.55,New Customer
107371,2025-09-01,South,Electronics,2,335.15,79.57,Returning Customer
107372,2025-09-01,East,Home & Kitchen,1,82.71,24.96,VIP
107373,2025-09-01,East,Apparel,2,62.15,22.67,Returning Customer
107374,2025-09-01,West,Beauty,2,68.76,26.96,Returning Customer
107375,2025-09-01,South,Apparel,1,57.85,19.25,New Customer
107376,2025-09-01,West,Apparel,2,145.64,52.05,New Customer
107377,2025-09-01,West,Apparel,2,98.21,37.39,Returning Customer
107378,2025-09-01,West,Electronics,2,353.5,67.9,New Customer
107379,2025-09-01,West,Home & Kitchen,2,178.41,49.44,New Customer
107380,2025-09-01,West,Apparel,2,78.89,26.4,Returning Customer
107381,2025-09-01,East,Beauty,1,36.13,15.12,New Customer
107382,2025-09-01,West,Home & Kitchen,1,66.98,21.02,VIP
107383,2025-09-01,North,Sports & Outdoors,1,49.12,14.67,Returning Customer
107384,2025-09-01,East,Sports & Outdoors,2,90.4,29.65,New Customer
107385,2025-09-02,West,Home & Kitchen,1,84.2,21.44,New Customer
107386,2025-09-02,West,Electronics,1,216.62,33.71,Returning Customer
107387,2025-09-02,North,Beauty,2,28.23,12.58,New Customer
107388,2025-09-02,North,Home & Kitchen,2,210.61,59.96,New Customer
107389,2025-09-02,West,Electronics,1,140.4,21.77,VIP
107390,2025-09-02,South,Electronics,1,240.07,46.75,New Customer
107391,2025-09-02,East,Electronics,2,331.42,63.6,VIP
107392,2025-09-02,North,Beauty,1,27.47,10.69,New Customer
107393,2025-09-02,West,Home & Kitchen,1,56.73,12.23,VIP
107394,2025-09-02,South,Apparel,2,125.67,45.25,VIP
107395,2025-09-02,West,Electronics,2,495.91,86.48,Returning Customer
107396,2025-09-02,East,Apparel,1,30.4,10.73,Returning Customer
107397,2025-09-02,South,Sports & Outdoors,2,113.84,36.53,Returning Customer
107398,2025-09-02,North,Beauty,2,71.8,31.27,New Customer
107399,2025-09-02,East,Sports & Outdoors,2,109.93,33.97,Returning Customer
107400,2025-09-02,North,Apparel,1,36.61,13.79,Returning Customer
107401,2025-09-02,South,Apparel,2,89.56,30.53,Returning Customer
107402,2025-09-02,East,Beauty,2,54.48,24.4,New Customer
107403,2025-09-02,South,Sports & Outdoors,2,97.3,28.05,New Customer
107404,2025-09-02,South,Beauty,2,70.86,30.86,Returning Customer
107405,2025-09-02,North,Apparel,2,90.75,38.46,New Customer
107406,2025-09-02,North,Electronics,1,203.3,38.4,Returning Customer
107407,2025-09-02,East,Apparel,2,137.24,51.6,New Customer
107408,2025-09-02,West,Beauty,2,66.61,27.85,New Customer
107409,2025-09-02,East,Home & Kitchen,2,133.79,41.45,Returning Customer
107410,2025-09-02,North,Electronics,1,197.86,27.76,Returning Customer
107411,2025-09-02,East,Electronics,2,215.02,35.94,Returning Customer
107412,2025-09-02,East,Electronics,1,216.49,36.77,VIP
107413,2025-09-02,North,Electronics,2,478.54,91.57,Returning Customer
107414,2025-09-02,East,Apparel,1,55.22,19.16,New Customer
107415,2025-09-02,East,Home & Kitchen,1,77.83,23.72,Returning Customer
107416,2025-09-02,East,Home & Kitchen,1,45.3,12.4,Returning Customer
107417,2025-09-02,West,Home & Kitchen,1,68.82,21.97,New Customer
107418,2025-09-03,East,Home & Kitchen,1,92.79,22.23,VIP
107419,2025-09-03,North,Home & Kitchen,1,53.96,12.84,Returning Customer
107420,2025-09-03,North,Apparel,2,86.31,32.54,VIP
107421,2025-09-03,West,Beauty,1,35.5,14.81,VIP
107422,2025-09-03,North,Electronics,1,204.25,30.81,New Customer
107423,2025-09-03,North,Electronics,2,233.13,34.33,Returning Customer
107424,2025-09-03,East,Apparel,1,29.9,10.98,New Customer
107425,2025-09-03,West,Home & Kitchen,2,153.1,42.76,Returning Customer
107426,2025-09-03,South,Home & Kitchen,2,144.67,36.28,New Customer
107427,2025-09-03,North,Beauty,1,26.56,11.53,New Customer
107428,2025-09-03,North,Electronics,2,460.03,65.0,New Customer
107429,2025-09-03,North,Electronics,1,182.14,39.54,New Customer
107430,2025-09-03,North,Apparel,1,52.49,18.72,VIP
107431,2025-09-03,North,Sports & Outdoors,1,41.38,12.04,Returning Customer
107432,2025-09-03,South,Sports & Outdoors,2,76.52,27.34,New Customer
107433,2025-09-03,West,Electronics,2,486.5,94.0,New Customer
107434,2025-09-03,North,Electronics,1,196.08,39.46,New Customer
107435,2025-09-03,East,Beauty,1,31.0,12.66,Returning Customer
107436,2025-09-03,West,Home & Kitchen,1,51.78,15.69,New Customer
107437,2025-09-03,East,Beauty,2,34.7,14.25,New Customer
107438,2025-09-03,North,Home & Kitchen,2,121.36,34.06,Returning Customer
107439,2025-09-03,West,Electronics,1,199.69,31.57,VIP
107440,2025-09-03,North,Home & Kitchen,2,101.13,27.54,New Customer
107441,2025-09-03,West,Electronics,1,126.35,23.62,New Customer
107442,2025-09-03,North,Apparel,1,59.11,20.53,New Customer
107443,2025-09-03,East,Sports & Outdoors,1,83.68,24.21,VIP
107444,2025-09-03,North,Apparel,2,84.08,27.5,New Customer
107445,2025-09-03,South,Home & Kitchen,1,42.93,12.91,Returning Customer
107446,2025-09-03,West,Home & Kitchen,1,99.21,35.8,New Customer
107447,2025-09-04,South,Electronics,1,157.26,31.34,Returning Customer
107448,2025-09-04,West,Home & Kitchen,2,135.05,35.83,VIP
107449,2025-09-04,North,Home & Kitchen,1,73.7,20.88,Returning Customer
107450,2025-09-04,West,Beauty,2,72.12,32.1,Returning Customer
107451,2025-09-04,South,Electronics,2,290.94,57.41,Returning Customer
107452,2025-09-04,North,Apparel,2,59.71,19.5,Returning Customer
107453,2025-09-04,North,Beauty,2,41.55,18.74,Returning Customer
107454,2025-09-04,East,Apparel,2,123.45,46.25,Returning Customer
107455,2025-09-04,North,Home & Kitchen,1,62.0,17.59,New Customer
107456,2025-09-04,North,Sports & Outdoors,2,138.71,44.52,New Customer
107457,2025-09-04,North,Home & Kitchen,1,67.5,18.82,New Customer
107458,2025-09-04,South,Beauty,1,34.31,15.58,Returning Customer
107459,2025-09-04,South,Sports & Outdoors,1,91.27,27.32,Returning Customer
107460,2025-09-04,South,Electronics,2,455.64,80.9,Returning Customer
107461,2025-09-04,East,Beauty,1,39.54,18.51,VIP
107462,2025-09-04,East,Apparel,1,39.06,14.75,Returning Customer
107463,2025-09-04,North,Home & Kitchen,2,111.73,28.45,VIP
107464,2025-09-04,East,Apparel,2,66.05,19.69,VIP
107465,2025-09-04,South,Home & Kitchen,1,68.02,17.36,New Customer
107466,2025-09-04,West,Electronics,2,453.95,69.13,VIP
107467,2025-09-04,South,Electronics,1,206.43,33.0,New Customer
107468,2025-09-04,North,Home & Kitchen,2,77.37,19.7,VIP
107469,2025-09-04,North,Electronics,1,251.29,46.06,New Customer
107470,2025-09-04,West,Home & Kitchen,2,197.98,51.27,New Customer
107471,2025-09-04,West,Electronics,2,421.11,76.7,New Customer
107472,2025-09-04,West,Home & Kitchen,2,135.5,38.37,Returning Customer
107473,2025-09-04,South,Electronics,2,440.9,64.67,Returning Customer
107474,2025-09-04,East,Electronics,1,145.2,27.3,New Customer
107475,2025-09-05,North,Electronics,1,192.03,22.03,VIP
107476,2025-09-05,South,Beauty,1,29.47,12.5,New Customer
107477,2025-09-05,South,Home & Kitchen,1,70.98,17.62,Returning Customer
107478,2025-09-05,North,Sports & Outdoors,2,90.88,26.67,Returning Customer
107479,2025-09-05,South,Home & Kitchen,1,71.04,20.26,VIP
107480,2025-09-05,North,Electronics,2,259.47,31.94,VIP
107481,2025-09-05,East,Home & Kitchen,1,109.2,29.06,New Customer
107482,2025-09-05,East,Beauty,1,14.97,6.5,Returning Customer
107483,2025-09-05,North,Beauty,2,21.02,9.56,Returning Customer
107484,2025-09-05,North,Home & Kitchen,1,44.2,9.49,New Customer
107485,2025-09-05,West,Apparel,1,45.75,14.24,VIP
107486,2025-09-05,South,Sports & Outdoors,1,80.12,21.36,New Customer
107487,2025-09-05,North,Apparel,2,74.22,27.94,Returning Customer
107488,2025-09-05,East,Home & Kitchen,2,115.14,33.47,Returning Customer
107489,2025-09-05,West,Sports & Outdoors,1,73.36,20.27,Returning Customer
107490,2025-09-05,East,Electronics,2,394.66,62.14,Returning Customer
107491,2025-09-05,South,Home & Kitchen,2,81.37,26.3,Returning Customer
107492,2025-09-05,North,Electronics,2,360.51,62.43,Returning Customer
107493,2025-09-05,East,Electronics,1,142.9,30.31,VIP
107494,2025-09-05,North,Apparel,2,37.86,12.29,Returning Customer
107495,2025-09-05,South,Apparel,1,43.72,15.69,New Customer
107496,2025-09-05,West,Beauty,1,43.52,19.16,Returning Customer
107497,2025-09-05,North,Electronics,2,328.1,53.99,Returning Customer
107498,2025-09-05,West,Home & Kitchen,2,139.48,37.07,New Customer
107499,2025-09-05,North,Apparel,1,42.88,15.07,Returning Customer
107500,2025-09-05,West,Electronics,1,132.11,22.32,Returning Customer
107501,2025-09-05,East,Electronics,1,237.07,40.74,New Customer
107502,2025-09-05,East,Sports & Outdoors,2,166.39,51.35,VIP
107503,2025-09-06,East,Sports & Outdoors,1,45.87,12.91,VIP
107504,2025-09-06,North,Electronics,2,470.62,77.75,New Customer
107505,2025-09-06,North,Home & Kitchen,1,60.23,17.18,New Customer
107506,2025-09-06,North,Apparel,2,104.32,28.82,Returning Customer
107507,2025-09-06,South,Electronics,1,124.5,22.46,VIP
107508,2025-09-06,West,Beauty,1,28.84,11.98,VIP
107509,2025-09-06,North,Sports & Outdoors,1,54.26,16.53,Returning Customer
107510,2025-09-06,East,Sports & Outdoors,2,129.58,34.63,New Customer
107511,2025-09-06,North,Electronics,2,281.98,60.52,Returning Customer
107512,2025-09-06,West,Electronics,1,273.68,56.11,Returning Customer
107513,2025-09-06,North,Apparel,1,46.58,15.96,New Customer
107514,2025-09-06,North,Home & Kitchen,1,48.19,14.14,Returning Customer
107515,2025-09-06,North,Electronics,1,205.31,39.23,New Customer
107516,2025-09-06,North,Electronics,1,188.46,41.08,Returning Customer
107517,2025-09-06,West,Home & Kitchen,1,51.62,14.07,Returning Customer
107518,2025-09-06,South,Home & Kitchen,2,103.82,34.26,Returning Customer
107519,2025-09-06,North,Electronics,2,446.84,75.05,VIP
107520,2025-09-06,North,Apparel,2,66.97,26.37,Returning Customer
107521,2025-09-06,South,Sports & Outdoors,1,69.65,19.54,New Customer
107522,2025-09-06,West,Apparel,1,36.56,13.06,Returning Customer
107523,2025-09-06,East,Sports & Outdoors,2,134.81,40.11,New Customer
107524,2025-09-06,North,Electronics,2,252.27,45.63,Returning Customer
107525,2025-09-06,North,Electronics,1,108.3,21.69,VIP
107526,2025-09-06,North,Sports & Outdoors,1,38.99,10.36,VIP
107527,2025-09-06,North,Electronics,1,186.73,36.96,New Customer
107528,2025-09-06,North,Electronics,1,177.78,24.28,New Customer
107529,2025-09-06,South,Home & Kitchen,1,89.23,30.13,VIP
107530,2025-09-06,North,Electronics,1,115.74,12.07,Returning Customer
107531,2025-09-06,East,Electronics,1,177.74,27.22,Returning Customer
107532,2025-09-06,East,Home & Kitchen,2,154.95,41.17,Returning Customer
107533,2025-09-06,South,Apparel,1,60.85,18.14,Returning Customer
107534,2025-09-06,North,Electronics,1,171.01,25.01,New Customer
107535,2025-09-06,West,Apparel,1,45.65,15.38,Returning Customer
107536,2025-09-06,East,Electronics,1,167.49,27.55,New Customer
107537,2025-09-06,West,Electronics,2,338.09,56.0,New Customer
107538,2025-09-06,East,Home & Kitchen,1,67.19,21.03,New Customer
107539,2025-09-06,North,Sports & Outdoors,1,44.03,11.7,New Customer
107540,2025-09-07,North,Apparel,2,117.0,37.89,New Customer
107541,2025-09-07,North,Home & Kitchen,1,57.8,13.18,Returning Customer
107542,2025-09-07,North,Electronics,1,184.3,28.18,VIP
107543,2025-09-07,West,Home & Kitchen,1,47.86,14.11,Returning Customer
107544,2025-09-07,West,Beauty,2,37.28,14.2,New Customer
107545,2025-09-07,North,Home & Kitchen,2,148.84,38.26,Returning Customer
107546,2025-09-07,South,Electronics,2,144.47,25.65,Returning Customer
107547,2025-09-07,West,Sports & Outdoors,2,119.9,35.77,Returning Customer
107548,2025-09-07,South,Apparel,2,104.12,37.89,VIP
107549,2025-09-07,East,Home & Kitchen,2,133.71,38.37,Returning Customer
107550,2025-09-07,North,Apparel,2,97.73,34.71,Returning Customer
107551,2025-09-07,East,Beauty,1,27.83,11.14,Returning Customer
107552,2025-09-07,West,Apparel,2,97.26,35.81,New Customer
107553,2025-09-07,North,Sports & Outdoors,2,164.31,61.42,New Customer
107554,2025-09-07,West,Electronics,2,434.74,70.03,Returning Customer
107555,2025-09-07,North,Apparel,2,66.39,21.61,Returning Customer
107556,2025-09-07,North,Electronics,1,114.94,16.44,VIP
107557,2025-09-07,West,Sports & Outdoors,1,58.62,17.43,New Customer
107558,2025-09-07,South,Beauty,1,16.36,7.05,New Customer
107559,2025-09-07,North,Apparel,2,71.38,24.61,Returning Customer
107560,2025-09-07,North,Apparel,2,108.83,36.16,Returning Customer
107561,2025-09-07,West,Electronics,1,171.12,37.48,VIP
107562,2025-09-07,East,Electronics,2,466.19,72.58,New Customer
107563,2025-09-07,South,Home & Kitchen,1,72.06,22.82,New Customer
107564,2025-09-07,North,Apparel,1,56.85,17.56,New Customer
107565,2025-09-07,South,Beauty,1,20.03,8.34,New Customer
107566,2025-09-07,East,Apparel,2,89.47,32.43,New Customer
107567,2025-09-07,West,Apparel,2,84.77,31.09,New Customer
107568,2025-09-07,North,Electronics,2,487.45,113.99,Returning Customer
107569,2025-09-07,West,Sports & Outdoors,1,43.41,11.99,Returning Customer
107570,2025-09-07,North,Apparel,1,33.76,11.95,Returning Customer
107571,2025-09-07,North,Beauty,1,19.26,7.67,New Customer
107572,2025-09-07,South,Electronics,1,180.44,31.41,New Customer
107573,2025-09-08,West,Apparel,1,77.31,26.04,New Customer
107574,2025-09-08,West,Electronics,1,216.31,38.08,VIP
107575,2025-09-08,North,Electronics,2,436.85,84.61,Returning Customer
107576,2025-09-08,West,Home & Kitchen,1,68.9,18.31,VIP
107577,2025-09-08,East,Electronics,2,208.44,30.51,New Customer
107578,2025-09-08,East,Apparel,2,109.55,40.29,VIP
107579,2025-09-08,East,Apparel,1,60.45,20.27,Returning Customer
107580,2025-09-08,West,Electronics,1,218.49,47.46,New Customer
107581,2025-09-08,East,Apparel,2,54.3,15.7,Returning Customer
107582,2025-09-08,North,Apparel,2,43.38,15.73,Returning Customer
107583,2025-09-08,West,Electronics,2,270.71,48.73,New Customer
107584,2025-09-08,South,Electronics,2,427.61,66.83,Returning Customer
107585,2025-09-08,North,Apparel,2,92.61,27.07,New Customer
107586,2025-09-08,South,Apparel,1,32.04,11.23,New Customer
107587,2025-09-08,North,Beauty,1,25.73,10.19,Returning Customer
107588,2025-09-08,North,Electronics,1,221.87,40.05,New Customer
107589,2025-09-08,South,Beauty,1,23.05,9.53,Returning Customer
107590,2025-09-08,West,Home & Kitchen,1,37.19,9.9,VIP
107591,2025-09-08,West,Home & Kitchen,1,48.81,10.73,New Customer
107592,2025-09-08,East,Electronics,1,215.28,31.24,Returning Customer
107593,2025-09-08,West,Apparel,2,133.48,51.55,Returning Customer
107594,2025-09-08,East,Electronics,2,393.73,64.82,New Customer
107595,2025-09-08,North,Sports & Outdoors,2,129.03,41.62,VIP
107596,2025-09-08,North,Electronics,1,197.15,34.04,Returning Customer
107597,2025-09-08,South,Electronics,2,351.83,55.92,Returning Customer
107598,2025-09-08,West,Electronics,1,133.62,24.88,VIP
107599,2025-09-08,North,Beauty,2,26.9,12.42,Returning Customer
107600,2025-09-08,East,Home & Kitchen,1,78.48,21.08,Returning Customer
107601,2025-09-08,East,Electronics,1,146.63,28.85,Returning Customer
107602,2025-09-08,North,Electronics,1,178.58,30.29,Returning Customer
107603,2025-09-08,West,Electronics,2,463.11,75.54,Returning Customer
107604,2025-09-09,North,Sports & Outdoors,1,58.39,20.4,Returning Customer
107605,2025-09-09,West,Home & Kitchen,2,164.47,46.39,New Customer
107606,2025-09-09,East,Home & Kitchen,2,96.66,28.66,VIP
107607,2025-09-09,West,Apparel,2,28.4,10.21,New Customer
107608,2025-09-09,South,Electronics,2,449.24,85.69,Returning Customer
107609,2025-09-09,North,Home & Kitchen,2,140.98,35.48,New Customer
107610,2025-09-09,West,Beauty,2,64.33,26.72,VIP
107611,2025-09-09,West,Electronics,1,208.46,44.22,VIP
107612,2025-09-09,North,Beauty,2,43.8,19.15,New Customer
107613,2025-09-09,South,Home & Kitchen,2,147.74,37.14,Returning Customer
107614,2025-09-09,East,Apparel,2,81.72,31.34,New Customer
107615,2025-09-09,West,Apparel,2,91.52,29.61,Returning Customer
107616,2025-09-09,North,Apparel,2,45.59,15.79,New Customer
107617,2025-09-09,East,Home & Kitchen,1,81.99,25.74,New Customer
107618,2025-09-09,South,Home & Kitchen,1,57.61,17.26,Returning Customer
107619,2025-09-09,South,Beauty,2,55.57,23.06,Returning Customer
107620,2025-09-09,South,Electronics,1,111.63,16.42,New Customer
107621,2025-09-09,North,Electronics,1,175.63,26.75,Returning Customer
107622,2025-09-09,North,Apparel,1,44.97,15.69,New Customer
107623,2025-09-09,North,Apparel,1,56.66,19.3,Returning Customer
107624,2025-09-09,North,Electronics,2,230.56,46.31,Returning Customer
107625,2025-09-09,North,Beauty,2,62.1,22.48,Returning Customer
107626,2025-09-10,North,Electronics,2,462.87,94.48,New Customer
107627,2025-09-10,East,Beauty,1,20.23,8.34,New Customer
107628,2025-09-10,South,Home & Kitchen,1,57.34,15.39,New Customer
107629,2025-09-10,North,Apparel,2,101.72,32.36,VIP
107630,2025-09-10,South,Sports & Outdoors,2,120.83,34.06,New Customer
107631,2025-09-10,North,Electronics,1,181.57,30.4,VIP
107632,2025-09-10,North,Apparel,1,51.14,20.67,Returning Customer
107633,2025-09-10,East,Sports & Outdoors,1,48.73,14.43,New Customer
107634,2025-09-10,South,Sports & Outdoors,1,59.97,17.95,VIP
107635,2025-09-10,West,Electronics,1,284.28,68.66,VIP
107636,2025-09-10,South,Apparel,1,47.33,17.87,Returning Customer
107637,2025-09-10,East,Home & Kitchen,1,51.83,13.94,VIP
107638,2025-09-10,West,Home & Kitchen,1,51.15,13.76,New Customer
107639,2025-09-10,North,Home & Kitchen,1,74.57,21.25,Returning Customer
107640,2025-09-10,East,Apparel,2,86.86,29.53,VIP
107641,2025-09-10,East,Apparel,2,66.46,20.45,Returning Customer
107642,2025-09-10,East,Electronics,2,463.4,87.33,New Customer
107643,2025-09-10,North,Electronics,2,415.09,103.36,VIP
107644,2025-09-10,South,Electronics,2,232.4,47.44,New Customer
107645,2025-09-10,North,Beauty,2,62.78,24.93,New Customer
107646,2025-09-11,West,Sports & Outdoors,1,38.53,12.8,New Customer
107647,2025-09-11,West,Beauty,1,30.19,13.98,Returning Customer
107648,2025-09-11,North,Electronics,1,229.32,45.6,Returning Customer
107649,2025-09-11,North,Sports & Outdoors,2,94.9,26.3,Returning Customer
107650,2025-09-11,North,Beauty,1,32.39,12.6,New Customer
107651,2025-09-11,North,Apparel,2,125.05,40.18,Returning Customer
107652,2025-09-11,East,Apparel,1,44.87,16.5,Returning Customer
107653,2025-09-11,North,Beauty,1,29.8,13.23,New Customer
107654,2025-09-11,North,Home & Kitchen,2,153.96,45.35,New Customer
107655,2025-09-11,South,Home & Kitchen,1,69.57,20.73,Returning Customer
107656,2025-09-11,East,Beauty,2,67.01,28.3,New Customer
107657,2025-09-11,East,Home & Kitchen,1,95.22,28.56,New Customer
107658,2025-09-11,East,Sports & Outdoors,2,34.95,11.39,New Customer
107659,2025-09-11,North,Electronics,1,193.08,45.46,Returning Customer
107660,2025-09-11,West,Electronics,1,204.37,39.97,New Customer
107661,2025-09-11,North,Apparel,1,57.98,21.88,Returning Customer
107662,2025-09-11,West,Beauty,1,23.17,9.95,New Customer
107663,2025-09-11,West,Electronics,2,444.35,77.84,Returning Customer
107664,2025-09-11,South,Apparel,2,90.87,30.94,New Customer
107665,2025-09-11,North,Apparel,1,56.41,17.31,New Customer
107666,2025-09-11,West,Apparel,1,51.88,16.08,New Customer
107667,2025-09-11,South,Beauty,1,40.95,17.78,Returning Customer
107668,2025-09-11,South,Apparel,2,104.41,34.52,Returning Customer
107669,2025-09-11,North,Apparel,1,34.05,12.84,New Customer
107670,2025-09-11,South,Electronics,1,182.89,23.02,New Customer
107671,2025-09-11,West,Electronics,1,148.01,25.8,Returning Customer
107672,2025-09-11,East,Electronics,2,285.71,63.81,Returning Customer
107673,2025-09-11,South,Electronics,1,168.75,30.27,VIP
107674,2025-09-11,East,Home & Kitchen,1,44.5,10.34,Returning Customer
107675,2025-09-11,South,Electronics,2,314.28,43.81,VIP
107676,2025-09-11,West,Beauty,2,49.35,17.74,VIP
107677,2025-09-12,East,Apparel,1,61.34,22.66,New Customer
107678,2025-09-12,West,Electronics,1,165.96,19.15,Returning Customer
107679,2025-09-12,South,Electronics,2,541.98,75.78,VIP
107680,2025-09-12,North,Apparel,1,53.5,21.86,New Customer
107681,2025-09-12,North,Home & Kitchen,2,151.34,42.75,New Customer
107682,2025-09-12,East,Apparel,2,110.16,35.29,Returning Customer
107683,2025-09-12,East,Apparel,2,83.04,25.61,VIP
107684,2025-09-12,West,Beauty,2,77.82,31.88,New Customer
107685,2025-09-12,West,Electronics,2,354.22,67.06,Returning Customer
107686,2025-09-12,North,Electronics,2,434.15,87.77,VIP
107687,2025-09-12,North,Electronics,1,185.01,36.3,VIP
107688,2025-09-12,West,Home & Kitchen,2,91.39,21.66,New Customer
107689,2025-09-12,East,Home & Kitchen,2,195.08,56.44,Returning Customer
107690,2025-09-12,North,Electronics,2,417.69,83.44,Returning Customer
107691,2025-09-12,North,Beauty,2,49.88,22.01,Returning Customer
107692,2025-09-12,South,Electronics,2,167.16,36.89,New Customer
107693,2025-09-12,East,Beauty,2,80.08,35.33,New Customer
107694,2025-09-12,West,Electronics,1,184.81,45.02,New Customer
107695,2025-09-12,East,Sports & Outdoors,1,70.03,20.12,New Customer
107696,2025-09-12,South,Electronics,2,291.01,50.16,New Customer
107697,2025-09-12,East,Apparel,2,113.61,41.44,Returning Customer
107698,2025-09-12,West,Apparel,1,53.29,20.05,New Customer
107699,2025-09-12,West,Electronics,2,334.28,63.55,New Customer
107700,2025-09-12,West,Electronics,1,126.32,24.29,New Customer
107701,2025-09-12,South,Apparel,1,49.46,16.66,New Customer
107702,2025-09-12,East,Apparel,1,42.71,14.28,VIP
107703,2025-09-12,South,Home & Kitchen,2,115.86,29.15,Returning Customer
107704,2025-09-12,North,Electronics,2,481.24,65.35,VIP
107705,2025-09-12,North,Electronics,1,195.92,36.46,VIP
107706,2025-09-12,North,Electronics,2,273.62,58.97,Returning Customer
107707,2025-09-12,North,Home & Kitchen,1,55.68,14.18,Returning Customer
107708,2025-09-12,West,Sports & Outdoors,2,81.76,25.05,Returning Customer
107709,2025-09-13,North,Sports & Outdoors,1,73.3,22.37,New Customer
107710,2025-09-13,South,Beauty,2,50.05,22.75,New Customer
107711,2025-09-13,East,Apparel,2,79.49,27.46,Returning Customer
107712,2025-09-13,South,Electronics,1,205.01,41.06,Returning Customer
107713,2025-09-13,North,Electronics,1,253.99,28.01,Returning Customer
107714,2025-09-13,North,Electronics,1,257.51,47.88,Returning Customer
107715,2025-09-13,North,Beauty,2,60.31,27.55,Returning Customer
107716,2025-09-13,South,Electronics,2,345.71,56.77,New Customer
107717,2025-09-13,East,Home & Kitchen,1,85.42,22.82,VIP
107718,2025-09-13,North,Sports & Outdoors,1,45.85,14.18,VIP
107719,2025-09-13,South,Home & Kitchen,1,41.57,12.1,Returning Customer
107720,2025-09-13,East,Apparel,2,98.09,35.81,New Customer
107721,2025-09-13,North,Apparel,1,68.39,22.15,Returning Customer
107722,2025-09-13,East,Apparel,1,28.63,9.45,Returning Customer
107723,2025-09-13,North,Beauty,1,34.0,14.6,New Customer
107724,2025-09-13,East,Home & Kitchen,2,110.36,32.11,Returning Customer
107725,2025-09-13,West,Apparel,2,89.79,31.24,Returning Customer
107726,2025-09-13,East,Electronics,1,245.99,37.74,Returning Customer
107727,2025-09-13,East,Home & Kitchen,2,115.86,25.83,VIP
107728,2025-09-13,North,Beauty,1,33.07,14.06,Returning Customer
107729,2025-09-13,North,Apparel,1,34.19,11.32,Returning Customer
107730,2025-09-13,North,Electronics,2,322.41,66.91,VIP
107731,2025-09-13,North,Apparel,1,34.52,12.16,Returning Customer
107732,2025-09-13,North,Apparel,1,44.21,16.94,VIP
107733,2025-09-13,East,Electronics,2,378.01,81.03,New Customer
107734,2025-09-13,North,Home & Kitchen,2,133.95,39.3,Returning Customer
107735,2025-09-13,South,Home & Kitchen,1,68.81,18.76,New Customer
107736,2025-09-13,South,Electronics,1,180.96,26.76,VIP
107737,2025-09-13,West,Apparel,2,80.18,27.68,VIP
107738,2025-09-13,South,Beauty,2,44.78,18.75,New Customer
107739,2025-09-14,North,Electronics,1,185.62,49.66,Returning Customer
107740,2025-09-14,North,Home & Kitchen,1,57.6,14.48,VIP
107741,2025-09-14,West,Beauty,1,31.66,12.77,New Customer
107742,2025-09-14,East,Home & Kitchen,2,124.31,33.85,VIP
107743,2025-09-14,South,Electronics,1,148.29,28.77,New Customer
107744,2025-09-14,East,Home & Kitchen,2,105.65,30.46,New Customer
107745,2025-09-14,West,Beauty,1,35.44,14.48,New Customer
107746,2025-09-14,South,Apparel,1,62.44,22.87,Returning Customer
107747,2025-09-14,South,Apparel,1,48.02,17.64,Returning Customer
107748,2025-09-14,West,Beauty,2,67.09,28.36,Returning Customer
107749,2025-09-14,North,Electronics,1,231.4,40.59,Returning Customer
107750,2025-09-14,East,Electronics,2,478.68,87.14,New Customer
107751,2025-09-14,South,Apparel,2,57.32,19.93,Returning Customer
107752,2025-09-14,South,Beauty,1,29.69,12.19,New Customer
107753,2025-09-14,East,Home & Kitchen,2,59.64,19.12,Returning Customer
107754,2025-09-14,South,Sports & Outdoors,2,101.2,29.8,VIP
107755,2025-09-14,South,Home & Kitchen,1,65.51,17.96,Returning Customer
107756,2025-09-14,North,Home & Kitchen,2,129.23,38.6,New Customer
107757,2025-09-14,South,Beauty,2,55.44,23.14,New Customer
107758,2025-09-14,North,Home & Kitchen,1,40.55,11.93,Returning Customer
107759,2025-09-14,North,Apparel,1,78.6,26.72,Returning Customer
107760,2025-09-14,West,Electronics,1,148.8,27.77,Returning Customer
107761,2025-09-14,North,Electronics,2,565.73,104.77,Returning Customer
107762,2025-09-14,North,Home & Kitchen,2,121.07,32.05,New Customer
107763,2025-09-14,West,Electronics,2,345.46,84.38,Returning Customer
107764,2025-09-14,North,Beauty,1,24.72,11.07,VIP
107765,2025-09-14,South,Electronics,2,480.69,85.79,New Customer
107766,2025-09-15,North,Home & Kitchen,1,71.56,20.32,Returning Customer
107767,2025-09-15,West,Apparel,1,44.78,17.45,Returning Customer
107768,2025-09-15,East,Beauty,1,26.29,11.19,New Customer
107769,2025-09-15,South,Beauty,1,17.45,8.6,New Customer
107770,2025-09-15,South,Home & Kitchen,2,115.64,30.55,VIP
107771,2025-09-15,South,Sports & Outdoors,1,50.31,14.3,VIP
107772,2025-09-15,South,Home & Kitchen,1,79.69,20.3,VIP
107773,2025-09-15,East,Beauty,2,51.12,25.85,VIP
107774,2025-09-15,North,Sports & Outdoors,1,51.48,16.06,New Customer
107775,2025-09-15,South,Electronics,2,357.24,50.4,Returning Customer
107776,2025-09-15,East,Sports & Outdoors,1,51.36,13.24,Returning Customer
107777,2025-09-15,East,Electronics,2,304.0,52.62,VIP
107778,2025-09-15,West,Electronics,1,218.23,40.52,New Customer
107779,2025-09-15,East,Home & Kitchen,2,136.64,40.96,New Customer
107780,2025-09-15,East,Home & Kitchen,1,58.18,16.71,VIP
107781,2025-09-15,South,Apparel,2,87.44,26.93,New Customer
107782,2025-09-15,East,Home & Kitchen,2,131.56,40.83,VIP
107783,2025-09-15,East,Apparel,2,80.31,27.87,New Customer
107784,2025-09-15,East,Home & Kitchen,2,161.26,48.5,New Customer
107785,2025-09-15,North,Apparel,2,89.7,35.0,VIP
107786,2025-09-15,North,Electronics,1,147.06,26.46,New Customer
107787,2025-09-15,East,Home & Kitchen,2,172.16,45.65,New Customer
107788,2025-09-15,South,Apparel,1,37.27,13.56,New Customer
107789,2025-09-15,North,Apparel,1,43.21,17.59,New Customer
107790,2025-09-15,East,Sports & Outdoors,1,56.12,15.69,New Customer
107791,2025-09-15,North,Electronics,1,191.42,36.56,Returning Customer
107792,2025-09-15,North,Electronics,2,441.8,73.61,New Customer
107793,2025-09-15,South,Electronics,2,347.73,68.61,Returning Customer
107794,2025-09-15,East,Apparel,1,36.52,13.6,VIP
107795,2025-09-15,East,Electronics,2,438.08,83.19,Returning Customer
107796,2025-09-15,North,Electronics,1,127.53,26.18,VIP
107797,2025-09-15,East,Sports & Outdoors,1,54.34,17.46,Returning Customer
107798,2025-09-15,East,Electronics,1,124.3,26.54,VIP
107799,2025-09-16,West,Electronics,1,258.09,48.8,VIP
107800,2025-09-16,West,Home & Kitchen,2,138.28,42.69,Returning Customer
107801,2025-09-16,West,Apparel,2,55.23,19.16,Returning Customer
107802,2025-09-16,North,Electronics,1,212.52,38.89,Returning Customer
107803,2025-09-16,West,Home & Kitchen,2,182.14,50.65,Returning Customer
107804,2025-09-16,East,Home & Kitchen,1,69.59,22.02,New Customer
107805,2025-09-16,South,Home & Kitchen,2,167.74,45.65,Returning Customer
107806,2025-09-16,North,Beauty,2,69.04,29.47,Returning Customer
107807,2025-09-16,East,Sports & Outdoors,2,168.09,55.37,VIP
107808,2025-09-16,North,Beauty,2,53.51,20.25,VIP
107809,2025-09-16,West,Apparel,1,27.17,9.73,VIP
107810,2025-09-16,North,Home & Kitchen,1,71.82,21.47,New Customer
107811,2025-09-16,East,Electronics,1,197.82,41.11,Returning Customer
107812,2025-09-16,South,Apparel,2,98.74,33.1,New Customer
107813,2025-09-16,South,Electronics,1,177.89,32.91,Returning Customer
107814,2025-09-16,South,Sports & Outdoors,2,132.34,43.87,VIP
107815,2025-09-16,East,Electronics,1,157.58,28.32,Returning Customer
107816,2025-09-16,North,Apparel,2,87.87,30.88,New Customer
107817,2025-09-16,South,Sports & Outdoors,2,50.35,14.0,New Customer
107818,2025-09-16,North,Apparel,2,81.1,27.3,New Customer
107819,2025-09-16,East,Electronics,1,74.31,11.11,Returning Customer
107820,2025-09-16,North,Apparel,2,95.21,33.53,New Customer
107821,2025-09-16,West,Apparel,2,102.45,37.46,Returning Customer
107822,2025-09-16,South,Electronics,2,393.89,53.44,Returning Customer
107823,2025-09-16,South,Beauty,2,57.46,27.1,New Customer
107824,2025-09-17,West,Apparel,2,110.06,40.21,New Customer
107825,2025-09-17,South,Beauty,1,35.78,15.92,New Customer
107826,2025-09-17,East,Apparel,2,68.43,27.17,New Customer
107827,2025-09-17,East,Apparel,1,36.76,13.45,New Customer
107828,2025-09-17,East,Electronics,1,162.02,28.13,Returning Customer
107829,2025-09-17,North,Home & Kitchen,2,126.26,39.57,Returning Customer
107830,2025-09-17,East,Electronics,2,303.48,51.98,VIP
107831,2025-09-17,West,Home & Kitchen,2,157.07,42.1,Returning Customer
107832,2025-09-17,East,Beauty,2,38.76,15.58,Returning Customer
107833,2025-09-17,North,Home & Kitchen,2,146.2,46.88,New Customer
107834,2025-09-17,South,Sports & Outdoors,2,69.82,22.38,Returning Customer
107835,2025-09-17,East,Home & Kitchen,1,60.6,21.86,Returning Customer
107836,2025-09-17,East,Apparel,1,47.97,18.27,New Customer
107837,2025-09-17,North,Electronics,1,186.09,25.23,VIP
107838,2025-09-17,West,Home & Kitchen,1,43.03,10.62,New Customer
107839,2025-09-17,North,Apparel,2,103.49,31.08,VIP
107840,2025-09-17,North,Electronics,2,486.78,104.2,New Customer
107841,2025-09-17,North,Electronics,2,350.97,46.45,New Customer
107842,2025-09-17,East,Electronics,2,488.52,98.03,New Customer
107843,2025-09-17,North,Home & Kitchen,1,76.15,19.04,Returning Customer
107844,2025-09-17,North,Electronics,1,120.57,18.94,New Customer
107845,2025-09-17,North,Beauty,1,37.3,15.86,New Customer
107846,2025-09-17,North,Sports & Outdoors,1,64.91,19.99,New Customer
107847,2025-09-17,North,Apparel,2,54.01,15.02,New Customer
107848,2025-09-17,West,Apparel,1,52.3,18.03,New Customer
107849,2025-09-17,North,Beauty,2,33.22,15.36,Returning Customer
107850,2025-09-18,East,Apparel,1,33.33,11.43,Returning Customer
107851,2025-09-18,East,Electronics,2,283.21,56.52,VIP
107852,2025-09-18,North,Apparel,2,40.07,13.57,VIP
107853,2025-09-18,East,Apparel,2,89.47,35.39,New Customer
107854,2025-09-18,North,Electronics,2,372.36,53.04,New Customer
107855,2025-09-18,West,Apparel,1,28.84,9.62,Returning Customer
107856,2025-09-18,North,Electronics,2,347.07,67.33,Returning Customer
107857,2025-09-18,West,Apparel,2,78.33,26.95,Returning Customer
107858,2025-09-18,West,Beauty,2,57.07,25.43,Returning Customer
107859,2025-09-18,East,Beauty,1,30.49,13.41,New Customer
107860,2025-09-18,South,Electronics,2,401.27,76.87,New Customer
107861,2025-09-18,South,Electronics,1,186.6,34.25,Returning Customer
107862,2025-09-18,North,Apparel,1,45.65,15.02,New Customer
107863,2025-09-18,North,Home & Kitchen,1,70.67,19.84,Returning Customer
107864,2025-09-18,North,Apparel,1,35.4,10.26,Returning Customer
107865,2025-09-18,North,Apparel,2,88.08,34.7,VIP
107866,2025-09-18,East,Home & Kitchen,2,124.58,40.96,Returning Customer
107867,2025-09-18,East,Electronics,1,225.16,51.34,VIP
107868,2025-09-18,West,Beauty,1,30.57,12.63,New Customer
107869,2025-09-18,West,Electronics,1,161.45,36.75,Returning Customer
107870,2025-09-18,West,Electronics,2,343.11,69.15,Returning Customer
107871,2025-09-18,North,Electronics,1,178.1,32.33,Returning Customer
107872,2025-09-18,West,Electronics,2,249.88,51.99,VIP
107873,2025-09-18,East,Beauty,1,34.46,17.2,Returning Customer
107874,2025-09-18,West,Electronics,1,252.68,47.1,Returning Customer
107875,2025-09-19,West,Electronics,2,258.16,42.42,Returning Customer
107876,2025-09-19,West,Apparel,1,35.31,13.26,Returning Customer
107877,2025-09-19,North,Beauty,2,37.63,13.98,Returning Customer
107878,2025-09-19,West,Electronics,2,316.44,50.11,New Customer
107879,2025-09-19,South,Apparel,2,95.3,32.65,New Customer
107880,2025-09-19,South,Electronics,2,437.54,72.86,Returning Customer
107881,2025-09-19,North,Electronics,1,151.62,24.86,VIP
107882,2025-09-19,South,Home & Kitchen,2,125.42,40.33,New Customer
107883,2025-09-19,West,Apparel,1,38.6,14.05,VIP
107884,2025-09-19,South,Home & Kitchen,1,89.19,29.06,New Customer
107885,2025-09-19,South,Home & Kitchen,2,104.1,29.42,Returning Customer
107886,2025-09-19,South,Sports & Outdoors,2,101.08,32.62,Returning Customer
107887,2025-09-19,West,Apparel,2,67.17,23.63,Returning Customer
107888,2025-09-19,East,Sports & Outdoors,2,140.23,41.24,New Customer
107889,2025-09-19,North,Electronics,1,202.83,38.54,Returning Customer
107890,2025-09-19,North,Electronics,1,149.18,27.69,Returning Customer
107891,2025-09-19,South,Home & Kitchen,1,42.13,11.1,New Customer
107892,2025-09-19,South,Home & Kitchen,2,183.95,44.41,Returning Customer
107893,2025-09-19,South,Electronics,1,151.19,24.85,New Customer
107894,2025-09-19,East,Electronics,2,329.08,54.21,New Customer
107895,2025-09-19,East,Apparel,1,50.84,17.23,New Customer
107896,2025-09-19,East,Apparel,2,83.06,30.19,New Customer
107897,2025-09-19,East,Apparel,2,77.19,24.56,VIP
107898,2025-09-19,East,Home & Kitchen,1,51.05,15.48,New Customer
107899,2025-09-19,West,Apparel,2,81.13,29.02,Returning Customer
107900,2025-09-19,South,Electronics,1,125.83,22.1,New Customer
107901,2025-09-19,North,Electronics,2,418.99,73.96,New Customer
107902,2025-09-19,North,Electronics,1,149.63,23.47,Returning Customer
107903,2025-09-19,North,Electronics,1,127.0,24.81,Returning Customer
107904,2025-09-19,North,Home & Kitchen,2,117.7,34.24,Returning Customer
107905,2025-09-20,North,Sports & Outdoors,2,131.46,45.35,Returning Customer
107906,2025-09-20,North,Beauty,2,83.86,30.2,Returning Customer
107907,2025-09-20,East,Sports & Outdoors,1,64.46,18.45,Returning Customer
107908,2025-09-20,South,Beauty,1,21.33,9.42,Returning Customer
107909,2025-09-20,South,Sports & Outdoors,1,57.43,17.09,Returning Customer
107910,2025-09-20,East,Electronics,1,181.62,23.23,New Customer
107911,2025-09-20,North,Home & Kitchen,2,144.11,35.67,New Customer
107912,2025-09-20,North,Electronics,1,183.6,28.48,New Customer
107913,2025-09-20,West,Sports & Outdoors,1,60.03,14.19,Returning Customer
107914,2025-09-20,South,Home & Kitchen,1,73.24,21.85,VIP
107915,2025-09-20,West,Apparel,1,45.0,15.65,New Customer
107916,2025-09-20,West,Apparel,1,41.68,14.93,VIP
107917,2025-09-20,South,Electronics,2,445.07,84.37,Returning Customer
107918,2025-09-20,North,Sports & Outdoors,1,44.42,13.19,New Customer
107919,2025-09-20,South,Home & Kitchen,1,60.14,17.6,Returning Customer
107920,2025-09-20,West,Beauty,1,31.96,13.31,Returning Customer
107921,2025-09-20,South,Home & Kitchen,2,110.52,33.28,VIP
107922,2025-09-20,North,Apparel,1,57.22,18.63,New Customer
107923,2025-09-20,North,Electronics,1,222.96,34.25,New Customer
107924,2025-09-20,North,Electronics,2,336.18,53.49,Returning Customer
107925,2025-09-20,West,Sports & Outdoors,2,42.9,10.94,New Customer
107926,2025-09-20,East,Electronics,1,151.76,22.24,Returning Customer
107927,2025-09-20,East,Apparel,1,37.91,13.47,Returning Customer
107928,2025-09-20,South,Electronics,1,245.25,50.22,New Customer
107929,2025-09-20,West,Electronics,1,103.23,14.77,New Customer
107930,2025-09-20,East,Sports & Outdoors,1,46.18,14.24,New Customer
107931,2025-09-20,North,Home & Kitchen,1,50.55,16.07,New Customer
107932,2025-09-20,West,Sports & Outdoors,1,41.87,10.92,VIP
107933,2025-09-20,East,Home & Kitchen,1,49.21,12.07,New Customer
107934,2025-09-20,North,Electronics,2,476.62,95.09,New Customer
107935,2025-09-20,East,Beauty,1,24.34,10.09,New Customer
107936,2025-09-20,West,Apparel,2,89.68,28.47,New Customer
107937,2025-09-20,West,Sports & Outdoors,1,48.84,13.77,Returning Customer
107938,2025-09-20,East,Sports & Outdoors,2,96.54,27.02,Returning Customer
107939,2025-09-20,North,Electronics,1,135.48,22.43,New Customer
107940,2025-09-20,West,Sports & Outdoors,2,153.76,50.99,New Customer
107941,2025-09-20,West,Electronics,2,416.96,71.89,New Customer
107942,2025-09-20,West,Apparel,1,49.07,16.58,Returning Customer
107943,2025-09-20,West,Sports & Outdoors,2,131.82,37.55,New Customer
107944,2025-09-20,North,Apparel,1,41.81,16.5,New Customer
107945,2025-09-20,East,Sports & Outdoors,2,142.5,44.55,New Customer
107946,2025-09-20,East,Sports & Outdoors,1,59.0,18.92,New Customer
107947,2025-09-20,North,Apparel,2,50.28,15.07,Returning Customer
107948,2025-09-20,East,Beauty,2,59.1,24.79,VIP
107949,2025-09-21,South,Electronics,1,188.82,44.38,New Customer
107950,2025-09-21,South,Electronics,2,318.95,45.8,New Customer
107951,2025-09-21,West,Home & Kitchen,2,108.24,28.17,New Customer
107952,2025-09-21,West,Sports & Outdoors,2,119.27,32.44,Returning Customer
107953,2025-09-21,North,Apparel,2,44.98,17.11,Returning Customer
107954,2025-09-21,North,Apparel,2,96.05,32.23,New Customer
107955,2025-09-21,South,Home & Kitchen,2,195.42,47.02,New Customer
107956,2025-09-21,South,Electronics,1,185.35,39.63,Returning Customer
107957,2025-09-21,East,Home & Kitchen,2,127.73,28.85,Returning Customer
107958,2025-09-21,West,Home & Kitchen,2,140.27,36.69,New Customer
107959,2025-09-21,North,Sports & Outdoors,1,74.43,23.57,VIP
107960,2025-09-21,North,Electronics,2,312.67,79.74,New Customer
107961,2025-09-21,North,Apparel,2,123.08,38.42,Returning Customer
107962,2025-09-21,North,Beauty,2,47.02,18.08,New Customer
107963,2025-09-21,North,Electronics,1,153.71,35.35,New Customer
107964,2025-09-21,East,Home & Kitchen,2,206.79,57.75,Returning Customer
107965,2025-09-21,East,Sports & Outdoors,2,106.91,27.51,New Customer
107966,2025-09-21,East,Beauty,2,30.87,11.47,Returning Customer
107967,2025-09-21,East,Sports & Outdoors,2,139.79,45.78,New Customer
107968,2025-09-21,East,Apparel,1,45.36,16.3,New Customer
107969,2025-09-21,South,Electronics,2,549.38,95.92,VIP
107970,2025-09-21,South,Apparel,2,72.39,25.54,Returning Customer
107971,2025-09-21,East,Sports & Outdoors,2,114.16,33.52,VIP
107972,2025-09-21,North,Apparel,2,70.24,21.43,New Customer
107973,2025-09-21,West,Electronics,2,398.61,51.77,New Customer
107974,2025-09-21,West,Apparel,2,69.75,24.67,VIP
107975,2025-09-21,North,Electronics,1,142.94,17.89,Returning Customer
107976,2025-09-21,North,Apparel,1,48.19,16.71,Returning Customer
107977,2025-09-21,South,Apparel,1,62.88,20.52,Returning Customer
107978,2025-09-21,South,Electronics,1,130.67,28.64,Returning Customer
107979,2025-09-22,South,Electronics,1,204.15,37.36,Returning Customer
107980,2025-09-22,East,Apparel,1,54.29,23.88,New Customer
107981,2025-09-22,South,Electronics,1,155.62,31.04,Returning Customer
107982,2025-09-22,West,Electronics,2,205.95,25.47,New Customer
107983,2025-09-22,East,Apparel,2,106.94,40.02,New Customer
107984,2025-09-22,West,Electronics,2,281.3,61.83,VIP
107985,2025-09-22,North,Electronics,2,329.53,63.26,New Customer
107986,2025-09-22,South,Apparel,2,77.21,26.11,New Customer
107987,2025-09-22,West,Home & Kitchen,1,77.55,21.5,VIP
107988,2025-09-22,East,Apparel,1,27.83,8.5,New Customer
107989,2025-09-22,East,Electronics,1,210.85,40.38,New Customer
107990,2025-09-22,East,Apparel,1,26.52,10.59,New Customer
107991,2025-09-22,East,Home & Kitchen,2,52.92,15.29,Returning Customer
107992,2025-09-22,North,Beauty,1,21.55,8.55,Returning Customer
107993,2025-09-22,North,Home & Kitchen,1,60.06,17.18,Returning Customer
107994,2025-09-22,East,Apparel,1,54.55,17.9,Returning Customer
107995,2025-09-22,North,Home & Kitchen,1,76.51,22.09,Returning Customer
107996,2025-09-22,West,Apparel,2,103.84,35.65,New Customer
107997,2025-09-22,South,Apparel,2,52.29,19.24,VIP
107998,2025-09-22,South,Sports & Outdoors,2,153.03,40.9,Returning Customer
107999,2025-09-22,North,Electronics,2,244.44,51.01,Returning Customer
108000,2025-09-22,North,Electronics,1,177.62,35.54,New Customer
108001,2025-09-22,East,Electronics,1,227.79,38.14,Returning Customer
108002,2025-09-23,South,Electronics,1,207.46,43.53,Returning Customer
108003,2025-09-23,West,Apparel,2,83.3,31.37,Returning Customer
108004,2025-09-23,West,Apparel,1,32.65,11.86,Returning Customer
108005,2025-09-23,West,Beauty,2,60.33,23.9,New Customer
108006,2025-09-23,East,Beauty,1,29.07,13.04,VIP
108007,2025-09-23,East,Home & Kitchen,2,91.21,29.52,Returning Customer
108008,2025-09-23,South,Electronics,2,367.89,74.97,Returning Customer
108009,2025-09-23,West,Home & Kitchen,1,38.16,11.27,VIP
108010,2025-09-23,West,Home & Kitchen,2,105.32,36.43,Returning Customer
108011,2025-09-23,West,Electronics,2,498.69,84.78,New Customer
108012,2025-09-23,South,Electronics,2,344.03,53.74,Returning Customer
108013,2025-09-23,South,Home & Kitchen,2,169.31,49.22,Returning Customer
108014,2025-09-23,South,Sports & Outdoors,1,91.5,25.6,New Customer
108015,2025-09-23,West,Apparel,1,60.74,20.8,New Customer
108016,2025-09-23,North,Apparel,1,33.34,11.05,New Customer
108017,2025-09-23,East,Beauty,2,61.09,25.11,Returning Customer
108018,2025-09-23,West,Electronics,1,252.99,40.93,Returning Customer
108019,2025-09-23,North,Beauty,1,12.45,4.83,Returning Customer
108020,2025-09-23,West,Home & Kitchen,2,138.85,40.68,VIP
108021,2025-09-23,South,Apparel,2,53.85,17.36,VIP
108022,2025-09-23,South,Apparel,1,58.44,19.91,Returning Customer
108023,2025-09-23,West,Home & Kitchen,2,108.88,31.61,VIP
108024,2025-09-23,North,Apparel,2,90.99,31.26,New Customer
108025,2025-09-23,North,Electronics,1,166.79,30.48,New Customer
108026,2025-09-23,North,Beauty,1,37.84,17.75,VIP
108027,2025-09-23,North,Beauty,2,46.91,20.66,New Customer
108028,2025-09-23,West,Sports & Outdoors,1,62.51,21.13,Returning Customer
108029,2025-09-23,West,Beauty,1,27.14,11.35,VIP
108030,2025-09-23,South,Beauty,1,34.89,14.33,New Customer
108031,2025-09-23,East,Apparel,1,61.53,19.84,Returning Customer
108032,2025-09-23,North,Beauty,1,18.13,7.93,VIP
108033,2025-09-23,North,Electronics,1,180.17,33.56,New Customer
108034,2025-09-23,North,Beauty,2,31.75,12.81,New Customer
108035,2025-09-23,South,Home & Kitchen,2,89.71,29.33,VIP
108036,2025-09-23,East,Beauty,2,49.13,23.61,Returning Customer
108037,2025-09-24,East,Beauty,2,76.66,28.45,Returning Customer
108038,2025-09-24,East,Electronics,2,365.77,83.61,Returning Customer
108039,2025-09-24,East,Home & Kitchen,1,51.86,14.59,VIP
108040,2025-09-24,North,Apparel,1,36.12,12.99,Returning Customer
108041,2025-09-24,West,Apparel,1,56.21,19.04,VIP
108042,2025-09-24,South,Electronics,1,170.81,36.15,Returning Customer
108043,2025-09-24,South,Apparel,2,120.64,44.59,New Customer
108044,2025-09-24,East,Sports & Outdoors,2,121.38,35.24,New Customer
108045,2025-09-24,South,Electronics,2,471.6,84.88,New Customer
108046,2025-09-24,South,Beauty,1,34.36,14.67,New Customer
108047,2025-09-24,North,Electronics,2,393.48,90.07,VIP
108048,2025-09-24,South,Sports & Outdoors,2,76.74,24.22,New Customer
108049,2025-09-24,South,Beauty,1,27.36,11.02,VIP
108050,2025-09-24,South,Apparel,2,48.06,15.61,Returning Customer
108051,2025-09-24,West,Electronics,2,403.56,104.41,Returning Customer
108052,2025-09-24,East,Electronics,1,218.21,43.62,New Customer
108053,2025-09-24,North,Home & Kitchen,1,57.51,18.26,New Customer
108054,2025-09-24,South,Electronics,2,247.89,48.15,New Customer
108055,2025-09-24,East,Home & Kitchen,2,89.91,24.23,New Customer
108056,2025-09-24,North,Electronics,1,197.82,32.0,Returning Customer
108057,2025-09-24,West,Home & Kitchen,2,136.8,35.83,New Customer
108058,2025-09-24,North,Electronics,1,190.52,26.5,New Customer
108059,2025-09-25,South,Electronics,2,418.61,56.83,New Customer
108060,2025-09-25,North,Electronics,2,396.09,59.7,New Customer
108061,2025-09-25,North,Home & Kitchen,2,89.35,21.84,VIP
108062,2025-09-25,East,Electronics,2,241.99,55.84,New Customer
108063,2025-09-25,East,Home & Kitchen,2,177.41,49.63,New Customer
108064,2025-09-25,West,Beauty,2,62.63,26.38,VIP
108065,2025-09-25,West,Electronics,1,201.03,34.45,Returning Customer
108066,2025-09-25,South,Electronics,1,181.63,35.54,New Customer
108067,2025-09-25,West,Apparel,2,43.72,13.58,VIP
108068,2025-09-25,South,Electronics,1,202.14,31.13,New Customer
108069,2025-09-25,East,Home & Kitchen,1,48.65,14.52,New Customer
108070,2025-09-25,North,Beauty,1,24.33,9.65,New Customer
108071,2025-09-25,North,Apparel,1,55.57,16.2,Returning Customer
108072,2025-09-25,North,Beauty,1,46.37,19.32,New Customer
108073,2025-09-25,North,Beauty,1,25.15,10.01,New Customer
108074,2025-09-25,West,Beauty,1,19.42,8.91,Returning Customer
108075,2025-09-25,North,Apparel,2,109.04,31.94,Returning Customer
108076,2025-09-25,North,Beauty,1,18.63,8.48,Returning Customer
108077,2025-09-25,West,Electronics,2,399.64,58.22,New Customer
108078,2025-09-25,East,Apparel,1,43.42,13.93,VIP
108079,2025-09-25,East,Home & Kitchen,2,70.91,21.85,New Customer
108080,2025-09-25,North,Apparel,1,44.16,15.78,New Customer
108081,2025-09-25,East,Home & Kitchen,1,46.9,15.97,VIP
108082,2025-09-25,North,Sports & Outdoors,2,124.75,35.77,New Customer
108083,2025-09-25,South,Home & Kitchen,2,73.01,19.1,Returning Customer
108084,2025-09-25,North,Electronics,2,454.96,93.08,VIP
108085,2025-09-25,East,Apparel,2,82.65,29.61,New Customer
108086,2025-09-25,North,Beauty,2,39.23,18.61,Returning Customer
108087,2025-09-25,South,Beauty,1,35.77,13.7,Returning Customer
108088,2025-09-26,North,Electronics,1,143.4,30.27,VIP
108089,2025-09-26,East,Apparel,2,57.76,18.09,VIP
108090,2025-09-26,East,Beauty,2,61.46,26.15,New Customer
108091,2025-09-26,South,Home & Kitchen,2,103.02,28.12,Returning Customer
108092,2025-09-26,West,Apparel,1,50.13,16.65,New Customer
108093,2025-09-26,East,Home & Kitchen,1,52.62,14.74,New Customer
108094,2025-09-26,North,Electronics,2,442.35,88.46,New Customer
108095,2025-09-26,North,Beauty,2,56.46,25.67,New Customer
108096,2025-09-26,East,Apparel,1,47.67,16.53,VIP
108097,2025-09-26,East,Apparel,2,70.85,23.02,VIP
108098,2025-09-26,West,Electronics,2,470.78,91.03,Returning Customer
108099,2025-09-26,East,Sports & Outdoors,2,100.39,36.3,New Customer
108100,2025-09-26,South,Apparel,2,117.52,40.94,New Customer
108101,2025-09-26,East,Apparel,2,106.07,37.61,New Customer
108102,2025-09-26,East,Apparel,1,62.68,21.28,New Customer
108103,2025-09-26,South,Apparel,1,36.05,12.99,Returning Customer
108104,2025-09-26,North,Beauty,2,44.82,20.18,New Customer
108105,2025-09-26,West,Sports & Outdoors,2,127.34,42.05,New Customer
108106,2025-09-26,North,Sports & Outdoors,2,117.29,31.87,VIP
108107,2025-09-26,East,Electronics,2,354.73,83.03,Returning Customer
108108,2025-09-26,North,Apparel,2,107.95,29.92,Returning Customer
108109,2025-09-26,South,Electronics,2,330.73,68.89,Returning Customer
108110,2025-09-26,North,Home & Kitchen,2,192.21,55.01,New Customer
108111,2025-09-26,East,Beauty,2,42.05,16.7,Returning Customer
108112,2025-09-26,North,Apparel,1,43.3,16.26,VIP
108113,2025-09-26,North,Beauty,1,20.11,8.62,New Customer
108114,2025-09-26,West,Beauty,1,27.16,12.49,Returning Customer
108115,2025-09-26,East,Electronics,1,142.28,22.44,New Customer
108116,2025-09-26,South,Apparel,1,50.53,16.84,VIP
108117,2025-09-26,North,Electronics,1,179.35,29.51,New Customer
108118,2025-09-27,East,Sports & Outdoors,1,78.84,25.15,New Customer
108119,2025-09-27,East,Apparel,2,116.51,36.43,VIP
108120,2025-09-27,North,Apparel,2,74.03,22.37,New Customer
108121,2025-09-27,East,Home & Kitchen,2,146.61,42.75,New Customer
108122,2025-09-27,North,Apparel,1,39.38,16.05,Returning Customer
108123,2025-09-27,North,Home & Kitchen,1,34.04,9.42,Returning Customer
108124,2025-09-27,South,Sports & Outdoors,2,100.42,30.84,New Customer
108125,2025-09-27,North,Electronics,2,438.19,84.06,VIP
108126,2025-09-27,East,Apparel,2,50.09,17.29,New Customer
108127,2025-09-27,West,Sports & Outdoors,1,63.24,14.65,New Customer
108128,2025-09-27,East,Apparel,1,79.91,29.11,Returning Customer
108129,2025-09-27,South,Home & Kitchen,2,185.63,51.2,New Customer
108130,2025-09-27,North,Apparel,1,78.95,27.63,Returning Customer
108131,2025-09-27,West,Home & Kitchen,2,132.03,40.06,Returning Customer
108132,2025-09-27,South,Electronics,1,186.8,34.09,New Customer
108133,2025-09-27,West,Beauty,1,27.4,11.8,Returning Customer
108134,2025-09-27,North,Electronics,1,207.09,46.64,New Customer
108135,2025-09-27,East,Electronics,2,375.38,54.48,New Customer
108136,2025-09-27,South,Apparel,2,93.9,34.94,New Customer
108137,2025-09-27,South,Electronics,2,424.25,83.07,New Customer
108138,2025-09-27,West,Electronics,2,459.08,67.84,Returning Customer
108139,2025-09-27,North,Apparel,2,97.81,36.77,Returning Customer
108140,2025-09-27,South,Electronics,2,359.51,73.51,New Customer
108141,2025-09-27,East,Electronics,2,252.71,51.52,Returning Customer
108142,2025-09-27,East,Sports & Outdoors,2,128.0,39.41,Returning Customer
108143,2025-09-27,East,Home & Kitchen,2,64.52,17.79,New Customer
108144,2025-09-27,West,Beauty,2,10.0,4.42,New Customer
108145,2025-09-27,South,Electronics,1,122.67,24.68,Returning Customer
108146,2025-09-27,East,Sports & Outdoors,2,71.45,23.15,Returning Customer
108147,2025-09-27,North,Home & Kitchen,2,93.97,25.04,New Customer
108148,2025-09-28,East,Electronics,1,140.09,20.28,New Customer
108149,2025-09-28,South,Apparel,1,39.86,13.88,VIP
108150,2025-09-28,North,Home & Kitchen,1,85.58,25.63,Returning Customer
108151,2025-09-28,North,Home & Kitchen,2,114.04,37.97,VIP
108152,2025-09-28,North,Electronics,1,174.79,33.43,Returning Customer
108153,2025-09-28,West,Electronics,2,334.31,41.61,VIP
108154,2025-09-28,South,Sports & Outdoors,1,54.94,15.4,New Customer
108155,2025-09-28,East,Electronics,2,357.26,58.2,Returning Customer
108156,2025-09-28,North,Home & Kitchen,1,72.54,17.35,Returning Customer
108157,2025-09-28,East,Sports & Outdoors,2,121.15,35.53,Returning Customer
108158,2025-09-28,East,Electronics,1,153.49,21.0,VIP
108159,2025-09-28,South,Home & Kitchen,1,62.7,17.8,Returning Customer
108160,2025-09-28,North,Beauty,1,22.59,10.69,New Customer
108161,2025-09-28,North,Home & Kitchen,2,132.54,33.2,New Customer
108162,2025-09-28,East,Home & Kitchen,2,73.54,21.79,VIP
108163,2025-09-28,South,Electronics,1,103.41,15.36,New Customer
108164,2025-09-28,East,Home & Kitchen,1,60.62,16.62,Returning Customer
108165,2025-09-28,West,Home & Kitchen,2,188.35,54.71,New Customer
108166,2025-09-28,East,Home & Kitchen,1,84.96,18.5,New Customer
108167,2025-09-28,South,Home & Kitchen,2,196.24,66.68,VIP
108168,2025-09-28,West,Home & Kitchen,2,150.32,38.46,New Customer
108169,2025-09-28,East,Electronics,2,376.24,75.28,New Customer
108170,2025-09-28,East,Home & Kitchen,2,103.42,32.51,Returning Customer
108171,2025-09-28,East,Apparel,2,65.82,23.93,Returning Customer
108172,2025-09-28,North,Apparel,2,112.89,34.35,New Customer
108173,2025-09-28,South,Home & Kitchen,2,194.29,51.93,Returning Customer
108174,2025-09-28,East,Sports & Outdoors,1,81.12,23.01,Returning Customer
108175,2025-09-28,North,Beauty,2,99.61,39.36,Returning Customer
108176,2025-09-28,East,Apparel,1,62.46,20.14,New Customer
108177,2025-09-28,West,Home & Kitchen,2,160.3,47.64,VIP
108178,2025-09-28,East,Apparel,1,44.79,15.8,VIP
108179,2025-09-28,West,Electronics,1,98.25,17.18,New Customer
108180,2025-09-28,North,Home & Kitchen,1,66.19,21.38,VIP
108181,2025-09-28,North,Sports & Outdoors,2,125.83,35.44,New Customer
108182,2025-09-29,North,Apparel,1,37.78,13.78,Returning Customer
108183,2025-09-29,North,Beauty,2,56.27,20.99,VIP
108184,2025-09-29,North,Apparel,1,62.46,21.54,New Customer
108185,2025-09-29,East,Home & Kitchen,1,76.28,20.71,VIP
108186,2025-09-29,South,Apparel,2,101.94,30.25,VIP
108187,2025-09-29,North,Electronics,2,347.72,79.17,New Customer
108188,2025-09-29,North,Home & Kitchen,1,81.11,21.65,VIP
108189,2025-09-29,East,Home & Kitchen,1,42.39,12.73,Returning Customer
108190,2025-09-29,South,Electronics,1,201.9,30.23,VIP
108191,2025-09-29,East,Apparel,2,99.74,33.87,Returning Customer
108192,2025-09-29,East,Electronics,2,348.93,62.52,New Customer
108193,2025-09-29,North,Apparel,1,48.81,19.58,VIP
108194,2025-09-29,West,Beauty,1,30.61,11.48,New Customer
108195,2025-09-29,West,Sports & Outdoors,1,62.91,16.92,New Customer
108196,2025-09-29,East,Beauty,1,17.27,7.48,Returning Customer
108197,2025-09-29,South,Sports & Outdoors,2,91.11,21.72,New Customer
108198,2025-09-29,West,Apparel,1,56.36,21.01,Returning Customer
108199,2025-09-29,South,Electronics,1,205.62,23.92,New Customer
108200,2025-09-29,North,Apparel,1,32.94,12.4,New Customer
108201,2025-09-29,North,Electronics,1,221.1,38.17,New Customer
108202,2025-09-29,West,Electronics,2,437.73,81.61,New Customer
108203,2025-09-29,North,Beauty,1,25.64,9.76,Returning Customer
108204,2025-09-29,North,Electronics,2,336.41,72.37,Returning Customer
108205,2025-09-29,South,Electronics,1,201.82,34.39,New Customer
108206,2025-09-29,West,Home & Kitchen,1,58.37,17.79,VIP
108207,2025-09-30,West,Electronics,2,342.12,59.56,New Customer
108208,2025-09-30,South,Home & Kitchen,2,143.17,44.42,Returning Customer
108209,2025-09-30,North,Sports & Outdoors,1,38.78,9.47,VIP
108210,2025-09-30,South,Apparel,1,44.2,14.44,Returning Customer
108211,2025-09-30,North,Home & Kitchen,1,77.1,23.45,New Customer
108212,2025-09-30,East,Home & Kitchen,2,78.3,21.67,VIP
108213,2025-09-30,North,Beauty,1,23.6,9.1,Returning Customer
108214,2025-09-30,North,Apparel,2,89.8,31.59,Returning Customer
108215,2025-09-30,East,Electronics,2,296.07,42.78,New Customer
108216,2025-09-30,East,Apparel,1,53.6,18.79,Returning Customer
108217,2025-09-30,South,Electronics,1,212.75,32.42,Returning Customer
108218,2025-09-30,West,Apparel,2,70.46,26.96,Returning Customer
108219,2025-09-30,North,Electronics,1,164.47,23.35,New Customer
108220,2025-09-30,South,Electronics,2,293.24,50.5,New Customer
108221,2025-09-30,West,Electronics,1,148.05,31.82,New Customer
108222,2025-09-30,West,Apparel,2,132.4,40.32,VIP
108223,2025-09-30,South,Beauty,2,67.39,28.41,Returning Customer
108224,2025-09-30,North,Electronics,1,186.98,38.08,New Customer
108225,2025-09-30,East,Beauty,2,46.49,19.68,New Customer
108226,2025-09-30,North,Apparel,2,83.7,28.63,VIP
108227,2025-09-30,South,Beauty,2,48.12,21.46,Returning Customer
108228,2025-09-30,South,Sports & Outdoors,2,147.01,42.16,Returning Customer
108229,2025-10-01,West,Apparel,1,34.56,11.6,Returning Customer
108230,2025-10-01,North,Electronics,2,355.09,64.45,New Customer
108231,2025-10-01,East,Beauty,2,42.05,19.0,Returning Customer
108232,2025-10-01,West,Beauty,1,29.4,11.61,VIP
108233,2025-10-01,East,Electronics,1,201.25,31.71,VIP
108234,2025-10-01,North,Apparel,1,53.91,17.37,Returning Customer
108235,2025-10-01,South,Beauty,2,24.63,9.91,New Customer
108236,2025-10-01,North,Sports & Outdoors,2,15.18,3.9,New Customer
108237,2025-10-01,North,Apparel,1,37.01,13.49,New Customer
108238,2025-10-01,East,Apparel,1,61.11,24.99,VIP
108239,2025-10-01,East,Electronics,2,280.82,45.77,New Customer
108240,2025-10-01,North,Sports & Outdoors,2,106.03,30.71,New Customer
108241,2025-10-01,North,Sports & Outdoors,2,100.54,24.53,Returning Customer
108242,2025-10-01,East,Electronics,1,147.71,27.45,New Customer
108243,2025-10-01,East,Home & Kitchen,1,59.41,15.13,New Customer
108244,2025-10-01,West,Beauty,1,24.97,11.43,New Customer
108245,2025-10-01,West,Apparel,2,79.63,27.61,New Customer
108246,2025-10-01,East,Sports & Outdoors,1,73.25,22.81,Returning Customer
108247,2025-10-01,South,Home & Kitchen,2,121.43,39.79,New Customer
108248,2025-10-01,South,Apparel,1,34.33,13.18,New Customer
108249,2025-10-01,West,Electronics,2,354.22,55.13,VIP
108250,2025-10-01,North,Apparel,2,90.11,31.55,VIP
108251,2025-10-01,West,Apparel,1,30.94,12.33,Returning Customer
108252,2025-10-01,North,Electronics,2,337.71,55.96,VIP
108253,2025-10-01,East,Apparel,2,112.83,42.25,New Customer
108254,2025-10-01,West,Electronics,2,427.37,76.04,VIP
108255,2025-10-01,East,Sports & Outdoors,1,62.59,15.48,Returning Customer
108256,2025-10-01,North,Beauty,1,26.38,10.31,New Customer
108257,2025-10-01,South,Apparel,1,43.5,17.13,New Customer
108258,2025-10-01,East,Home & Kitchen,2,170.85,50.22,Returning Customer
108259,2025-10-02,East,Electronics,2,374.38,70.72,VIP
108260,2025-10-02,North,Home & Kitchen,1,85.97,26.95,New Customer
108261,2025-10-02,South,Sports & Outdoors,1,42.6,11.6,Returning Customer
108262,2025-10-02,North,Home & Kitchen,1,43.86,13.57,New Customer
108263,2025-10-02,North,Apparel,2,106.22,39.81,New Customer
108264,2025-10-02,East,Electronics,2,253.64,50.37,Returning Customer
108265,2025-10-02,North,Home & Kitchen,1,79.02,23.68,New Customer
108266,2025-10-02,South,Apparel,1,44.91,15.68,New Customer
108267,2025-10-02,North,Apparel,1,50.68,18.8,New Customer
108268,2025-10-02,West,Electronics,1,198.23,34.57,New Customer
108269,2025-10-02,West,Electronics,2,511.54,103.44,New Customer
108270,2025-10-02,South,Sports & Outdoors,1,48.92,15.93,VIP
108271,2025-10-02,North,Electronics,1,158.65,28.24,VIP
108272,2025-10-02,North,Beauty,1,22.77,8.61,Returning Customer
108273,2025-10-02,East,Sports & Outdoors,1,42.48,13.82,Returning Customer
108274,2025-10-02,West,Home & Kitchen,2,163.21,42.8,New Customer
108275,2025-10-02,East,Electronics,1,246.26,41.64,New Customer
108276,2025-10-02,East,Electronics,2,466.48,83.6,Returning Customer
108277,2025-10-02,North,Apparel,1,59.92,22.37,Returning Customer
108278,2025-10-03,South,Apparel,2,108.5,34.61,New Customer
108279,2025-10-03,West,Sports & Outdoors,1,60.09,17.88,New Customer
108280,2025-10-03,North,Sports & Outdoors,2,200.64,63.52,Returning Customer
108281,2025-10-03,East,Electronics,1,218.59,43.48,Returning Customer
108282,2025-10-03,North,Apparel,2,122.42,32.45,Returning Customer
108283,2025-10-03,West,Home & Kitchen,1,81.7,22.77,Returning Customer
108284,2025-10-03,West,Electronics,2,314.5,57.5,New Customer
108285,2025-10-03,East,Home & Kitchen,1,60.38,14.74,New Customer
108286,2025-10-03,East,Sports & Outdoors,1,54.53,18.31,Returning Customer
108287,2025-10-03,West,Sports & Outdoors,1,50.2,14.05,Returning Customer
108288,2025-10-03,South,Apparel,2,101.14,35.53,VIP
108289,2025-10-03,South,Home & Kitchen,1,65.83,18.61,Returning Customer
108290,2025-10-03,North,Beauty,1,22.94,9.87,New Customer
108291,2025-10-03,West,Apparel,1,49.9,18.31,New Customer
108292,2025-10-03,West,Sports & Outdoors,1,65.11,19.62,New Customer
108293,2025-10-03,South,Sports & Outdoors,2,92.64,29.45,Returning Customer
108294,2025-10-03,East,Electronics,2,298.16,46.86,New Customer
108295,2025-10-03,West,Apparel,1,42.58,17.36,Returning Customer
108296,2025-10-03,North,Electronics,1,162.96,24.94,Returning Customer
108297,2025-10-03,North,Electronics,1,139.18,33.51,Returning Customer
108298,2025-10-03,North,Home & Kitchen,2,151.88,45.05,Returning Customer
108299,2025-10-03,East,Home & Kitchen,1,71.3,20.93,VIP
108300,2025-10-03,North,Home & Kitchen,2,158.67,43.9,New Customer
108301,2025-10-03,South,Apparel,2,72.91,22.82,New Customer
108302,2025-10-03,South,Sports & Outdoors,2,137.01,41.59,VIP
108303,2025-10-03,South,Electronics,2,401.0,54.83,New Customer
108304,2025-10-03,West,Apparel,2,104.58,35.99,Returning Customer
108305,2025-10-03,East,Apparel,2,71.61,22.38,Returning Customer
108306,2025-10-03,East,Apparel,2,109.23,41.48,Returning Customer
108307,2025-10-03,West,Home & Kitchen,2,150.75,36.89,VIP
108308,2025-10-03,West,Home & Kitchen,2,177.93,58.7,New Customer
108309,2025-10-04,North,Beauty,2,56.01,21.85,VIP
108310,2025-10-04,South,Electronics,2,227.46,34.46,New Customer
108311,2025-10-04,East,Electronics,1,244.74,52.63,Returning Customer
108312,2025-10-04,South,Apparel,2,126.71,43.25,Returning Customer
108313,2025-10-04,East,Home & Kitchen,1,71.48,15.51,VIP
108314,2025-10-04,East,Electronics,1,232.38,50.54,VIP
108315,2025-10-04,West,Apparel,2,109.96,34.68,Returning Customer
108316,2025-10-04,South,Sports & Outdoors,2,60.01,19.88,New Customer
108317,2025-10-04,East,Home & Kitchen,1,49.36,14.31,VIP
108318,2025-10-04,North,Apparel,2,109.07,37.16,Returning Customer
108319,2025-10-04,West,Apparel,1,46.06,13.8,Returning Customer
108320,2025-10-04,East,Apparel,2,69.01,24.52,Returning Customer
108321,2025-10-04,East,Apparel,1,36.09,13.59,New Customer
108322,2025-10-04,North,Electronics,2,293.36,44.67,New Customer
108323,2025-10-04,North,Apparel,2,66.13,22.31,VIP
108324,2025-10-04,East,Home & Kitchen,2,212.58,61.62,New Customer
108325,2025-10-04,South,Home & Kitchen,2,161.52,50.6,Returning Customer
108326,2025-10-04,West,Home & Kitchen,2,179.68,53.3,Returning Customer
108327,2025-10-04,North,Beauty,1,38.27,16.61,New Customer
108328,2025-10-04,West,Apparel,2,99.49,34.83,VIP
108329,2025-10-04,North,Apparel,2,101.12,36.87,New Customer
108330,2025-10-04,North,Beauty,2,35.59,14.96,Returning Customer
108331,2025-10-04,West,Apparel,1,46.77,17.34,Returning Customer
108332,2025-10-04,North,Electronics,1,234.37,43.12,New Customer
108333,2025-10-04,East,Home & Kitchen,1,85.44,26.59,Returning Customer
108334,2025-10-04,East,Apparel,2,82.24,32.17,VIP
108335,2025-10-04,North,Home & Kitchen,1,49.6,14.24,New Customer
108336,2025-10-05,North,Home & Kitchen,1,66.87,17.95,New Customer
108337,2025-10-05,North,Sports & Outdoors,1,47.12,14.05,New Customer
108338,2025-10-05,North,Beauty,2,57.52,23.41,New Customer
108339,2025-10-05,East,Apparel,2,80.96,25.99,Returning Customer
108340,2025-10-05,East,Electronics,1,236.6,37.13,VIP
108341,2025-10-05,East,Home & Kitchen,1,72.97,19.08,New Customer
108342,2025-10-05,West,Home & Kitchen,2,118.03,27.49,VIP
108343,2025-10-05,North,Electronics,2,371.32,69.07,New Customer
108344,2025-10-05,West,Beauty,1,19.66,8.35,New Customer
108345,2025-10-05,East,Beauty,1,18.81,7.97,New Customer
108346,2025-10-05,North,Electronics,2,408.4,87.28,New Customer
108347,2025-10-05,North,Home & Kitchen,1,70.57,21.0,New Customer
108348,2025-10-05,West,Beauty,2,43.53,19.01,Returning Customer
108349,2025-10-05,South,Home & Kitchen,2,140.09,35.5,VIP
108350,2025-10-05,East,Home & Kitchen,1,73.86,16.47,Returning Customer
108351,2025-10-05,North,Electronics,2,496.21,92.39,Returning Customer
108352,2025-10-05,South,Apparel,1,55.33,17.34,Returning Customer
108353,2025-10-05,East,Sports & Outdoors,1,52.62,16.91,Returning Customer
108354,2025-10-05,East,Home & Kitchen,2,48.97,15.57,New Customer
108355,2025-10-05,North,Electronics,2,342.13,69.25,Returning Customer
108356,2025-10-05,West,Apparel,2,94.18,34.72,Returning Customer
108357,2025-10-05,East,Electronics,1,279.75,60.86,Returning Customer
108358,2025-10-05,North,Electronics,2,488.61,99.24,New Customer
108359,2025-10-05,West,Apparel,1,60.25,21.08,Returning Customer
108360,2025-10-06,North,Apparel,1,67.03,19.4,New Customer
108361,2025-10-06,North,Home & Kitchen,1,88.65,25.52,New Customer
108362,2025-10-06,West,Sports & Outdoors,2,39.85,11.66,VIP
108363,2025-10-06,East,Electronics,1,145.86,27.41,Returning Customer
108364,2025-10-06,East,Electronics,2,369.73,78.15,VIP
108365,2025-10-06,South,Home & Kitchen,2,104.57,24.08,VIP
108366,2025-10-06,North,Electronics,2,354.49,46.44,Returning Customer
108367,2025-10-06,East,Electronics,1,163.91,25.01,New Customer
108368,2025-10-06,East,Apparel,2,94.29,34.46,New Customer
108369,2025-10-06,East,Home & Kitchen,2,97.62,27.59,Returning Customer
108370,2025-10-07,West,Home & Kitchen,2,106.07,26.17,New Customer
108371,2025-10-07,East,Home & Kitchen,1,100.03,29.04,New Customer
108372,2025-10-07,East,Home & Kitchen,1,49.42,13.71,New Customer
108373,2025-10-07,South,Beauty,1,30.5,13.25,New Customer
108374,2025-10-07,North,Electronics,2,357.41,67.03,New Customer
108375,2025-10-07,East,Electronics,2,543.48,119.53,Returning Customer
108376,2025-10-07,West,Electronics,1,153.61,37.18,New Customer
108377,2025-10-07,North,Electronics,1,218.6,50.16,New Customer
108378,2025-10-07,West,Home & Kitchen,1,68.3,20.02,VIP
108379,2025-10-07,East,Beauty,2,89.36,40.63,New Customer
108380,2025-10-07,South,Electronics,1,178.71,19.85,Returning Customer
108381,2025-10-07,North,Electronics,2,245.87,48.13,New Customer
108382,2025-10-07,West,Electronics,1,140.63,27.65,Returning Customer
108383,2025-10-07,West,Beauty,1,45.99,18.66,Returning Customer
108384,2025-10-07,North,Sports & Outdoors,2,63.43,21.54,New Customer
108385,2025-10-07,East,Apparel,1,35.79,12.76,Returning Customer
108386,2025-10-07,West,Home & Kitchen,2,140.9,39.63,New Customer
108387,2025-10-07,East,Electronics,2,127.01,24.74,Returning Customer
108388,2025-10-07,East,Sports & Outdoors,2,92.75,25.81,New Customer
108389,2025-10-07,West,Electronics,2,474.25,75.11,New Customer
108390,2025-10-07,West,Beauty,1,16.01,6.77,Returning Customer
108391,2025-10-07,East,Electronics,1,162.5,30.64,New Customer
108392,2025-10-07,North,Beauty,1,32.41,13.7,Returning Customer
108393,2025-10-07,East,Electronics,1,238.49,31.3,New Customer
108394,2025-10-07,West,Beauty,1,20.76,8.5,VIP
108395,2025-10-07,West,Home & Kitchen,2,155.03,39.53,Returning Customer
108396,2025-10-08,South,Home & Kitchen,2,132.56,36.42,New Customer
108397,2025-10-08,East,Electronics,1,220.27,38.6,New Customer
108398,2025-10-08,North,Sports & Outdoors,2,114.68,39.8,New Customer
108399,2025-10-08,East,Electronics,2,325.13,64.82,New Customer
108400,2025-10-08,East,Electronics,1,267.35,52.09,New Customer
108401,2025-10-08,West,Electronics,2,367.29,69.56,Returning Customer
108402,2025-10-08,West,Home & Kitchen,2,131.49,34.76,VIP
108403,2025-10-08,West,Beauty,2,75.63,29.9,Returning Customer
108404,2025-10-08,East,Home & Kitchen,1,88.48,30.0,Returning Customer
108405,2025-10-08,East,Electronics,2,422.95,86.82,Returning Customer
108406,2025-10-08,East,Electronics,2,399.42,80.89,New Customer
108407,2025-10-08,West,Home & Kitchen,1,63.52,15.78,Returning Customer
108408,2025-10-08,West,Electronics,2,433.24,81.25,VIP
108409,2025-10-08,North,Beauty,1,13.52,5.37,VIP
108410,2025-10-08,West,Apparel,1,33.58,11.86,VIP
108411,2025-10-08,West,Beauty,2,55.04,20.09,VIP
108412,2025-10-08,East,Electronics,1,195.06,40.88,New Customer
108413,2025-10-08,North,Apparel,1,27.38,8.83,Returning Customer
108414,2025-10-08,West,Beauty,2,55.53,23.39,VIP
108415,2025-10-08,North,Sports & Outdoors,2,81.89,26.7,New Customer
108416,2025-10-08,East,Home & Kitchen,2,186.4,41.24,VIP
108417,2025-10-08,North,Beauty,1,31.3,13.09,New Customer
108418,2025-10-08,North,Home & Kitchen,1,86.2,23.21,VIP
108419,2025-10-08,East,Apparel,2,104.59,36.7,Returning Customer
108420,2025-10-08,East,Electronics,1,263.14,50.39,Returning Customer
108421,2025-10-08,North,Electronics,1,250.55,42.09,VIP
108422,2025-10-08,North,Apparel,1,41.55,14.56,VIP
108423,2025-10-08,East,Apparel,2,85.64,31.98,New Customer
108424,2025-10-08,South,Electronics,1,119.8,22.26,Returning Customer
108425,2025-10-08,East,Electronics,1,189.11,30.1,New Customer
108426,2025-10-09,West,Sports & Outdoors,2,135.81,43.08,New Customer
108427,2025-10-09,North,Apparel,1,76.81,24.86,Returning Customer
108428,2025-10-09,North,Electronics,1,214.69,32.19,New Customer
108429,2025-10-09,North,Apparel,2,121.91,47.17,VIP
108430,2025-10-09,West,Electronics,2,280.36,51.24,Returning Customer
108431,2025-10-09,West,Apparel,1,30.59,9.37,New Customer
108432,2025-10-09,North,Electronics,2,307.63,53.74,Returning Customer
108433,2025-10-09,South,Electronics,1,173.16,34.84,New Customer
108434,2025-10-09,North,Sports & Outdoors,2,145.89,45.45,Returning Customer
108435,2025-10-09,East,Electronics,2,389.39,87.86,New Customer
108436,2025-10-09,West,Apparel,2,85.15,30.7,Returning Customer
108437,2025-10-09,South,Sports & Outdoors,2,163.55,47.46,VIP
108438,2025-10-09,East,Electronics,1,222.92,32.69,Returning Customer
108439,2025-10-09,East,Electronics,2,430.8,65.04,Returning Customer
108440,2025-10-09,South,Home & Kitchen,1,69.2,21.05,Returning Customer
108441,2025-10-09,West,Apparel,1,49.13,16.39,VIP
108442,2025-10-09,West,Apparel,2,40.95,13.81,New Customer
108443,2025-10-09,North,Apparel,1,13.49,4.53,VIP
108444,2025-10-09,East,Home & Kitchen,2,108.5,31.24,Returning Customer
108445,2025-10-09,West,Beauty,2,45.47,18.82,Returning Customer
108446,2025-10-09,West,Electronics,1,194.77,30.94,VIP
108447,2025-10-09,West,Home & Kitchen,2,127.03,40.19,Returning Customer
108448,2025-10-09,North,Electronics,1,178.42,30.61,VIP
108449,2025-10-09,West,Home & Kitchen,1,66.21,20.75,VIP
108450,2025-10-09,South,Electronics,2,377.11,79.77,Returning Customer
108451,2025-10-09,East,Apparel,2,77.6,27.13,New Customer
108452,2025-10-09,South,Apparel,2,54.46,19.37,New Customer
108453,2025-10-09,South,Beauty,2,45.71,23.12,New Customer
108454,2025-10-09,North,Sports & Outdoors,1,61.46,17.58,New Customer
108455,2025-10-09,North,Electronics,2,396.67,67.79,VIP
108456,2025-10-09,South,Home & Kitchen,2,105.75,32.21,New Customer
108457,2025-10-10,East,Home & Kitchen,2,136.77,36.8,New Customer
108458,2025-10-10,West,Beauty,1,28.53,12.14,New Customer
108459,2025-10-10,West,Home & Kitchen,1,87.27,21.33,VIP
108460,2025-10-10,North,Home & Kitchen,1,55.22,18.2,New Customer
108461,2025-10-10,South,Electronics,2,409.1,63.78,New Customer
108462,2025-10-10,North,Apparel,2,84.41,33.11,Returning Customer
108463,2025-10-10,North,Sports & Outdoors,1,47.74,14.2,New Customer
108464,2025-10-10,South,Electronics,1,220.67,36.36,New Customer
108465,2025-10-10,North,Apparel,1,46.86,15.15,Returning Customer
108466,2025-10-10,North,Apparel,1,55.5,18.27,Returning Customer
108467,2025-10-10,North,Beauty,2,43.28,14.84,New Customer
108468,2025-10-10,East,Sports & Outdoors,1,69.49,20.43,New Customer
108469,2025-10-10,East,Beauty,2,61.21,24.7,Returning Customer
108470,2025-10-10,North,Beauty,1,26.88,11.8,New Customer
108471,2025-10-10,East,Sports & Outdoors,2,96.65,29.94,VIP
108472,2025-10-10,West,Electronics,2,264.88,44.48,Returning Customer
108473,2025-10-10,South,Home & Kitchen,2,94.16,30.01,VIP
108474,2025-10-10,North,Apparel,1,27.5,10.04,New Customer
108475,2025-10-10,North,Sports & Outdoors,1,30.53,8.82,Returning Customer
108476,2025-10-10,East,Electronics,2,432.67,99.04,New Customer
108477,2025-10-10,South,Sports & Outdoors,2,102.26,28.11,Returning Customer
108478,2025-10-10,South,Home & Kitchen,1,41.74,11.59,Returning Customer
108479,2025-10-10,South,Home & Kitchen,1,74.72,18.63,VIP
108480,2025-10-10,East,Apparel,2,89.51,35.09,VIP
108481,2025-10-10,North,Electronics,1,151.06,26.77,Returning Customer
108482,2025-10-10,East,Apparel,1,61.72,21.58,New Customer
108483,2025-10-10,West,Apparel,1,42.12,14.14,VIP
108484,2025-10-10,North,Apparel,2,85.64,32.33,Returning Customer
108485,2025-10-10,North,Beauty,1,41.45,18.68,Returning Customer
108486,2025-10-10,East,Beauty,1,35.0,14.68,Returning Customer
108487,2025-10-10,West,Home & Kitchen,1,63.86,18.34,New Customer
108488,2025-10-11,East,Beauty,2,60.91,27.58,New Customer
108489,2025-10-11,East,Beauty,2,34.4,13.9,VIP
108490,2025-10-11,West,Sports & Outdoors,2,76.73,21.74,New Customer
108491,2025-10-11,North,Beauty,1,25.57,10.08,New Customer
108492,2025-10-11,West,Home & Kitchen,2,102.43,29.52,Returning Customer
108493,2025-10-11,East,Home & Kitchen,2,202.75,48.17,New Customer
108494,2025-10-11,North,Apparel,1,26.52,8.87,Returning Customer
108495,2025-10-11,West,Apparel,1,49.86,16.44,Returning Customer
108496,2025-10-11,West,Electronics,2,250.21,50.86,Returning Customer
108497,2025-10-11,East,Electronics,1,219.18,37.41,VIP
108498,2025-10-11,South,Beauty,1,15.63,7.38,Returning Customer
108499,2025-10-11,North,Sports & Outdoors,1,43.25,12.63,VIP
108500,2025-10-11,East,Home & Kitchen,2,194.19,57.24,New Customer
108501,2025-10-11,North,Electronics,2,399.68,74.96,New Customer
108502,2025-10-11,West,Beauty,2,65.22,30.2,New Customer
108503,2025-10-11,East,Home & Kitchen,2,85.19,23.83,Returning Customer
108504,2025-10-11,West,Electronics,1,239.11,35.47,VIP
108505,2025-10-11,West,Beauty,1,5.0,2.25,Returning Customer
108506,2025-10-11,North,Apparel,1,30.01,11.27,New Customer
108507,2025-10-11,East,Apparel,2,100.43,38.27,New Customer
108508,2025-10-11,West,Home & Kitchen,2,131.79,43.6,New Customer
108509,2025-10-11,East,Home & Kitchen,2,139.25,36.31,Returning Customer
108510,2025-10-11,North,Electronics,1,149.99,31.79,New Customer
108511,2025-10-11,East,Electronics,2,343.97,63.51,New Customer
108512,2025-10-11,North,Sports & Outdoors,1,56.48,18.38,New Customer
108513,2025-10-11,East,Apparel,2,116.07,36.77,VIP
108514,2025-10-11,West,Apparel,1,49.45,16.21,Returning Customer
108515,2025-10-11,East,Apparel,2,91.24,31.89,Returning Customer
108516,2025-10-11,South,Electronics,2,383.86,80.63,New Customer
108517,2025-10-11,West,Electronics,2,194.02,26.93,New Customer
108518,2025-10-11,East,Electronics,2,286.41,39.54,New Customer
108519,2025-10-11,South,Electronics,1,184.45,35.74,Returning Customer
108520,2025-10-11,North,Sports & Outdoors,1,64.6,18.35,Returning Customer
108521,2025-10-11,East,Electronics,2,410.35,67.05,Returning Customer
108522,2025-10-11,North,Electronics,2,261.3,41.73,VIP
108523,2025-10-11,North,Home & Kitchen,1,65.42,16.26,Returning Customer
108524,2025-10-11,South,Electronics,1,214.24,29.03,New Customer
108525,2025-10-11,East,Home & Kitchen,1,76.44,25.81,New Customer
108526,2025-10-11,East,Apparel,2,82.09,26.74,VIP
108527,2025-10-11,North,Apparel,2,81.63,30.23,New Customer
108528,2025-10-11,North,Apparel,2,68.62,20.01,Returning Customer
108529,2025-10-12,West,Home & Kitchen,2,115.61,29.93,New Customer
108530,2025-10-12,West,Sports & Outdoors,1,29.08,8.64,New Customer
108531,2025-10-12,South,Apparel,2,70.25,24.44,VIP
108532,2025-10-12,North,Beauty,1,38.74,15.44,New Customer
108533,2025-10-12,East,Apparel,1,38.35,15.05,New Customer
108534,2025-10-12,North,Beauty,2,23.01,8.77,New Customer
108535,2025-10-12,South,Apparel,2,81.99,29.41,New Customer
108536,2025-10-12,East,Sports & Outdoors,2,120.75,35.47,New Customer
108537,2025-10-12,East,Apparel,1,52.31,18.32,VIP
108538,2025-10-12,East,Beauty,1,13.38,5.89,Returning Customer
108539,2025-10-12,North,Apparel,1,28.48,10.51,Returning Customer
108540,2025-10-12,South,Electronics,1,93.58,19.23,Returning Customer
108541,2025-10-12,North,Apparel,2,107.52,40.39,New Customer
108542,2025-10-12,West,Sports & Outdoors,1,67.89,19.32,Returning Customer
108543,2025-10-12,East,Electronics,2,302.71,52.1,Returning Customer
108544,2025-10-12,North,Electronics,1,152.47,22.46,New Customer
108545,2025-10-12,East,Beauty,1,31.2,13.29,Returning Customer
108546,2025-10-12,West,Beauty,1,21.24,8.96,Returning Customer
108547,2025-10-12,North,Apparel,1,43.91,15.37,New Customer
108548,2025-10-12,North,Apparel,1,46.99,15.15,VIP
108549,2025-10-12,North,Beauty,2,33.26,13.65,Returning Customer
108550,2025-10-12,South,Beauty,2,58.62,23.93,VIP
108551,2025-10-12,West,Electronics,1,173.47,27.17,Returning Customer
108552,2025-10-12,South,Beauty,1,27.7,12.44,Returning Customer
108553,2025-10-12,East,Electronics,2,387.95,67.31,Returning Customer
108554,2025-10-12,South,Electronics,1,226.95,40.49,Returning Customer
108555,2025-10-12,West,Apparel,1,35.7,13.03,New Customer
108556,2025-10-12,East,Home & Kitchen,1,58.09,15.51,Returning Customer
108557,2025-10-12,West,Home & Kitchen,1,63.9,19.39,VIP
108558,2025-10-12,East,Sports & Outdoors,1,68.93,16.38,VIP
108559,2025-10-12,West,Sports & Outdoors,2,89.64,30.37,New Customer
108560,2025-10-12,East,Electronics,2,296.64,51.01,VIP
108561,2025-10-12,East,Apparel,2,86.78,28.0,New Customer
108562,2025-10-12,South,Beauty,2,64.95,27.15,Returning Customer
108563,2025-10-13,East,Beauty,1,37.75,14.93,Returning Customer
108564,2025-10-13,West,Sports & Outdoors,1,44.79,14.12,VIP
108565,2025-10-13,West,Apparel,1,45.26,15.89,New Customer
108566,2025-10-13,South,Apparel,1,47.77,15.35,New Customer
108567,2025-10-13,East,Electronics,1,247.34,46.23,VIP
108568,2025-10-13,South,Apparel,2,98.0,34.55,Returning Customer
108569,2025-10-13,South,Beauty,1,20.84,9.36,New Customer
108570,2025-10-13,East,Electronics,1,121.4,23.17,Returning Customer
108571,2025-10-13,East,Apparel,1,50.53,15.34,Returning Customer
108572,2025-10-13,North,Sports & Outdoors,2,78.5,24.6,Returning Customer
108573,2025-10-13,East,Beauty,1,28.95,12.8,New Customer
108574,2025-10-13,South,Sports & Outdoors,1,102.72,29.91,VIP
108575,2025-10-13,East,Electronics,1,151.01,27.93,New Customer
108576,2025-10-13,East,Home & Kitchen,1,103.62,25.88,Returning Customer
108577,2025-10-13,West,Sports & Outdoors,1,58.94,18.16,New Customer
108578,2025-10-13,South,Electronics,2,347.22,53.19,Returning Customer
108579,2025-10-13,East,Beauty,2,60.62,25.55,New Customer
108580,2025-10-13,East,Beauty,2,49.25,20.73,Returning Customer
108581,2025-10-13,North,Apparel,1,56.15,17.18,New Customer
108582,2025-10-13,South,Home & Kitchen,1,76.14,23.31,Returning Customer
108583,2025-10-13,North,Sports & Outdoors,2,77.05,26.88,Returning Customer
108584,2025-10-13,North,Electronics,1,120.8,20.07,VIP
108585,2025-10-13,East,Home & Kitchen,1,64.99,18.42,Returning Customer
108586,2025-10-13,North,Sports & Outdoors,2,85.66,24.72,Returning Customer
108587,2025-10-13,East,Electronics,2,349.03,67.34,New Customer
108588,2025-10-14,North,Apparel,2,85.61,29.68,Returning Customer
108589,2025-10-14,North,Beauty,1,21.45,9.16,New Customer
108590,2025-10-14,North,Electronics,1,90.49,22.27,VIP
108591,2025-10-14,North,Electronics,1,258.82,36.4,VIP
108592,2025-10-14,East,Sports & Outdoors,1,55.55,17.84,VIP
108593,2025-10-14,East,Electronics,2,433.96,75.08,New Customer
108594,2025-10-14,East,Apparel,2,109.52,35.36,Returning Customer
108595,2025-10-14,North,Electronics,2,410.2,91.63,New Customer
108596,2025-10-14,West,Electronics,1,196.09,33.99,Returning Customer
108597,2025-10-14,South,Beauty,1,31.85,13.81,Returning Customer
108598,2025-10-14,North,Home & Kitchen,1,94.09,27.19,Returning Customer
108599,2025-10-14,West,Home & Kitchen,2,176.46,44.62,New Customer
108600,2025-10-14,East,Electronics,1,169.41,32.65,New Customer
108601,2025-10-14,North,Home & Kitchen,2,84.5,23.22,New Customer
108602,2025-10-14,East,Sports & Outdoors,1,49.58,14.57,Returning Customer
108603,2025-10-14,South,Apparel,2,75.59,27.99,New Customer
108604,2025-10-14,North,Sports & Outdoors,2,102.39,25.62,Returning Customer
108605,2025-10-14,West,Sports & Outdoors,1,29.06,7.28,Returning Customer
108606,2025-10-14,East,Beauty,2,64.51,27.94,Returning Customer
108607,2025-10-14,East,Beauty,1,18.56,6.86,Returning Customer
108608,2025-10-14,West,Home & Kitchen,2,124.2,36.57,New Customer
108609,2025-10-14,South,Electronics,2,305.24,63.59,VIP
108610,2025-10-14,West,Home & Kitchen,2,155.96,41.92,New Customer
108611,2025-10-14,South,Home & Kitchen,2,134.32,41.07,Returning Customer
108612,2025-10-14,East,Home & Kitchen,1,47.56,13.54,VIP
108613,2025-10-14,West,Apparel,2,114.42,38.53,New Customer
108614,2025-10-14,West,Electronics,1,214.36,51.62,Returning Customer
108615,2025-10-14,West,Beauty,1,13.56,5.47,Returning Customer
108616,2025-10-14,West,Home & Kitchen,2,117.26,27.48,New Customer
108617,2025-10-15,South,Apparel,1,50.59,19.12,VIP
108618,2025-10-15,East,Electronics,1,150.77,28.41,Returning Customer
108619,2025-10-15,East,Home & Kitchen,2,80.0,20.74,Returning Customer
108620,2025-10-15,South,Sports & Outdoors,1,45.26,13.77,New Customer
108621,2025-10-15,North,Apparel,1,36.86,12.52,New Customer
108622,2025-10-15,East,Apparel,1,60.33,19.31,Returning Customer
108623,2025-10-15,South,Electronics,1,271.75,37.88,VIP
108624,2025-10-15,West,Sports & Outdoors,2,97.99,24.16,Returning Customer
108625,2025-10-15,North,Beauty,2,86.35,36.61,New Customer
108626,2025-10-15,South,Apparel,2,71.38,24.51,New Customer
108627,2025-10-15,North,Electronics,1,67.67,15.28,Returning Customer
108628,2025-10-15,North,Electronics,2,425.01,73.63,Returning Customer
108629,2025-10-15,East,Home & Kitchen,1,53.62,17.95,VIP
108630,2025-10-15,West,Beauty,1,23.73,10.1,New Customer
108631,2025-10-15,West,Sports & Outdoors,1,62.44,17.9,New Customer
108632,2025-10-15,East,Home & Kitchen,2,53.54,12.85,Returning Customer
108633,2025-10-15,East,Electronics,1,207.45,31.63,VIP
108634,2025-10-15,West,Apparel,2,48.31,19.91,New Customer
108635,2025-10-15,East,Electronics,1,129.78,27.22,Returning Customer
108636,2025-10-15,North,Apparel,1,39.21,13.29,Returning Customer
108637,2025-10-15,East,Electronics,2,277.52,56.86,New Customer
108638,2025-10-15,North,Electronics,1,211.74,47.37,New Customer
108639,2025-10-15,North,Home & Kitchen,1,69.93,16.97,Returning Customer
108640,2025-10-15,North,Apparel,2,79.71,24.36,New Customer
108641,2025-10-15,East,Electronics,1,85.62,14.9,VIP
108642,2025-10-15,South,Sports & Outdoors,1,55.59,15.79,New Customer
108643,2025-10-15,East,Apparel,1,44.45,17.28,New Customer
108644,2025-10-15,South,Home & Kitchen,2,131.39,34.46,VIP
108645,2025-10-15,East,Apparel,1,73.51,27.44,New Customer
108646,2025-10-15,West,Electronics,1,197.87,45.86,New Customer
108647,2025-10-15,South,Beauty,2,59.66,23.53,Returning Customer
108648,2025-10-16,East,Apparel,1,45.36,15.94,New Customer
108649,2025-10-16,East,Home & Kitchen,2,107.38,28.31,New Customer
108650,2025-10-16,South,Electronics,1,244.35,33.22,VIP
108651,2025-10-16,North,Electronics,1,206.52,35.65,Returning Customer
108652,2025-10-16,East,Apparel,2,38.27,13.22,Returning Customer
108653,2025-10-16,South,Electronics,1,266.62,46.32,Returning Customer
108654,2025-10-16,South,Apparel,2,101.88,33.4,Returning Customer
108655,2025-10-16,North,Electronics,2,368.11,92.87,Returning Customer
108656,2025-10-16,West,Apparel,1,43.35,15.2,New Customer
108657,2025-10-16,South,Beauty,1,24.02,9.7,New Customer
108658,2025-10-16,South,Home & Kitchen,2,106.67,30.4,New Customer
108659,2025-10-16,East,Electronics,1,198.74,37.05,New Customer
108660,2025-10-16,West,Electronics,2,416.34,70.7,New Customer
108661,2025-10-16,East,Electronics,1,250.87,40.7,New Customer
108662,2025-10-16,North,Home & Kitchen,1,42.63,10.7,New Customer
108663,2025-10-16,South,Electronics,2,345.51,76.16,Returning Customer
108664,2025-10-16,North,Beauty,1,33.51,14.08,Returning Customer
108665,2025-10-16,South,Apparel,1,44.13,17.05,New Customer
108666,2025-10-16,East,Sports & Outdoors,2,70.52,20.19,Returning Customer
108667,2025-10-16,West,Home & Kitchen,2,125.05,35.5,New Customer
108668,2025-10-16,North,Beauty,2,67.97,30.88,Returning Customer
108669,2025-10-16,South,Electronics,2,353.29,51.75,New Customer
108670,2025-10-17,North,Apparel,1,23.83,8.36,New Customer
108671,2025-10-17,North,Beauty,2,48.66,21.03,VIP
108672,2025-10-17,East,Beauty,2,36.94,15.71,New Customer
108673,2025-10-17,West,Home & Kitchen,2,137.66,34.5,New Customer
108674,2025-10-17,North,Electronics,1,169.57,24.13,New Customer
108675,2025-10-17,South,Electronics,1,149.34,26.16,VIP
108676,2025-10-17,North,Electronics,1,216.21,44.01,VIP
108677,2025-10-17,East,Beauty,1,30.14,12.73,Returning Customer
108678,2025-10-17,North,Electronics,1,199.42,23.49,New Customer
108679,2025-10-17,South,Sports & Outdoors,2,115.08,34.92,New Customer
108680,2025-10-17,South,Beauty,1,22.41,8.39,VIP
108681,2025-10-17,South,Electronics,1,154.22,23.41,New Customer
108682,2025-10-17,North,Apparel,2,64.57,26.48,Returning Customer
108683,2025-10-17,West,Electronics,1,96.92,18.33,New Customer
108684,2025-10-17,North,Apparel,2,119.24,42.77,Returning Customer
108685,2025-10-17,East,Apparel,1,40.76,13.64,Returning Customer
108686,2025-10-17,North,Electronics,2,362.38,45.19,Returning Customer
108687,2025-10-17,South,Beauty,2,62.02,28.48,Returning Customer
108688,2025-10-17,South,Sports & Outdoors,2,108.87,36.68,Returning Customer
108689,2025-10-17,North,Beauty,2,74.68,32.46,New Customer
108690,2025-10-17,West,Sports & Outdoors,1,50.99,15.83,Returning Customer
108691,2025-10-17,East,Beauty,1,37.34,14.87,Returning Customer
108692,2025-10-17,South,Apparel,2,68.29,22.3,Returning Customer
108693,2025-10-17,East,Electronics,1,98.9,17.45,New Customer
108694,2025-10-17,East,Apparel,2,65.19,22.15,Returning Customer
108695,2025-10-17,East,Sports & Outdoors,2,70.84,24.82,Returning Customer
108696,2025-10-17,East,Apparel,2,89.86,27.11,New Customer
108697,2025-10-17,South,Apparel,1,41.91,16.74,VIP
108698,2025-10-17,North,Electronics,2,442.02,62.6,New Customer
108699,2025-10-17,South,Sports & Outdoors,1,48.17,15.76,New Customer
108700,2025-10-17,East,Sports & Outdoors,1,33.81,10.24,New Customer
108701,2025-10-17,South,Apparel,2,117.69,38.89,New Customer
108702,2025-10-17,South,Electronics,2,352.82,51.23,New Customer
108703,2025-10-17,West,Electronics,1,180.36,31.44,Returning Customer
108704,2025-10-18,East,Sports & Outdoors,2,120.55,33.99,Returning Customer
108705,2025-10-18,South,Home & Kitchen,1,45.16,14.58,Returning Customer
108706,2025-10-18,North,Beauty,1,27.06,10.44,New Customer
108707,2025-10-18,South,Home & Kitchen,2,138.48,48.45,New Customer
108708,2025-10-18,East,Electronics,2,415.67,89.09,New Customer
108709,2025-10-18,South,Beauty,2,22.98,9.58,Returning Customer
108710,2025-10-18,West,Electronics,2,260.98,64.18,Returning Customer
108711,2025-10-18,North,Sports & Outdoors,1,56.94,15.8,VIP
108712,2025-10-18,East,Beauty,2,35.2,15.77,Returning Customer
108713,2025-10-18,East,Electronics,2,398.5,68.24,Returning Customer
108714,2025-10-18,East,Electronics,1,161.7,25.58,VIP
108715,2025-10-18,South,Beauty,1,27.14,11.3,Returning Customer
108716,2025-10-18,South,Beauty,1,34.86,13.73,VIP
108717,2025-10-18,North,Home & Kitchen,1,93.29,21.07,New Customer
108718,2025-10-18,North,Apparel,1,56.34,17.98,New Customer
108719,2025-10-18,North,Apparel,1,44.68,15.91,Returning Customer
108720,2025-10-18,East,Apparel,2,92.21,33.45,New Customer
108721,2025-10-18,South,Electronics,1,181.49,32.11,Returning Customer
108722,2025-10-18,West,Electronics,2,330.1,73.62,Returning Customer
108723,2025-10-18,East,Electronics,1,234.21,38.24,New Customer
108724,2025-10-18,North,Electronics,1,224.76,31.24,Returning Customer
108725,2025-10-18,South,Home & Kitchen,2,97.21,23.99,Returning Customer
108726,2025-10-18,North,Electronics,1,127.07,28.0,Returning Customer
108727,2025-10-18,South,Sports & Outdoors,2,144.12,41.91,VIP
108728,2025-10-18,East,Sports & Outdoors,2,157.99,52.04,New Customer
108729,2025-10-18,East,Apparel,1,35.74,12.62,VIP
108730,2025-10-18,West,Apparel,2,52.73,21.11,New Customer
108731,2025-10-18,North,Electronics,1,197.19,30.56,Returning Customer
108732,2025-10-18,North,Apparel,2,93.04,30.01,VIP
108733,2025-10-18,South,Home & Kitchen,2,136.83,41.66,Returning Customer
108734,2025-10-18,East,Beauty,1,23.13,9.68,New Customer
108735,2025-10-18,North,Apparel,1,41.64,14.29,Returning Customer
108736,2025-10-18,South,Home & Kitchen,2,68.98,15.96,Returning Customer
108737,2025-10-18,East,Apparel,1,52.21,21.18,VIP
108738,2025-10-18,North,Apparel,1,32.52,11.1,Returning Customer
108739,2025-10-18,North,Sports & Outdoors,2,100.32,29.04,New Customer
108740,2025-10-18,North,Home & Kitchen,2,121.21,27.32,New Customer
108741,2025-10-18,East,Electronics,2,418.72,90.0,Returning Customer
108742,2025-10-19,East,Apparel,1,35.53,12.93,Returning Customer
108743,2025-10-19,West,Home & Kitchen,2,148.39,42.94,Returning Customer
108744,2025-10-19,South,Beauty,2,63.91,26.41,Returning Customer
108745,2025-10-19,East,Home & Kitchen,2,99.01,22.03,Returning Customer
108746,2025-10-19,East,Sports & Outdoors,2,132.68,39.07,New Customer
108747,2025-10-19,North,Electronics,1,190.42,43.93,New Customer
108748,2025-10-19,North,Home & Kitchen,1,74.11,24.25,New Customer
108749,2025-10-19,South,Electronics,2,245.25,40.03,New Customer
108750,2025-10-19,West,Apparel,1,43.64,14.29,Returning Customer
108751,2025-10-19,West,Electronics,1,205.22,35.75,VIP
108752,2025-10-19,North,Home & Kitchen,1,73.06,22.33,New Customer
108753,2025-10-19,South,Beauty,1,14.71,6.19,New Customer
108754,2025-10-19,South,Beauty,1,30.43,12.63,Returning Customer
108755,2025-10-19,North,Apparel,1,48.02,18.81,VIP
108756,2025-10-19,South,Beauty,1,25.76,10.52,New Customer
108757,2025-10-19,East,Apparel,1,66.38,23.36,VIP
108758,2025-10-19,South,Home & Kitchen,2,173.73,42.56,Returning Customer
108759,2025-10-19,South,Electronics,2,246.85,34.25,New Customer
108760,2025-10-19,North,Electronics,2,315.39,69.04,New Customer
108761,2025-10-19,West,Apparel,2,102.66,36.89,VIP
108762,2025-10-19,North,Electronics,1,169.26,35.76,VIP
108763,2025-10-19,South,Sports & Outdoors,1,44.35,15.76,New Customer
108764,2025-10-19,South,Apparel,2,114.13,34.65,VIP
108765,2025-10-19,South,Apparel,1,40.53,15.19,New Customer
108766,2025-10-19,South,Beauty,2,41.9,20.15,Returning Customer
108767,2025-10-19,West,Home & Kitchen,2,205.22,61.78,Returning Customer
108768,2025-10-19,West,Home & Kitchen,2,140.66,33.25,Returning Customer
108769,2025-10-19,South,Apparel,2,76.1,28.23,Returning Customer
108770,2025-10-19,North,Sports & Outdoors,2,87.15,26.25,Returning Customer
108771,2025-10-19,West,Home & Kitchen,1,85.75,20.9,Returning Customer
108772,2025-10-19,East,Apparel,2,81.41,30.31,New Customer
108773,2025-10-19,West,Electronics,1,176.95,35.06,Returning Customer
108774,2025-10-20,West,Electronics,2,294.08,50.49,VIP
108775,2025-10-20,North,Home & Kitchen,2,170.46,60.02,New Customer
108776,2025-10-20,East,Beauty,2,63.0,24.64,New Customer
108777,2025-10-20,West,Home & Kitchen,2,179.26,48.24,New Customer
108778,2025-10-20,South,Beauty,1,19.83,8.87,Returning Customer
108779,2025-10-20,West,Electronics,1,196.4,33.25,Returning Customer
108780,2025-10-20,West,Electronics,1,143.33,37.4,New Customer
108781,2025-10-20,North,Apparel,2,74.43,25.24,New Customer
108782,2025-10-20,North,Electronics,1,152.39,28.68,Returning Customer
108783,2025-10-20,East,Home & Kitchen,2,135.51,39.78,Returning Customer
108784,2025-10-20,North,Apparel,1,61.81,20.97,VIP
108785,2025-10-20,West,Apparel,1,40.53,14.93,New Customer
108786,2025-10-20,North,Home & Kitchen,2,161.13,40.16,VIP
108787,2025-10-20,West,Apparel,1,29.93,10.24,New Customer
108788,2025-10-20,East,Electronics,1,191.73,40.33,New Customer
108789,2025-10-20,South,Electronics,1,251.33,48.57,New Customer
108790,2025-10-20,East,Apparel,1,42.39,13.72,New Customer
108791,2025-10-20,West,Apparel,1,57.8,19.73,New Customer
108792,2025-10-20,West,Apparel,1,39.4,12.44,Returning Customer
108793,2025-10-20,East,Beauty,1,24.92,10.96,Returning Customer
108794,2025-10-20,North,Beauty,2,52.46,21.93,Returning Customer
108795,2025-10-20,North,Apparel,2,71.14,26.65,Returning Customer
108796,2025-10-20,West,Beauty,2,44.31,17.64,VIP
108797,2025-10-20,North,Apparel,1,41.28,16.25,Returning Customer
108798,2025-10-20,West,Beauty,2,90.19,38.52,Returning Customer
108799,2025-10-20,West,Apparel,2,123.04,41.42,New Customer
108800,2025-10-20,East,Electronics,2,330.68,78.31,VIP
108801,2025-10-20,West,Electronics,2,330.8,45.74,VIP
108802,2025-10-20,North,Apparel,2,68.35,22.4,Returning Customer
108803,2025-10-20,North,Electronics,2,377.65,48.91,Returning Customer
108804,2025-10-20,South,Apparel,1,29.5,12.01,VIP
108805,2025-10-20,West,Apparel,2,56.24,16.71,VIP
108806,2025-10-20,South,Apparel,1,50.02,18.06,New Customer
108807,2025-10-20,East,Sports & Outdoors,2,107.56,31.6,Returning Customer
108808,2025-10-20,North,Electronics,2,468.18,84.7,New Customer
108809,2025-10-20,South,Apparel,2,97.78,32.74,New Customer
108810,2025-10-21,East,Apparel,2,119.13,44.04,VIP
108811,2025-10-21,North,Apparel,1,24.0,9.99,New Customer
108812,2025-10-21,North,Electronics,1,163.48,25.07,New Customer
108813,2025-10-21,East,Sports & Outdoors,1,53.59,15.76,VIP
108814,2025-10-21,North,Beauty,1,31.54,14.78,Returning Customer
108815,2025-10-21,West,Apparel,2,41.22,14.01,New Customer
108816,2025-10-21,North,Home & Kitchen,1,70.35,23.03,New Customer
108817,2025-10-21,East,Home & Kitchen,1,85.82,20.04,Returning Customer
108818,2025-10-21,North,Beauty,1,32.79,14.05,New Customer
108819,2025-10-21,North,Home & Kitchen,2,152.77,54.96,New Customer
108820,2025-10-21,East,Sports & Outdoors,2,124.04,36.91,New Customer
108821,2025-10-21,West,Sports & Outdoors,1,57.16,17.25,VIP
108822,2025-10-21,West,Apparel,2,31.84,12.82,VIP
108823,2025-10-21,South,Home & Kitchen,1,83.4,19.79,New Customer
108824,2025-10-21,North,Home & Kitchen,2,98.99,22.74,New Customer
108825,2025-10-21,South,Home & Kitchen,2,118.86,35.79,Returning Customer
108826,2025-10-21,North,Beauty,1,27.59,11.72,Returning Customer
108827,2025-10-21,East,Apparel,1,46.4,16.05,VIP
108828,2025-10-21,West,Electronics,2,282.82,30.64,Returning Customer
108829,2025-10-21,East,Electronics,1,152.44,29.0,New Customer
108830,2025-10-21,South,Home & Kitchen,2,143.29,40.29,New Customer
108831,2025-10-21,West,Electronics,2,373.87,65.91,VIP
108832,2025-10-21,West,Sports & Outdoors,2,111.21,34.85,VIP
108833,2025-10-21,East,Home & Kitchen,1,49.66,15.29,VIP
108834,2025-10-21,North,Electronics,2,492.76,105.29,VIP
108835,2025-10-22,East,Sports & Outdoors,1,70.46,20.51,Returning Customer
108836,2025-10-22,South,Electronics,1,140.96,30.71,New Customer
108837,2025-10-22,West,Electronics,2,217.63,34.82,New Customer
108838,2025-10-22,North,Electronics,1,202.29,38.88,New Customer
108839,2025-10-22,South,Beauty,1,21.76,8.64,VIP
108840,2025-10-22,North,Apparel,2,117.05,37.05,Returning Customer
108841,2025-10-22,South,Beauty,2,58.13,26.94,New Customer
108842,2025-10-22,West,Electronics,2,202.9,36.35,VIP
108843,2025-10-22,East,Home & Kitchen,2,143.11,44.54,New Customer
108844,2025-10-22,West,Electronics,1,138.93,27.91,New Customer
108845,2025-10-22,West,Beauty,2,56.49,26.46,New Customer
108846,2025-10-22,West,Home & Kitchen,1,49.02,14.44,VIP
108847,2025-10-22,East,Electronics,2,456.2,69.9,New Customer
108848,2025-10-22,North,Sports & Outdoors,2,113.29,28.19,Returning Customer
108849,2025-10-22,East,Home & Kitchen,1,57.33,16.61,New Customer
108850,2025-10-22,South,Apparel,2,73.3,24.31,New Customer
108851,2025-10-22,South,Electronics,1,187.66,39.39,New Customer
108852,2025-10-22,North,Sports & Outdoors,1,11.02,3.26,New Customer
108853,2025-10-22,North,Electronics,2,357.85,61.62,Returning Customer
108854,2025-10-22,East,Apparel,1,42.23,16.11,Returning Customer
108855,2025-10-22,East,Apparel,2,102.53,34.85,Returning Customer
108856,2025-10-22,East,Sports & Outdoors,2,75.72,21.85,New Customer
108857,2025-10-22,East,Home & Kitchen,1,72.32,21.7,New Customer
108858,2025-10-22,North,Electronics,2,287.52,52.61,New Customer
108859,2025-10-22,South,Beauty,2,44.53,18.4,VIP
108860,2025-10-22,South,Sports & Outdoors,2,118.55,36.47,Returning Customer
108861,2025-10-22,East,Apparel,2,91.53,36.02,New Customer
108862,2025-10-22,South,Apparel,1,48.7,17.06,VIP
108863,2025-10-22,East,Electronics,2,353.06,58.49,VIP
108864,2025-10-22,East,Apparel,1,49.69,19.02,Returning Customer
108865,2025-10-22,East,Home & Kitchen,2,108.27,25.93,VIP
108866,2025-10-22,South,Sports & Outdoors,1,72.04,21.24,VIP
108867,2025-10-23,North,Electronics,2,398.91,74.72,VIP
108868,2025-10-23,South,Electronics,2,323.99,69.98,New Customer
108869,2025-10-23,West,Beauty,2,48.54,21.29,New Customer
108870,2025-10-23,East,Home & Kitchen,1,51.4,12.5,Returning Customer
108871,2025-10-23,East,Electronics,1,198.22,37.26,New Customer
108872,2025-10-23,North,Apparel,2,127.88,42.34,New Customer
108873,2025-10-23,South,Electronics,2,490.43,84.23,VIP
108874,2025-10-23,East,Beauty,1,24.25,9.94,New Customer
108875,2025-10-23,North,Apparel,1,34.13,12.33,Returning Customer
108876,2025-10-23,West,Home & Kitchen,2,124.76,34.68,New Customer
108877,2025-10-23,East,Home & Kitchen,1,73.71,21.53,Returning Customer
108878,2025-10-23,West,Sports & Outdoors,1,59.8,18.55,Returning Customer
108879,2025-10-23,East,Apparel,2,94.77,29.0,Returning Customer
108880,2025-10-23,East,Apparel,1,38.09,15.26,New Customer
108881,2025-10-23,South,Beauty,1,19.17,7.3,New Customer
108882,2025-10-23,South,Electronics,1,178.03,37.69,Returning Customer
108883,2025-10-23,West,Sports & Outdoors,1,68.26,22.14,New Customer
108884,2025-10-23,East,Beauty,1,14.65,6.57,New Customer
108885,2025-10-23,North,Home & Kitchen,2,118.6,33.48,Returning Customer
108886,2025-10-23,East,Electronics,1,220.85,37.2,Returning Customer
108887,2025-10-23,East,Sports & Outdoors,2,137.93,39.01,New Customer
108888,2025-10-23,West,Electronics,1,142.3,17.75,Returning Customer
108889,2025-10-23,North,Electronics,1,236.14,43.06,New Customer
108890,2025-10-23,West,Beauty,2,72.63,31.27,VIP
108891,2025-10-23,East,Apparel,2,121.5,45.88,Returning Customer
108892,2025-10-23,North,Beauty,2,82.78,33.38,New Customer
108893,2025-10-23,South,Electronics,2,193.29,33.61,Returning Customer
108894,2025-10-24,West,Beauty,2,56.6,25.17,VIP
108895,2025-10-24,South,Home & Kitchen,1,61.89,18.23,New Customer
108896,2025-10-24,South,Apparel,2,82.37,24.77,Returning Customer
108897,2025-10-24,East,Sports & Outdoors,1,45.85,15.32,New Customer
108898,2025-10-24,West,Home & Kitchen,2,126.02,26.76,Returning Customer
108899,2025-10-24,North,Apparel,1,23.25,8.37,New Customer
108900,2025-10-24,North,Electronics,2,424.88,81.2,New Customer
108901,2025-10-24,South,Beauty,2,45.75,20.23,Returning Customer
108902,2025-10-24,East,Apparel,2,102.9,32.04,Returning Customer
108903,2025-10-24,North,Sports & Outdoors,1,73.22,24.94,Returning Customer
108904,2025-10-24,East,Home & Kitchen,1,77.66,19.57,Returning Customer
108905,2025-10-24,North,Electronics,2,384.87,78.5,Returning Customer
108906,2025-10-24,South,Beauty,2,50.72,20.67,Returning Customer
108907,2025-10-24,South,Home & Kitchen,1,65.95,19.48,Returning Customer
108908,2025-10-24,South,Home & Kitchen,1,73.36,22.62,Returning Customer
108909,2025-10-24,West,Sports & Outdoors,2,106.02,26.73,Returning Customer
108910,2025-10-24,South,Beauty,1,29.72,14.64,New Customer
108911,2025-10-24,West,Electronics,2,437.85,71.45,New Customer
108912,2025-10-24,West,Electronics,2,328.56,60.47,New Customer
108913,2025-10-24,South,Apparel,1,46.96,15.85,New Customer
108914,2025-10-24,North,Home & Kitchen,1,44.61,12.15,New Customer
108915,2025-10-24,South,Apparel,2,67.39,24.99,New Customer
108916,2025-10-24,East,Beauty,2,60.04,25.48,New Customer
108917,2025-10-24,South,Electronics,1,207.4,42.76,New Customer
108918,2025-10-24,East,Beauty,2,70.37,32.4,New Customer
108919,2025-10-24,West,Apparel,1,40.49,15.17,Returning Customer
108920,2025-10-24,South,Apparel,1,35.79,12.9,New Customer
108921,2025-10-24,East,Home & Kitchen,1,64.17,18.82,VIP
108922,2025-10-24,South,Electronics,2,344.28,61.96,Returning Customer
108923,2025-10-24,West,Home & Kitchen,2,148.77,47.04,Returning Customer
108924,2025-10-24,West,Apparel,2,115.92,46.44,New Customer
108925,2025-10-24,North,Sports & Outdoors,1,63.89,18.43,New Customer
108926,2025-10-24,East,Apparel,2,106.87,42.51,New Customer
108927,2025-10-24,South,Apparel,2,91.32,30.58,Returning Customer
108928,2025-10-24,North,Beauty,1,37.73,16.75,VIP
108929,2025-10-24,West,Electronics,2,385.43,70.79,New Customer
108930,2025-10-25,West,Home & Kitchen,2,151.22,38.23,New Customer
108931,2025-10-25,South,Apparel,1,51.32,18.78,Returning Customer
108932,2025-10-25,North,Apparel,2,77.98,26.45,New Customer
108933,2025-10-25,West,Apparel,2,51.87,17.33,Returning Customer
108934,2025-10-25,West,Beauty,2,59.45,24.06,New Customer
108935,2025-10-25,South,Sports & Outdoors,2,68.47,21.41,Returning Customer
108936,2025-10-25,East,Electronics,1,113.13,16.88,New Customer
108937,2025-10-25,West,Apparel,1,40.05,13.36,Returning Customer
108938,2025-10-25,East,Home & Kitchen,2,187.24,60.79,New Customer
108939,2025-10-25,North,Electronics,2,502.08,97.25,VIP
108940,2025-10-25,East,Beauty,2,49.92,21.22,Returning Customer
108941,2025-10-25,West,Home & Kitchen,2,147.94,42.28,New Customer
108942,2025-10-25,West,Home & Kitchen,2,167.5,49.5,New Customer
108943,2025-10-25,South,Apparel,2,67.52,23.61,Returning Customer
108944,2025-10-25,East,Electronics,2,393.27,60.25,New Customer
108945,2025-10-25,West,Home & Kitchen,2,177.62,51.83,New Customer
108946,2025-10-25,West,Apparel,2,75.55,24.8,New Customer
108947,2025-10-25,East,Apparel,2,87.36,32.27,New Customer
108948,2025-10-25,South,Sports & Outdoors,2,129.78,38.89,Returning Customer
108949,2025-10-25,West,Electronics,2,313.01,74.17,Returning Customer
108950,2025-10-25,North,Apparel,1,51.2,18.73,Returning Customer
108951,2025-10-25,West,Apparel,1,38.58,12.95,New Customer
108952,2025-10-25,West,Electronics,2,448.03,103.8,New Customer
108953,2025-10-25,East,Home & Kitchen,1,66.06,19.02,New Customer
108954,2025-10-25,East,Electronics,2,359.31,75.93,New Customer
108955,2025-10-25,North,Electronics,2,271.5,48.41,Returning Customer
108956,2025-10-25,North,Apparel,1,44.37,14.89,VIP
108957,2025-10-25,South,Apparel,1,58.9,22.17,Returning Customer
108958,2025-10-25,East,Apparel,2,56.89,19.77,New Customer
108959,2025-10-25,East,Sports & Outdoors,1,59.48,18.41,VIP
108960,2025-10-25,South,Electronics,1,223.19,34.3,Returning Customer
108961,2025-10-25,West,Apparel,2,110.01,39.7,Returning Customer
108962,2025-10-25,East,Beauty,2,66.56,26.24,VIP
108963,2025-10-25,West,Apparel,2,116.67,44.3,New Customer
108964,2025-10-25,North,Sports & Outdoors,2,152.34,43.5,Returning Customer
108965,2025-10-25,South,Home & Kitchen,2,162.11,44.52,Returning Customer
108966,2025-10-25,West,Home & Kitchen,1,72.34,19.82,Returning Customer
108967,2025-10-25,North,Electronics,2,250.37,44.1,VIP
108968,2025-10-25,East,Beauty,1,26.56,8.26,Returning Customer
108969,2025-10-25,North,Electronics,1,238.8,31.47,New Customer
108970,2025-10-25,North,Apparel,1,57.35,22.93,New Customer
108971,2025-10-26,East,Beauty,1,26.59,10.37,New Customer
108972,2025-10-26,North,Beauty,2,51.9,22.31,New Customer
108973,2025-10-26,West,Beauty,2,58.46,26.6,Returning Customer
108974,2025-10-26,South,Home & Kitchen,1,61.18,18.88,VIP
108975,2025-10-26,West,Apparel,1,32.08,10.33,Returning Customer
108976,2025-10-26,North,Home & Kitchen,2,178.88,44.85,New Customer
108977,2025-10-26,East,Electronics,1,223.31,28.32,New Customer
108978,2025-10-26,West,Home & Kitchen,1,64.29,21.82,VIP
108979,2025-10-26,North,Electronics,1,140.7,25.95,New Customer
108980,2025-10-26,West,Electronics,1,177.78,45.02,New Customer
108981,2025-10-26,East,Beauty,2,63.03,25.35,Returning Customer
108982,2025-10-26,North,Electronics,1,205.59,34.79,Returning Customer
108983,2025-10-26,South,Beauty,1,30.83,13.46,Returning Customer
108984,2025-10-26,South,Beauty,1,29.82,13.29,Returning Customer
108985,2025-10-26,East,Electronics,2,372.31,84.11,Returning Customer
108986,2025-10-26,East,Beauty,1,28.14,12.72,Returning Customer
108987,2025-10-26,North,Beauty,1,32.14,13.67,Returning Customer
108988,2025-10-26,North,Home & Kitchen,1,44.01,11.99,New Customer
108989,2025-10-26,East,Apparel,1,26.44,7.87,VIP
108990,2025-10-26,East,Home & Kitchen,2,146.46,41.39,Returning Customer
108991,2025-10-26,North,Apparel,1,49.5,17.91,Returning Customer
108992,2025-10-26,South,Electronics,1,175.54,29.19,Returning Customer
108993,2025-10-26,South,Apparel,1,42.62,14.62,Returning Customer
108994,2025-10-26,North,Home & Kitchen,2,157.58,41.48,Returning Customer
108995,2025-10-26,South,Sports & Outdoors,1,86.56,28.08,VIP
108996,2025-10-26,East,Electronics,2,361.18,62.99,Returning Customer
108997,2025-10-26,West,Electronics,2,409.18,88.94,Returning Customer
108998,2025-10-26,East,Beauty,1,27.9,11.78,VIP
108999,2025-10-26,East,Beauty,2,37.95,14.9,New Customer
109000,2025-10-26,North,Apparel,2,47.36,16.87,New Customer
109001,2025-10-26,South,Apparel,1,24.44,8.02,Returning Customer
109002,2025-10-26,South,Home & Kitchen,1,53.1,16.97,Returning Customer
109003,2025-10-27,North,Electronics,1,165.07,30.51,New Customer
109004,2025-10-27,North,Apparel,2,67.89,21.66,VIP
109005,2025-10-27,North,Apparel,1,44.05,16.54,New Customer
109006,2025-10-27,East,Electronics,2,240.95,39.5,Returning Customer
109007,2025-10-27,West,Apparel,1,34.03,11.37,New Customer
109008,2025-10-27,East,Electronics,2,272.47,33.52,Returning Customer
109009,2025-10-27,South,Home & Kitchen,2,138.76,40.39,Returning Customer
109010,2025-10-27,East,Electronics,2,466.94,102.7,VIP
109011,2025-10-27,South,Home & Kitchen,2,123.34,30.82,Returning Customer
109012,2025-10-27,North,Beauty,2,57.59,25.39,New Customer
109013,2025-10-27,West,Beauty,2,60.54,25.47,New Customer
109014,2025-10-27,North,Home & Kitchen,2,143.14,50.63,VIP
109015,2025-10-27,West,Electronics,2,459.64,87.04,Returning Customer
109016,2025-10-27,North,Home & Kitchen,2,113.96,30.34,Returning Customer
109017,2025-10-27,East,Apparel,1,54.5,18.84,Returning Customer
109018,2025-10-27,West,Home & Kitchen,2,153.68,39.6,New Customer
109019,2025-10-27,East,Sports & Outdoors,1,60.6,18.27,Returning Customer
109020,2025-10-27,North,Home & Kitchen,2,151.48,36.34,VIP
109021,2025-10-27,West,Beauty,2,61.16,24.35,VIP
109022,2025-10-27,East,Electronics,2,450.67,89.47,Returning Customer
109023,2025-10-27,South,Sports & Outdoors,1,34.44,9.84,New Customer
109024,2025-10-27,East,Electronics,1,281.48,52.75,Returning Customer
109025,2025-10-27,North,Electronics,1,186.84,24.06,Returning Customer
109026,2025-10-28,East,Beauty,1,37.4,17.04,Returning Customer
109027,2025-10-28,East,Apparel,1,44.03,17.12,Returning Customer
109028,2025-10-28,North,Apparel,1,41.3,16.37,Returning Customer
109029,2025-10-28,East,Apparel,1,60.34,21.51,VIP
109030,2025-10-28,North,Beauty,2,46.1,18.68,New Customer
109031,2025-10-28,South,Electronics,2,356.63,72.16,Returning Customer
109032,2025-10-28,South,Electronics,2,354.72,64.29,New Customer
109033,2025-10-28,West,Electronics,1,139.88,24.34,New Customer
109034,2025-10-28,West,Electronics,2,581.5,107.0,New Customer
109035,2025-10-28,North,Beauty,1,24.31,11.12,New Customer
109036,2025-10-28,South,Home & Kitchen,1,62.34,17.82,Returning Customer
109037,2025-10-28,West,Beauty,1,34.02,16.03,Returning Customer
109038,2025-10-28,South,Electronics,1,100.29,15.86,New Customer
109039,2025-10-28,North,Home & Kitchen,1,72.1,22.39,Returning Customer
109040,2025-10-28,West,Electronics,2,378.05,63.7,VIP
109041,2025-10-28,South,Beauty,1,29.4,12.41,New Customer
109042,2025-10-28,South,Sports & Outdoors,1,57.03,16.9,New Customer
109043,2025-10-28,North,Sports & Outdoors,1,25.38,7.78,New Customer
109044,2025-10-28,South,Sports & Outdoors,1,62.26,19.35,New Customer
109045,2025-10-29,East,Electronics,2,363.99,74.06,New Customer
109046,2025-10-29,East,Sports & Outdoors,1,39.12,12.76,New Customer
109047,2025-10-29,South,Beauty,1,32.31,13.23,New Customer
109048,2025-10-29,South,Home & Kitchen,1,88.6,24.98,Returning Customer
109049,2025-10-29,West,Electronics,1,207.35,37.42,VIP
109050,2025-10-29,East,Beauty,2,57.36,24.37,New Customer
109051,2025-10-29,North,Electronics,1,264.9,40.0,Returning Customer
109052,2025-10-29,North,Beauty,1,34.33,14.63,VIP
109053,2025-10-29,East,Apparel,2,73.51,23.85,New Customer
109054,2025-10-29,North,Home & Kitchen,2,127.49,33.35,New Customer
109055,2025-10-29,East,Electronics,2,403.05,82.33,Returning Customer
109056,2025-10-29,East,Sports & Outdoors,1,45.93,14.37,Returning Customer
109057,2025-10-29,North,Apparel,1,57.92,22.44,New Customer
109058,2025-10-29,South,Apparel,1,29.77,11.32,VIP
109059,2025-10-29,East,Apparel,2,90.12,34.91,New Customer
109060,2025-10-29,North,Home & Kitchen,2,91.42,30.28,New Customer
109061,2025-10-29,East,Beauty,1,29.92,11.57,Returning Customer
109062,2025-10-29,West,Electronics,1,144.65,28.06,New Customer
109063,2025-10-29,North,Home & Kitchen,2,134.32,35.19,New Customer
109064,2025-10-29,South,Electronics,2,314.42,87.0,VIP
109065,2025-10-29,North,Home & Kitchen,2,175.69,48.66,New Customer
109066,2025-10-29,East,Home & Kitchen,1,54.6,17.64,New Customer
109067,2025-10-29,North,Electronics,2,47.8,9.68,New Customer
109068,2025-10-29,South,Apparel,1,40.92,15.17,VIP
109069,2025-10-30,West,Apparel,2,130.95,46.59,Returning Customer
109070,2025-10-30,North,Electronics,2,297.22,52.7,Returning Customer
109071,2025-10-30,North,Home & Kitchen,2,80.02,23.44,VIP
109072,2025-10-30,North,Apparel,1,39.12,11.94,New Customer
109073,2025-10-30,North,Apparel,1,32.63,11.5,New Customer
109074,2025-10-30,West,Sports & Outdoors,1,79.38,20.67,VIP
109075,2025-10-30,South,Apparel,1,57.16,20.51,VIP
109076,2025-10-30,North,Sports & Outdoors,2,99.77,32.37,New Customer
109077,2025-10-30,East,Apparel,1,39.53,14.67,VIP
109078,2025-10-30,South,Home & Kitchen,1,65.03,20.02,Returning Customer
109079,2025-10-30,West,Sports & Outdoors,2,130.72,31.99,VIP
109080,2025-10-30,South,Beauty,2,74.51,31.09,New Customer
109081,2025-10-30,South,Electronics,1,188.29,34.56,Returning Customer
109082,2025-10-30,North,Beauty,1,32.91,14.69,VIP
109083,2025-10-30,North,Apparel,1,47.12,17.74,VIP
109084,2025-10-30,West,Home & Kitchen,2,117.51,30.84,VIP
109085,2025-10-30,West,Home & Kitchen,2,132.3,36.85,Returning Customer
109086,2025-10-30,North,Apparel,1,43.44,16.87,VIP
109087,2025-10-30,North,Home & Kitchen,2,154.93,41.4,VIP
109088,2025-10-30,East,Electronics,1,177.42,30.59,New Customer
109089,2025-10-30,West,Beauty,1,35.76,15.58,VIP
109090,2025-10-30,West,Home & Kitchen,1,36.82,11.02,New Customer
109091,2025-10-30,North,Apparel,2,106.64,41.35,New Customer
109092,2025-10-30,South,Apparel,1,48.94,15.71,Returning Customer
109093,2025-10-30,West,Electronics,2,360.12,72.5,Returning Customer
109094,2025-10-30,West,Home & Kitchen,1,50.12,13.43,New Customer
109095,2025-10-30,North,Apparel,1,45.75,14.46,Returning Customer
109096,2025-10-31,West,Apparel,1,47.25,18.23,New Customer
109097,2025-10-31,West,Home & Kitchen,1,48.79,13.98,New Customer
109098,2025-10-31,South,Electronics,2,342.44,60.63,New Customer
109099,2025-10-31,North,Home & Kitchen,1,68.98,20.67,New Customer
109100,2025-10-31,North,Sports & Outdoors,1,51.52,15.56,New Customer
109101,2025-10-31,East,Apparel,1,51.41,17.23,VIP
109102,2025-10-31,North,Apparel,2,115.61,40.81,Returning Customer
109103,2025-10-31,South,Beauty,1,23.26,9.53,Returning Customer
109104,2025-10-31,East,Electronics,1,147.47,25.32,VIP
109105,2025-10-31,North,Apparel,2,85.53,33.49,Returning Customer
109106,2025-10-31,South,Electronics,1,232.33,52.04,Returning Customer
109107,2025-10-31,East,Electronics,2,427.36,72.76,New Customer
109108,2025-10-31,North,Beauty,1,16.05,7.16,Returning Customer
109109,2025-10-31,North,Beauty,2,59.69,27.61,New Customer
109110,2025-10-31,South,Apparel,1,35.58,14.22,VIP
109111,2025-10-31,East,Home & Kitchen,1,77.96,20.37,Returning Customer
109112,2025-10-31,North,Sports & Outdoors,2,97.64,28.64,Returning Customer
109113,2025-10-31,South,Beauty,1,26.26,10.38,Returning Customer
109114,2025-10-31,West,Sports & Outdoors,2,163.12,54.16,Returning Customer
109115,2025-10-31,North,Home & Kitchen,2,97.31,17.77,VIP
109116,2025-10-31,North,Electronics,2,296.81,45.27,New Customer
109117,2025-10-31,North,Apparel,2,115.89,39.89,New Customer
109118,2025-10-31,West,Home & Kitchen,1,51.6,12.77,Returning Customer
109119,2025-10-31,East,Apparel,1,42.41,16.69,Returning Customer
109120,2025-10-31,East,Apparel,2,69.64,23.48,Returning Customer
109121,2025-10-31,North,Beauty,2,68.75,30.32,Returning Customer
109122,2025-10-31,South,Home & Kitchen,1,77.94,19.23,VIP
109123,2025-11-01,North,Electronics,1,131.31,21.67,Returning Customer
109124,2025-11-01,West,Electronics,1,151.52,23.22,VIP
109125,2025-11-01,North,Apparel,2,134.59,44.4,New Customer
109126,2025-11-01,North,Electronics,2,243.36,38.39,Returning Customer
109127,2025-11-01,West,Beauty,2,53.97,22.32,VIP
109128,2025-11-01,West,Beauty,2,72.53,28.97,New Customer
109129,2025-11-01,West,Beauty,1,22.05,8.57,New Customer
109130,2025-11-01,South,Sports & Outdoors,2,66.86,19.83,New Customer
109131,2025-11-01,East,Electronics,2,295.3,48.52,Returning Customer
109132,2025-11-01,West,Electronics,2,397.36,65.03,New Customer
109133,2025-11-01,West,Home & Kitchen,1,82.74,20.36,New Customer
109134,2025-11-01,West,Electronics,2,241.98,35.55,Returning Customer
109135,2025-11-01,East,Home & Kitchen,1,97.19,26.87,VIP
109136,2025-11-01,North,Home & Kitchen,1,75.76,18.28,New Customer
109137,2025-11-01,North,Sports & Outdoors,1,55.21,12.99,Returning Customer
109138,2025-11-01,East,Beauty,2,48.76,20.6,VIP
109139,2025-11-01,West,Electronics,1,144.75,25.14,Returning Customer
109140,2025-11-01,East,Sports & Outdoors,2,104.04,32.65,New Customer
109141,2025-11-01,South,Beauty,1,39.95,15.64,Returning Customer
109142,2025-11-01,North,Sports & Outdoors,1,74.7,21.83,Returning Customer
109143,2025-11-01,North,Apparel,2,92.65,29.12,Returning Customer
109144,2025-11-01,South,Apparel,2,92.46,34.99,Returning Customer
109145,2025-11-01,East,Home & Kitchen,1,66.94,18.43,Returning Customer
109146,2025-11-01,East,Home & Kitchen,1,81.19,24.71,Returning Customer
109147,2025-11-01,South,Sports & Outdoors,2,65.27,18.5,Returning Customer
109148,2025-11-01,East,Electronics,2,471.66,67.78,Returning Customer
109149,2025-11-01,North,Home & Kitchen,2,56.21,17.75,Returning Customer
109150,2025-11-01,West,Apparel,1,34.86,12.73,Returning Customer
109151,2025-11-01,West,Beauty,1,31.07,12.66,Returning Customer
109152,2025-11-01,West,Apparel,2,147.13,50.89,Returning Customer
109153,2025-11-01,East,Home & Kitchen,2,161.95,38.9,VIP
109154,2025-11-01,West,Sports & Outdoors,1,47.99,16.27,Returning Customer
109155,2025-11-01,East,Apparel,1,61.7,22.65,New Customer
109156,2025-11-01,North,Electronics,1,199.63,35.87,Returning Customer
109157,2025-11-01,West,Home & Kitchen,1,48.51,11.95,VIP
109158,2025-11-01,West,Apparel,2,76.01,29.55,VIP
109159,2025-11-01,South,Electronics,2,404.04,58.81,New Customer
109160,2025-11-01,North,Beauty,2,76.25,33.04,New Customer
109161,2025-11-01,East,Sports & Outdoors,2,86.43,26.15,Returning Customer
109162,2025-11-01,North,Home & Kitchen,2,137.8,38.99,Returning Customer
109163,2025-11-01,South,Beauty,2,49.05,20.31,Returning Customer
109164,2025-11-01,South,Electronics,2,258.76,49.88,New Customer
109165,2025-11-01,South,Electronics,2,397.03,62.01,Returning Customer
109166,2025-11-01,North,Electronics,1,128.79,18.51,New Customer
109167,2025-11-01,West,Sports & Outdoors,2,56.53,17.58,Returning Customer
109168,2025-11-01,South,Electronics,2,373.39,80.44,Returning Customer
109169,2025-11-01,East,Beauty,1,20.93,9.18,Returning Customer
109170,2025-11-01,West,Electronics,2,431.45,63.11,VIP
109171,2025-11-01,North,Electronics,2,295.81,66.16,New Customer
109172,2025-11-01,North,Beauty,2,54.31,19.71,Returning Customer
109173,2025-11-01,North,Sports & Outdoors,1,62.41,14.59,New Customer
109174,2025-11-01,West,Sports & Outdoors,1,68.44,19.27,New Customer
109175,2025-11-01,West,Electronics,1,126.72,25.88,VIP
109176,2025-11-01,West,Electronics,1,201.32,33.49,New Customer
109177,2025-11-01,West,Home & Kitchen,1,71.59,19.58,New Customer
109178,2025-11-01,North,Home & Kitchen,2,97.99,27.17,Returning Customer
109179,2025-11-01,North,Beauty,1,40.62,15.98,New Customer
109180,2025-11-01,South,Beauty,2,50.35,19.08,New Customer
109181,2025-11-01,West,Electronics,2,303.35,54.24,New Customer
109182,2025-11-01,North,Electronics,2,306.57,55.87,New Customer
109183,2025-11-02,North,Apparel,1,51.44,16.41,New Customer
109184,2025-11-02,West,Sports & Outdoors,2,124.6,37.98,Returning Customer
109185,2025-11-02,North,Sports & Outdoors,2,116.19,31.37,Returning Customer
109186,2025-11-02,North,Sports & Outdoors,2,112.95,33.32,VIP
109187,2025-11-02,North,Electronics,2,197.37,29.48,New Customer
109188,2025-11-02,South,Apparel,2,88.21,30.47,New Customer
109189,2025-11-02,North,Beauty,1,25.69,9.78,VIP
109190,2025-11-02,North,Apparel,1,64.72,24.26,VIP
109191,2025-11-02,North,Home & Kitchen,2,114.81,27.91,Returning Customer
109192,2025-11-02,North,Sports & Outdoors,2,108.54,36.33,New Customer
109193,2025-11-02,North,Home & Kitchen,1,79.23,27.33,VIP
109194,2025-11-02,West,Electronics,1,234.02,36.55,Returning Customer
109195,2025-11-02,East,Sports & Outdoors,2,122.68,38.4,New Customer
109196,2025-11-02,East,Sports & Outdoors,1,45.47,11.14,VIP
109197,2025-11-02,North,Electronics,1,152.88,26.73,Returning Customer
109198,2025-11-02,North,Electronics,2,421.88,90.68,VIP
109199,2025-11-02,West,Electronics,2,357.03,52.66,VIP
109200,2025-11-02,North,Sports & Outdoors,2,59.87,17.05,VIP
109201,2025-11-02,West,Electronics,2,394.89,50.12,New Customer
109202,2025-11-02,North,Beauty,1,24.9,10.07,VIP
109203,2025-11-02,West,Beauty,1,26.83,11.33,New Customer
109204,2025-11-02,North,Home & Kitchen,1,38.99,11.68,Returning Customer
109205,2025-11-02,West,Electronics,1,84.23,13.23,New Customer
109206,2025-11-02,South,Beauty,2,55.46,25.19,New Customer
109207,2025-11-02,East,Beauty,2,20.21,8.55,Returning Customer
109208,2025-11-02,East,Home & Kitchen,1,52.38,13.92,New Customer
109209,2025-11-02,South,Apparel,1,54.82,19.46,New Customer
109210,2025-11-02,North,Apparel,2,100.24,33.74,VIP
109211,2025-11-02,North,Beauty,2,59.54,23.73,New Customer
109212,2025-11-02,East,Apparel,2,111.32,34.3,VIP
109213,2025-11-02,North,Sports & Outdoors,2,88.46,28.11,New Customer
109214,2025-11-02,South,Apparel,1,51.05,17.53,New Customer
109215,2025-11-02,West,Beauty,2,49.87,20.93,Returning Customer
109216,2025-11-02,North,Apparel,2,97.65,36.75,Returning Customer
109217,2025-11-02,West,Beauty,1,38.31,18.91,New Customer
109218,2025-11-02,South,Beauty,2,75.98,32.95,Returning Customer
109219,2025-11-02,East,Apparel,1,34.66,11.87,New Customer
109220,2025-11-02,North,Electronics,2,410.12,90.04,New Customer
109221,2025-11-02,West,Electronics,1,224.61,48.96,New Customer
109222,2025-11-02,South,Electronics,1,130.67,22.58,New Customer
109223,2025-11-02,East,Home & Kitchen,2,138.99,36.12,New Customer
109224,2025-11-02,South,Home & Kitchen,2,123.61,44.27,VIP
109225,2025-11-02,South,Apparel,2,107.92,36.28,New Customer
109226,2025-11-02,West,Home & Kitchen,1,55.99,12.45,VIP
109227,2025-11-02,East,Apparel,2,111.59,31.39,New Customer
109228,2025-11-02,South,Electronics,2,439.94,82.61,VIP
109229,2025-11-02,North,Home & Kitchen,1,68.35,19.75,New Customer
109230,2025-11-02,North,Electronics,1,195.53,36.4,Returning Customer
109231,2025-11-02,East,Electronics,1,170.68,33.16,Returning Customer
109232,2025-11-02,East,Home & Kitchen,1,42.94,13.91,Returning Customer
109233,2025-11-02,East,Home & Kitchen,2,106.84,31.99,New Customer
109234,2025-11-02,West,Home & Kitchen,2,119.58,38.65,VIP
109235,2025-11-02,North,Apparel,2,133.4,49.86,Returning Customer
109236,2025-11-02,North,Electronics,2,417.47,65.71,VIP
109237,2025-11-02,East,Home & Kitchen,2,152.93,46.21,New Customer
109238,2025-11-02,North,Electronics,2,441.35,79.55,New Customer
109239,2025-11-03,South,Home & Kitchen,2,106.46,30.2,Returning Customer
109240,2025-11-03,West,Electronics,1,213.75,45.32,New Customer
109241,2025-11-03,South,Apparel,1,52.54,19.3,Returning Customer
109242,2025-11-03,South,Apparel,2,107.76,41.48,VIP
109243,2025-11-03,South,Beauty,2,44.11,19.24,Returning Customer
109244,2025-11-03,West,Home & Kitchen,2,120.86,31.89,Returning Customer
109245,2025-11-03,East,Home & Kitchen,1,79.62,21.95,VIP
109246,2025-11-03,East,Beauty,1,30.05,12.63,New Customer
109247,2025-11-03,South,Sports & Outdoors,2,83.67,26.66,Returning Customer
109248,2025-11-03,East,Sports & Outdoors,2,95.46,27.99,Returning Customer
109249,2025-11-03,East,Beauty,1,20.22,9.16,New Customer
109250,2025-11-03,West,Beauty,2,40.39,14.26,New Customer
109251,2025-11-03,North,Apparel,2,142.95,51.57,Returning Customer
109252,2025-11-03,South,Home & Kitchen,2,166.15,38.3,New Customer
109253,2025-11-03,East,Electronics,1,201.35,37.62,New Customer
109254,2025-11-03,West,Electronics,2,423.84,90.2,New Customer
109255,2025-11-03,North,Apparel,1,38.98,13.43,VIP
109256,2025-11-03,West,Beauty,1,20.01,8.28,VIP
109257,2025-11-03,East,Apparel,1,54.64,20.69,Returning Customer
109258,2025-11-03,North,Electronics,1,201.91,29.08,New Customer
109259,2025-11-03,North,Apparel,1,53.2,18.93,VIP
109260,2025-11-03,West,Home & Kitchen,2,176.11,41.57,Returning Customer
109261,2025-11-03,North,Home & Kitchen,1,92.52,25.47,New Customer
109262,2025-11-03,South,Home & Kitchen,2,135.37,43.27,New Customer
109263,2025-11-03,East,Sports & Outdoors,1,80.33,25.4,Returning Customer
109264,2025-11-03,East,Electronics,2,543.3,88.05,Returning Customer
109265,2025-11-03,North,Sports & Outdoors,1,51.03,17.67,New Customer
109266,2025-11-03,South,Electronics,1,158.53,34.33,Returning Customer
109267,2025-11-03,North,Beauty,1,37.59,16.07,New Customer
109268,2025-11-03,West,Sports & Outdoors,1,45.09,13.66,New Customer
109269,2025-11-03,East,Sports & Outdoors,1,40.62,12.37,Returning Customer
109270,2025-11-03,South,Electronics,2,501.33,54.23,VIP
109271,2025-11-03,West,Beauty,2,58.98,24.02,Returning Customer
109272,2025-11-03,West,Home & Kitchen,2,179.69,53.35,Returning Customer
109273,2025-11-03,West,Apparel,1,25.66,8.6,Returning Customer
109274,2025-11-03,East,Apparel,1,71.55,26.55,Returning Customer
109275,2025-11-03,South,Electronics,1,149.69,22.18,New Customer
109276,2025-11-03,East,Electronics,1,185.96,30.74,Returning Customer
109277,2025-11-03,South,Home & Kitchen,1,58.61,14.44,New Customer
109278,2025-11-03,South,Apparel,1,38.59,14.07,Returning Customer
109279,2025-11-03,West,Home & Kitchen,2,123.4,33.04,New Customer
109280,2025-11-03,North,Electronics,2,440.06,70.67,New Customer
109281,2025-11-03,North,Apparel,1,50.08,19.27,New Customer
109282,2025-11-03,South,Home & Kitchen,2,72.24,18.85,Returning Customer
109283,2025-11-03,West,Apparel,1,62.77,22.23,Returning Customer
109284,2025-11-03,North,Apparel,1,60.17,22.42,VIP
109285,2025-11-03,West,Sports & Outdoors,2,145.19,47.98,New Customer
109286,2025-11-03,West,Apparel,1,54.45,22.0,New Customer
109287,2025-11-03,West,Home & Kitchen,1,74.03,23.15,New Customer
109288,2025-11-03,North,Electronics,2,393.46,64.58,Returning Customer
109289,2025-11-03,West,Beauty,1,33.12,15.17,VIP
109290,2025-11-03,North,Apparel,2,113.0,39.44,VIP
109291,2025-11-03,East,Beauty,1,22.39,10.26,Returning Customer
109292,2025-11-03,West,Electronics,2,334.93,56.27,New Customer
109293,2025-11-03,West,Sports & Outdoors,1,50.91,15.47,Returning Customer
109294,2025-11-03,South,Electronics,2,325.26,56.13,Returning Customer
109295,2025-11-03,West,Home & Kitchen,1,66.62,18.09,VIP
109296,2025-11-03,North,Sports & Outdoors,1,45.64,14.3,New Customer
109297,2025-11-03,South,Electronics,1,196.92,34.94,New Customer
109298,2025-11-03,North,Home & Kitchen,1,65.95,20.32,New Customer
109299,2025-11-03,East,Apparel,2,102.48,36.6,Returning Customer
109300,2025-11-04,East,Electronics,1,178.89,32.56,VIP
109301,2025-11-04,East,Electronics,1,164.83,22.8,Returning Customer
109302,2025-11-04,East,Electronics,2,366.99,62.74,Returning Customer
109303,2025-11-04,West,Home & Kitchen,1,61.9,16.4,Returning Customer
109304,2025-11-04,East,Beauty,2,63.87,29.02,Returning Customer
109305,2025-11-04,West,Electronics,1,247.36,46.46,New Customer
109306,2025-11-04,North,Apparel,2,106.48,38.2,Returning Customer
109307,2025-11-04,North,Home & Kitchen,2,172.63,48.54,VIP
109308,2025-11-04,North,Beauty,2,38.92,16.15,Returning Customer
109309,2025-11-04,North,Sports & Outdoors,1,55.17,16.64,Returning Customer
109310,2025-11-04,West,Beauty,1,40.39,16.62,VIP
109311,2025-11-04,South,Beauty,2,62.16,24.69,Returning Customer
109312,2025-11-04,West,Beauty,1,27.16,10.34,Returning Customer
109313,2025-11-04,East,Home & Kitchen,2,124.69,35.23,Returning Customer
109314,2025-11-04,South,Beauty,2,43.51,18.11,Returning Customer
109315,2025-11-04,North,Beauty,1,29.19,12.48,New Customer
109316,2025-11-04,West,Beauty,1,27.8,11.8,Returning Customer
109317,2025-11-04,West,Apparel,2,95.03,35.93,Returning Customer
109318,2025-11-04,South,Apparel,2,78.71,23.79,VIP
109319,2025-11-04,West,Apparel,1,51.76,17.47,New Customer
109320,2025-11-04,North,Home & Kitchen,1,59.56,16.16,New Customer
109321,2025-11-04,North,Electronics,2,420.52,99.06,New Customer
109322,2025-11-04,South,Beauty,1,24.32,10.98,New Customer
109323,2025-11-04,West,Apparel,2,75.0,28.76,Returning Customer
109324,2025-11-04,North,Home & Kitchen,2,123.4,26.54,New Customer
109325,2025-11-04,North,Home & Kitchen,1,50.18,15.11,New Customer
109326,2025-11-04,North,Home & Kitchen,1,78.49,23.13,Returning Customer
109327,2025-11-04,West,Apparel,2,80.83,31.48,New Customer
109328,2025-11-04,South,Home & Kitchen,1,54.7,15.48,Returning Customer
109329,2025-11-04,West,Sports & Outdoors,1,53.11,16.82,New Customer
109330,2025-11-04,East,Apparel,2,83.06,33.0,New Customer
109331,2025-11-04,West,Apparel,2,92.5,32.93,VIP
109332,2025-11-04,North,Apparel,1,54.82,20.5,New Customer
109333,2025-11-04,South,Electronics,2,329.64,49.56,New Customer
109334,2025-11-04,East,Apparel,1,41.16,14.35,Returning Customer
109335,2025-11-04,East,Home & Kitchen,2,52.04,15.66,New Customer
109336,2025-11-05,North,Beauty,1,33.07,13.55,Returning Customer
109337,2025-11-05,West,Apparel,2,76.66,27.32,New Customer
109338,2025-11-05,North,Electronics,2,329.69,61.97,New Customer
109339,2025-11-05,East,Home & Kitchen,1,69.67,19.16,New Customer
109340,2025-11-05,North,Electronics,1,162.93,29.35,New Customer
109341,2025-11-05,North,Electronics,2,300.81,56.52,Returning Customer
109342,2025-11-05,South,Electronics,1,223.36,44.16,New Customer
109343,2025-11-05,West,Electronics,2,313.57,49.65,New Customer
109344,2025-11-05,East,Sports & Outdoors,1,50.75,15.75,Returning Customer
109345,2025-11-05,North,Apparel,1,48.37,18.11,VIP
109346,2025-11-05,East,Beauty,2,51.32,19.54,New Customer
109347,2025-11-05,West,Sports & Outdoors,2,94.48,29.54,VIP
109348,2025-11-05,East,Electronics,1,133.36,27.82,Returning Customer
109349,2025-11-05,North,Home & Kitchen,1,74.35,18.96,VIP
109350,2025-11-05,East,Home & Kitchen,1,47.94,13.55,Returning Customer
109351,2025-11-05,South,Beauty,1,37.88,14.55,Returning Customer
109352,2025-11-05,North,Electronics,2,182.98,23.89,VIP
109353,2025-11-05,North,Apparel,2,65.46,22.32,New Customer
109354,2025-11-05,West,Beauty,2,64.37,27.69,New Customer
109355,2025-11-05,South,Home & Kitchen,1,62.04,16.42,VIP
109356,2025-11-05,East,Apparel,1,50.56,17.86,Returning Customer
109357,2025-11-05,East,Electronics,1,198.39,16.03,Returning Customer
109358,2025-11-05,North,Electronics,2,414.28,80.75,New Customer
109359,2025-11-05,North,Sports & Outdoors,2,97.48,30.77,Returning Customer
109360,2025-11-05,North,Electronics,1,153.06,25.59,New Customer
109361,2025-11-05,West,Home & Kitchen,1,71.49,22.72,New Customer
109362,2025-11-05,South,Electronics,2,286.26,45.69,Returning Customer
109363,2025-11-05,North,Beauty,2,66.56,31.27,Returning Customer
109364,2025-11-05,East,Apparel,2,113.04,37.51,Returning Customer
109365,2025-11-05,South,Beauty,2,72.2,31.01,Returning Customer
109366,2025-11-05,North,Apparel,1,57.85,21.88,Returning Customer
109367,2025-11-05,West,Apparel,1,61.98,21.6,VIP
109368,2025-11-05,South,Sports & Outdoors,1,40.51,13.12,New Customer
109369,2025-11-05,West,Electronics,1,196.88,27.91,Returning Customer
109370,2025-11-05,North,Apparel,2,88.58,29.88,Returning Customer
109371,2025-11-05,North,Beauty,1,30.54,11.7,Returning Customer
109372,2025-11-05,South,Apparel,1,75.2,28.08,VIP
109373,2025-11-05,East,Electronics,2,461.59,90.09,Returning Customer
109374,2025-11-05,West,Sports & Outdoors,2,112.54,38.14,Returning Customer
109375,2025-11-05,East,Apparel,2,66.86,22.44,New Customer
109376,2025-11-05,South,Home & Kitchen,1,69.74,21.25,New Customer
109377,2025-11-05,North,Beauty,2,39.66,17.84,Returning Customer
109378,2025-11-05,West,Home & Kitchen,1,68.88,18.04,New Customer
109379,2025-11-05,South,Apparel,1,53.7,21.03,VIP
109380,2025-11-05,South,Beauty,1,28.07,10.61,VIP
109381,2025-11-05,East,Beauty,1,35.42,14.37,VIP
109382,2025-11-05,West,Home & Kitchen,1,64.4,13.57,New Customer
109383,2025-11-05,East,Beauty,1,31.45,10.55,Returning Customer
109384,2025-11-05,East,Electronics,2,367.71,69.68,VIP
109385,2025-11-05,North,Sports & Outdoors,2,101.17,30.29,New Customer
109386,2025-11-05,East,Apparel,2,92.72,33.21,VIP
109387,2025-11-05,East,Sports & Outdoors,1,44.15,12.79,Returning Customer
109388,2025-11-05,South,Electronics,2,492.23,97.15,Returning Customer
109389,2025-11-05,East,Sports & Outdoors,1,44.05,12.22,Returning Customer
109390,2025-11-05,South,Sports & Outdoors,1,37.3,10.13,Returning Customer
109391,2025-11-05,North,Electronics,2,370.57,74.95,Returning Customer
109392,2025-11-05,West,Apparel,2,100.79,34.95,Returning Customer
109393,2025-11-05,North,Home & Kitchen,1,83.62,21.17,Returning Customer
109394,2025-11-05,South,Beauty,2,66.62,29.12,Returning Customer
109395,2025-11-05,North,Home & Kitchen,1,47.27,11.99,VIP
109396,2025-11-05,East,Home & Kitchen,1,64.62,18.0,VIP
109397,2025-11-05,South,Home & Kitchen,1,43.33,12.39,New Customer
109398,2025-11-05,East,Apparel,2,84.34,27.59,New Customer
109399,2025-11-05,North,Apparel,2,77.91,27.54,Returning Customer
109400,2025-11-05,East,Home & Kitchen,2,107.24,35.91,Returning Customer
109401,2025-11-05,West,Electronics,2,253.95,37.34,Returning Customer
109402,2025-11-05,East,Apparel,2,17.52,5.61,New Customer
109403,2025-11-06,North,Apparel,2,54.95,23.68,Returning Customer
109404,2025-11-06,North,Electronics,2,198.84,40.75,Returning Customer
109405,2025-11-06,North,Apparel,2,66.0,26.41,Returning Customer
109406,2025-11-06,South,Apparel,2,77.95,25.75,Returning Customer
109407,2025-11-06,North,Apparel,1,50.6,17.22,New Customer
109408,2025-11-06,North,Electronics,1,117.09,25.17,VIP
109409,2025-11-06,West,Apparel,1,44.53,16.33,New Customer
109410,2025-11-06,West,Apparel,1,40.5,16.15,Returning Customer
109411,2025-11-06,East,Electronics,1,151.41,20.65,New Customer
109412,2025-11-06,West,Home & Kitchen,2,152.49,50.42,Returning Customer
109413,2025-11-06,North,Electronics,1,186.65,36.82,Returning Customer
109414,2025-11-06,East,Beauty,2,56.05,24.54,New Customer
109415,2025-11-06,North,Home & Kitchen,1,37.45,11.14,VIP
109416,2025-11-06,North,Apparel,2,129.31,48.99,VIP
109417,2025-11-06,West,Electronics,2,395.01,72.24,Returning Customer
109418,2025-11-06,West,Electronics,1,212.31,42.7,Returning Customer
109419,2025-11-06,North,Beauty,1,13.82,5.97,Returning Customer
109420,2025-11-06,East,Home & Kitchen,2,117.8,36.75,New Customer
109421,2025-11-06,South,Home & Kitchen,2,136.78,42.01,VIP
109422,2025-11-06,West,Electronics,1,189.04,35.86,Returning Customer
109423,2025-11-06,East,Apparel,1,39.99,12.34,New Customer
109424,2025-11-06,West,Electronics,1,136.14,32.53,New Customer
109425,2025-11-06,East,Beauty,1,33.26,13.76,Returning Customer
109426,2025-11-06,South,Apparel,2,93.84,34.93,VIP
109427,2025-11-06,North,Electronics,1,181.88,33.01,Returning Customer
109428,2025-11-06,West,Sports & Outdoors,1,47.78,13.81,New Customer
109429,2025-11-06,South,Apparel,2,98.45,34.95,New Customer
109430,2025-11-06,North,Apparel,1,34.61,12.22,Returning Customer
109431,2025-11-06,East,Beauty,1,22.28,9.2,Returning Customer
109432,2025-11-06,East,Apparel,1,57.97,20.6,New Customer
109433,2025-11-06,East,Beauty,2,51.97,18.47,New Customer
109434,2025-11-06,West,Apparel,1,55.02,18.33,New Customer
109435,2025-11-06,West,Home & Kitchen,2,123.4,36.12,Returning Customer
109436,2025-11-06,South,Electronics,2,381.59,72.54,VIP
109437,2025-11-06,North,Beauty,2,46.57,19.26,New Customer
109438,2025-11-06,North,Electronics,1,66.43,13.29,Returning Customer
109439,2025-11-06,East,Beauty,1,35.39,14.08,Returning Customer
109440,2025-11-06,North,Beauty,1,23.03,8.91,VIP
109441,2025-11-06,West,Electronics,2,383.63,68.71,New Customer
109442,2025-11-06,South,Electronics,1,204.02,19.24,VIP
109443,2025-11-06,West,Apparel,2,120.44,38.56,New Customer
109444,2025-11-06,South,Home & Kitchen,2,131.65,31.45,VIP
109445,2025-11-06,South,Beauty,1,32.77,13.81,New Customer
109446,2025-11-06,North,Sports & Outdoors,2,60.25,16.52,Returning Customer
109447,2025-11-06,East,Apparel,2,100.71,35.64,New Customer
109448,2025-11-06,North,Sports & Outdoors,2,167.38,54.5,Returning Customer
109449,2025-11-06,North,Home & Kitchen,1,63.48,20.73,Returning Customer
109450,2025-11-06,East,Apparel,1,55.86,19.9,New Customer
109451,2025-11-06,South,Apparel,1,48.19,16.49,New Customer
109452,2025-11-06,South,Electronics,2,386.82,78.67,New Customer
109453,2025-11-06,West,Apparel,1,51.31,19.23,Returning Customer
109454,2025-11-06,East,Home & Kitchen,1,64.79,18.88,New Customer
109455,2025-11-06,West,Electronics,1,99.11,14.67,VIP
109456,2025-11-07,South,Apparel,1,57.9,22.5,New Customer
109457,2025-11-07,East,Home & Kitchen,2,130.24,37.36,VIP
109458,2025-11-07,South,Home & Kitchen,2,102.27,21.59,VIP
109459,2025-11-07,South,Beauty,1,24.06,9.46,New Customer
109460,2025-11-07,East,Home & Kitchen,2,143.09,40.53,New Customer
109461,2025-11-07,North,Apparel,1,38.76,11.75,Returning Customer
109462,2025-11-07,East,Electronics,2,610.54,115.93,New Customer
109463,2025-11-07,West,Beauty,2,42.15,18.65,Returning Customer
109464,2025-11-07,East,Electronics,2,317.6,61.62,New Customer
109465,2025-11-07,East,Home & Kitchen,2,125.9,39.01,New Customer
109466,2025-11-07,East,Electronics,2,465.43,78.63,Returning Customer
109467,2025-11-07,West,Beauty,1,27.76,10.36,New Customer
109468,2025-11-07,North,Home & Kitchen,1,48.72,13.23,Returning Customer
109469,2025-11-07,West,Beauty,1,17.77,7.68,VIP
109470,2025-11-07,West,Home & Kitchen,2,122.73,31.68,New Customer
109471,2025-11-07,West,Electronics,2,198.23,28.74,VIP
109472,2025-11-07,South,Apparel,1,53.82,17.19,VIP
109473,2025-11-07,West,Home & Kitchen,2,74.01,18.73,New Customer
109474,2025-11-07,West,Electronics,1,115.29,17.01,New Customer
109475,2025-11-07,South,Apparel,2,67.45,26.52,New Customer
109476,2025-11-07,South,Apparel,1,56.24,21.43,Returning Customer
109477,2025-11-07,West,Electronics,2,386.85,72.66,New Customer
109478,2025-11-07,North,Beauty,1,28.25,12.17,New Customer
109479,2025-11-07,East,Home & Kitchen,1,53.07,13.42,Returning Customer
109480,2025-11-07,West,Apparel,1,40.73,14.06,New Customer
109481,2025-11-07,North,Sports & Outdoors,1,51.12,13.74,New Customer
109482,2025-11-07,East,Electronics,2,301.18,49.37,Returning Customer
109483,2025-11-07,South,Beauty,1,27.64,9.92,VIP
109484,2025-11-07,South,Electronics,1,205.51,43.09,Returning Customer
109485,2025-11-07,East,Electronics,1,240.17,35.48,Returning Customer
109486,2025-11-07,North,Electronics,2,482.34,83.27,New Customer
109487,2025-11-07,West,Beauty,1,34.62,14.54,Returning Customer
109488,2025-11-07,South,Electronics,2,350.73,57.97,Returning Customer
109489,2025-11-07,South,Electronics,2,466.18,93.72,Returning Customer
109490,2025-11-07,East,Electronics,1,87.23,18.7,New Customer
109491,2025-11-07,East,Apparel,1,41.28,14.73,Returning Customer
109492,2025-11-07,North,Beauty,1,44.73,18.44,New Customer
109493,2025-11-07,South,Electronics,2,295.47,46.59,VIP
109494,2025-11-07,North,Apparel,2,143.81,57.32,New Customer
109495,2025-11-07,South,Beauty,2,58.97,24.27,Returning Customer
109496,2025-11-07,North,Beauty,1,27.3,11.78,New Customer
109497,2025-11-07,East,Electronics,2,352.65,70.63,Returning Customer
109498,2025-11-07,West,Electronics,2,386.82,77.94,Returning Customer
109499,2025-11-07,North,Beauty,2,65.56,27.14,VIP
109500,2025-11-07,West,Beauty,1,25.51,10.73,Returning Customer
109501,2025-11-07,South,Home & Kitchen,2,190.13,55.77,New Customer
109502,2025-11-07,West,Home & Kitchen,2,97.2,26.56,New Customer
109503,2025-11-07,South,Sports & Outdoors,1,41.7,10.96,Returning Customer
109504,2025-11-07,West,Apparel,1,42.73,14.35,Returning Customer
109505,2025-11-07,South,Home & Kitchen,2,112.62,30.55,Returning Customer
109506,2025-11-07,West,Beauty,2,77.38,34.29,VIP
109507,2025-11-07,North,Sports & Outdoors,2,98.03,24.72,Returning Customer
109508,2025-11-07,North,Sports & Outdoors,2,80.36,24.47,VIP
109509,2025-11-07,West,Apparel,2,82.05,23.35,Returning Customer
109510,2025-11-07,East,Beauty,2,38.36,16.39,New Customer
109511,2025-11-07,East,Apparel,2,87.97,32.23,Returning Customer
109512,2025-11-08,South,Electronics,2,570.57,100.92,New Customer
109513,2025-11-08,North,Home & Kitchen,2,136.72,34.35,Returning Customer
109514,2025-11-08,North,Home & Kitchen,2,128.97,35.3,Returning Customer
109515,2025-11-08,East,Apparel,1,41.34,15.13,Returning Customer
109516,2025-11-08,North,Apparel,2,103.59,32.97,Returning Customer
109517,2025-11-08,East,Home & Kitchen,2,146.84,36.58,New Customer
109518,2025-11-08,South,Beauty,1,20.85,8.52,New Customer
109519,2025-11-08,East,Apparel,1,47.94,17.83,New Customer
109520,2025-11-08,North,Home & Kitchen,2,110.42,26.64,VIP
109521,2025-11-08,North,Home & Kitchen,1,67.11,18.95,Returning Customer
109522,2025-11-08,West,Electronics,2,367.35,71.06,New Customer
109523,2025-11-08,East,Electronics,2,531.94,102.15,Returning Customer
109524,2025-11-08,North,Home & Kitchen,2,116.91,39.64,Returning Customer
109525,2025-11-08,East,Beauty,1,20.8,8.64,Returning Customer
109526,2025-11-08,South,Sports & Outdoors,1,50.08,11.95,VIP
109527,2025-11-08,East,Electronics,1,196.36,33.68,VIP
109528,2025-11-08,West,Electronics,2,410.67,87.28,Returning Customer
109529,2025-11-08,North,Apparel,1,34.03,11.36,New Customer
109530,2025-11-08,South,Electronics,1,191.4,30.67,Returning Customer
109531,2025-11-08,East,Beauty,1,34.27,14.41,New Customer
109532,2025-11-08,West,Sports & Outdoors,1,30.24,8.97,New Customer
109533,2025-11-08,North,Beauty,1,25.52,10.54,Returning Customer
109534,2025-11-08,South,Beauty,1,33.35,14.77,Returning Customer
109535,2025-11-08,North,Apparel,1,58.13,21.9,Returning Customer
109536,2025-11-08,North,Electronics,2,355.15,66.78,Returning Customer
109537,2025-11-08,West,Electronics,1,107.76,23.86,Returning Customer
109538,2025-11-08,South,Apparel,2,75.87,27.65,New Customer
109539,2025-11-08,East,Home & Kitchen,2,171.22,52.94,Returning Customer
109540,2025-11-08,East,Apparel,2,96.69,36.99,VIP
109541,2025-11-08,South,Home & Kitchen,2,135.86,35.2,Returning Customer
109542,2025-11-08,North,Apparel,2,97.58,31.49,Returning Customer
109543,2025-11-08,West,Electronics,2,306.81,51.85,New Customer
109544,2025-11-08,North,Electronics,1,141.47,27.22,New Customer
109545,2025-11-08,West,Electronics,1,169.63,24.76,New Customer
109546,2025-11-08,East,Electronics,2,570.14,98.55,New Customer
109547,2025-11-08,South,Apparel,2,110.57,35.82,New Customer
109548,2025-11-08,East,Apparel,1,41.41,13.75,Returning Customer
109549,2025-11-08,North,Home & Kitchen,1,57.43,15.58,New Customer
109550,2025-11-08,West,Beauty,2,84.59,35.39,New Customer
109551,2025-11-08,East,Electronics,2,302.78,51.3,Returning Customer
109552,2025-11-08,South,Beauty,2,44.92,18.78,VIP
109553,2025-11-08,South,Home & Kitchen,1,49.18,14.91,New Customer
109554,2025-11-08,East,Home & Kitchen,2,41.52,10.11,New Customer
109555,2025-11-08,North,Electronics,1,108.48,15.59,Returning Customer
109556,2025-11-08,West,Apparel,1,31.87,11.23,New Customer
109557,2025-11-08,East,Sports & Outdoors,1,43.61,12.21,Returning Customer
109558,2025-11-08,North,Electronics,2,391.91,89.27,Returning Customer
109559,2025-11-08,East,Home & Kitchen,2,138.61,41.74,Returning Customer
109560,2025-11-08,East,Sports & Outdoors,1,42.62,12.59,New Customer
109561,2025-11-08,South,Home & Kitchen,2,63.07,13.34,Returning Customer
109562,2025-11-08,East,Apparel,2,103.93,41.9,New Customer
109563,2025-11-08,South,Apparel,2,120.99,40.85,New Customer
109564,2025-11-08,North,Beauty,2,39.86,14.84,New Customer
109565,2025-11-08,East,Apparel,2,85.58,28.56,Returning Customer
109566,2025-11-08,South,Apparel,1,42.77,15.77,New Customer
109567,2025-11-08,East,Electronics,2,435.73,76.24,New Customer
109568,2025-11-08,South,Apparel,1,40.51,14.39,New Customer
109569,2025-11-08,East,Sports & Outdoors,1,31.64,11.69,Returning Customer
109570,2025-11-08,West,Home & Kitchen,1,64.71,16.83,Returning Customer
109571,2025-11-08,East,Sports & Outdoors,2,90.12,30.22,New Customer
109572,2025-11-08,South,Electronics,2,319.78,71.66,Returning Customer
109573,2025-11-08,East,Electronics,1,206.48,42.37,Returning Customer
109574,2025-11-08,East,Electronics,1,161.42,29.94,New Customer
109575,2025-11-08,North,Beauty,2,63.73,27.31,Returning Customer
109576,2025-11-08,South,Electronics,2,494.79,90.82,New Customer
109577,2025-11-08,North,Beauty,1,26.65,11.81,Returning Customer
109578,2025-11-08,South,Beauty,2,51.29,21.65,Returning Customer
109579,2025-11-08,North,Beauty,1,34.19,13.71,VIP
109580,2025-11-08,North,Electronics,2,402.23,74.99,New Customer
109581,2025-11-08,South,Beauty,2,64.79,26.38,New Customer
109582,2025-11-09,North,Home & Kitchen,1,66.83,21.15,Returning Customer
109583,2025-11-09,South,Electronics,2,334.26,63.19,VIP
109584,2025-11-09,North,Electronics,2,431.72,71.63,New Customer
109585,2025-11-09,South,Beauty,2,58.11,24.83,Returning Customer
109586,2025-11-09,North,Beauty,2,33.41,14.9,Returning Customer
109587,2025-11-09,West,Apparel,2,150.48,50.53,New Customer
109588,2025-11-09,North,Beauty,1,25.48,11.6,VIP
109589,2025-11-09,East,Apparel,2,72.34,25.29,Returning Customer
109590,2025-11-09,South,Home & Kitchen,1,73.33,17.58,VIP
109591,2025-11-09,North,Home & Kitchen,2,194.36,59.83,New Customer
109592,2025-11-09,North,Apparel,1,52.62,21.22,Returning Customer
109593,2025-11-09,East,Beauty,1,27.87,11.4,Returning Customer
109594,2025-11-09,West,Home & Kitchen,1,71.77,20.26,New Customer
109595,2025-11-09,North,Home & Kitchen,1,59.02,17.14,Returning Customer
109596,2025-11-09,East,Beauty,1,21.09,9.56,New Customer
109597,2025-11-09,South,Sports & Outdoors,2,145.38,46.75,VIP
109598,2025-11-09,East,Apparel,2,83.64,25.95,VIP
109599,2025-11-09,North,Beauty,2,66.04,28.85,Returning Customer
109600,2025-11-09,North,Beauty,1,21.07,7.95,Returning Customer
109601,2025-11-09,North,Apparel,2,68.48,22.76,New Customer
109602,2025-11-09,North,Beauty,1,19.2,8.65,Returning Customer
109603,2025-11-09,East,Beauty,1,18.93,8.47,New Customer
109604,2025-11-09,North,Apparel,2,85.04,29.95,New Customer
109605,2025-11-09,East,Electronics,1,231.06,42.21,Returning Customer
109606,2025-11-09,South,Apparel,2,108.09,35.54,Returning Customer
109607,2025-11-09,North,Electronics,1,129.81,23.43,Returning Customer
109608,2025-11-09,North,Sports & Outdoors,2,21.98,7.83,VIP
109609,2025-11-09,North,Apparel,1,49.96,18.36,Returning Customer
109610,2025-11-09,North,Electronics,2,408.47,77.78,VIP
109611,2025-11-09,West,Electronics,2,485.06,77.95,New Customer
109612,2025-11-09,East,Apparel,1,45.43,16.73,Returning Customer
109613,2025-11-09,West,Electronics,2,437.5,68.04,Returning Customer
109614,2025-11-09,South,Home & Kitchen,2,162.07,47.77,New Customer
109615,2025-11-09,North,Electronics,2,460.0,52.92,New Customer
109616,2025-11-09,South,Beauty,2,59.53,24.05,New Customer
109617,2025-11-09,North,Home & Kitchen,1,70.2,16.96,Returning Customer
109618,2025-11-09,North,Sports & Outdoors,1,31.3,10.24,Returning Customer
109619,2025-11-09,South,Apparel,1,39.53,13.32,New Customer
109620,2025-11-09,West,Sports & Outdoors,2,57.54,21.78,VIP
109621,2025-11-09,East,Electronics,1,207.54,36.66,VIP
109622,2025-11-09,West,Apparel,2,56.85,21.1,Returning Customer
109623,2025-11-09,South,Electronics,2,382.99,88.99,New Customer
109624,2025-11-09,East,Apparel,1,28.56,10.53,Returning Customer
109625,2025-11-09,South,Home & Kitchen,2,113.81,32.71,New Customer
109626,2025-11-09,North,Electronics,2,379.67,53.38,New Customer
109627,2025-11-09,West,Electronics,1,200.82,34.64,New Customer
109628,2025-11-09,South,Apparel,2,124.71,41.85,VIP
109629,2025-11-09,North,Beauty,2,32.86,12.98,New Customer
109630,2025-11-09,East,Apparel,2,115.58,35.88,VIP
109631,2025-11-09,South,Beauty,2,46.82,18.94,New Customer
109632,2025-11-09,North,Apparel,2,86.19,27.94,Returning Customer
109633,2025-11-09,East,Beauty,1,30.98,12.83,Returning Customer
109634,2025-11-09,North,Home & Kitchen,1,65.32,16.71,VIP
109635,2025-11-09,East,Beauty,1,38.33,15.37,VIP
109636,2025-11-10,East,Beauty,1,22.93,11.53,VIP
109637,2025-11-10,North,Home & Kitchen,2,120.04,35.19,VIP
109638,2025-11-10,East,Electronics,1,167.89,28.26,VIP
109639,2025-11-10,East,Electronics,2,347.75,62.0,VIP
109640,2025-11-10,South,Electronics,2,265.13,42.57,New Customer
109641,2025-11-10,North,Apparel,1,28.62,8.91,New Customer
109642,2025-11-10,West,Electronics,1,233.08,44.95,New Customer
109643,2025-11-10,North,Electronics,1,139.99,27.95,New Customer
109644,2025-11-10,West,Electronics,2,235.65,34.73,New Customer
109645,2025-11-10,South,Beauty,2,54.52,22.82,New Customer
109646,2025-11-10,North,Apparel,2,94.41,39.49,New Customer
109647,2025-11-10,North,Home & Kitchen,1,77.11,21.44,Returning Customer
109648,2025-11-10,South,Beauty,1,25.98,10.93,VIP
109649,2025-11-10,North,Apparel,2,117.61,36.63,Returning Customer
109650,2025-11-10,South,Electronics,2,386.96,71.23,VIP
109651,2025-11-10,East,Sports & Outdoors,2,57.81,19.21,New Customer
109652,2025-11-10,West,Sports & Outdoors,2,116.25,32.3,New Customer
109653,2025-11-10,East,Home & Kitchen,1,35.22,11.15,New Customer
109654,2025-11-10,North,Electronics,2,183.51,35.52,VIP
109655,2025-11-10,West,Apparel,2,78.0,27.43,Returning Customer
109656,2025-11-10,North,Apparel,1,41.9,15.04,VIP
109657,2025-11-10,North,Apparel,1,54.08,19.6,New Customer
109658,2025-11-10,East,Apparel,1,48.92,14.91,Returning Customer
109659,2025-11-10,East,Beauty,2,45.85,16.44,VIP
109660,2025-11-10,East,Apparel,2,109.54,33.15,Returning Customer
109661,2025-11-10,East,Sports & Outdoors,1,58.43,16.07,Returning Customer
109662,2025-11-10,South,Home & Kitchen,2,65.52,16.78,Returning Customer
109663,2025-11-10,West,Sports & Outdoors,1,53.65,13.77,New Customer
109664,2025-11-10,South,Home & Kitchen,2,106.76,31.91,New Customer
109665,2025-11-10,North,Sports & Outdoors,2,104.63,33.56,Returning Customer
109666,2025-11-10,West,Apparel,1,56.62,19.69,Returning Customer
109667,2025-11-10,North,Electronics,1,208.1,28.98,Returning Customer
109668,2025-11-10,North,Apparel,2,136.16,47.7,Returning Customer
109669,2025-11-10,South,Apparel,2,84.13,28.17,New Customer
109670,2025-11-10,East,Apparel,2,94.81,35.59,New Customer
109671,2025-11-10,South,Home & Kitchen,1,60.32,17.18,Returning Customer
109672,2025-11-10,East,Beauty,1,34.24,16.85,New Customer
109673,2025-11-10,West,Sports & Outdoors,1,57.16,18.24,Returning Customer
109674,2025-11-10,South,Beauty,1,33.33,11.47,VIP
109675,2025-11-10,North,Home & Kitchen,1,65.22,19.73,New Customer
109676,2025-11-10,East,Beauty,2,75.61,32.59,Returning Customer
109677,2025-11-10,South,Apparel,1,43.48,17.28,New Customer
109678,2025-11-10,West,Beauty,2,60.26,27.0,Returning Customer
109679,2025-11-10,North,Home & Kitchen,2,195.12,57.3,VIP
109680,2025-11-10,East,Electronics,2,254.92,54.06,Returning Customer
109681,2025-11-10,East,Apparel,1,60.58,21.53,Returning Customer
109682,2025-11-10,North,Beauty,2,44.01,18.5,VIP
109683,2025-11-10,North,Electronics,2,393.27,45.53,Returning Customer
109684,2025-11-10,South,Sports & Outdoors,2,110.4,39.52,Returning Customer
109685,2025-11-10,North,Sports & Outdoors,2,130.3,35.92,New Customer
109686,2025-11-10,West,Apparel,1,52.66,19.87,VIP
109687,2025-11-10,South,Sports & Outdoors,1,44.28,16.19,VIP
109688,2025-11-10,East,Electronics,1,164.96,25.18,New Customer
109689,2025-11-10,South,Electronics,1,177.88,41.66,Returning Customer
109690,2025-11-10,West,Beauty,1,21.27,7.95,Returning Customer
109691,2025-11-10,North,Apparel,1,40.61,13.99,VIP
109692,2025-11-11,South,Apparel,1,34.91,10.47,VIP
109693,2025-11-11,North,Home & Kitchen,1,75.31,21.8,Returning Customer
109694,2025-11-11,North,Sports & Outdoors,1,57.68,20.03,Returning Customer
109695,2025-11-11,North,Beauty,1,23.53,10.23,Returning Customer
109696,2025-11-11,East,Electronics,2,512.07,91.84,New Customer
109697,2025-11-11,East,Home & Kitchen,1,45.96,15.37,New Customer
109698,2025-11-11,West,Electronics,2,370.29,77.54,Returning Customer
109699,2025-11-11,West,Sports & Outdoors,1,44.67,13.42,New Customer
109700,2025-11-11,North,Sports & Outdoors,1,62.05,16.17,Returning Customer
109701,2025-11-11,South,Electronics,1,167.01,25.17,VIP
109702,2025-11-11,West,Apparel,2,78.16,24.79,Returning Customer
109703,2025-11-11,North,Electronics,2,280.02,43.13,New Customer
109704,2025-11-11,South,Beauty,2,61.03,24.6,New Customer
109705,2025-11-11,East,Home & Kitchen,2,152.15,38.15,New Customer
109706,2025-11-11,South,Apparel,2,98.23,34.61,Returning Customer
109707,2025-11-11,North,Home & Kitchen,2,186.25,57.42,Returning Customer
109708,2025-11-11,East,Beauty,1,31.53,12.06,New Customer
109709,2025-11-11,North,Home & Kitchen,2,183.91,55.12,Returning Customer
109710,2025-11-11,East,Beauty,1,26.24,11.87,Returning Customer
109711,2025-11-11,East,Sports & Outdoors,2,161.65,60.61,New Customer
109712,2025-11-11,West,Apparel,2,105.8,37.45,VIP
109713,2025-11-11,North,Apparel,1,50.48,18.6,Returning Customer
109714,2025-11-11,South,Apparel,1,39.39,14.4,Returning Customer
109715,2025-11-11,South,Apparel,2,86.35,25.11,New Customer
109716,2025-11-11,South,Apparel,1,27.09,8.77,VIP
109717,2025-11-11,North,Electronics,2,334.25,71.81,New Customer
109718,2025-11-11,South,Apparel,1,39.23,13.23,Returning Customer
109719,2025-11-11,West,Electronics,2,281.27,39.89,VIP
109720,2025-11-11,North,Electronics,2,415.2,84.25,New Customer
109721,2025-11-11,South,Electronics,2,360.7,68.53,Returning Customer
109722,2025-11-11,North,Electronics,1,229.07,46.58,Returning Customer
109723,2025-11-11,West,Apparel,2,98.58,39.23,New Customer
109724,2025-11-11,East,Beauty,2,47.65,19.14,VIP
109725,2025-11-11,South,Beauty,1,32.79,12.29,New Customer
109726,2025-11-11,South,Electronics,1,228.46,46.61,New Customer
109727,2025-11-11,North,Beauty,2,62.48,25.67,New Customer
109728,2025-11-11,North,Home & Kitchen,1,42.43,13.01,New Customer
109729,2025-11-11,West,Electronics,1,218.56,30.33,Returning Customer
109730,2025-11-11,East,Beauty,1,43.26,16.59,New Customer
109731,2025-11-11,North,Home & Kitchen,2,40.43,8.86,Returning Customer
109732,2025-11-11,North,Home & Kitchen,2,45.03,12.21,New Customer
109733,2025-11-11,West,Electronics,1,177.4,29.42,Returning Customer
109734,2025-11-11,East,Sports & Outdoors,1,29.37,7.91,VIP
109735,2025-11-11,North,Sports & Outdoors,1,41.19,12.24,New Customer
109736,2025-11-11,East,Home & Kitchen,1,59.93,18.83,Returning Customer
109737,2025-11-11,South,Sports & Outdoors,2,89.69,30.44,New Customer
109738,2025-11-11,South,Electronics,1,167.72,32.91,VIP
109739,2025-11-11,North,Beauty,1,21.52,8.59,New Customer
109740,2025-11-11,North,Apparel,1,43.87,13.25,New Customer
109741,2025-11-11,East,Beauty,1,29.76,11.97,Returning Customer
109742,2025-11-11,North,Electronics,1,128.2,19.14,Returning Customer
109743,2025-11-11,East,Electronics,2,569.77,130.09,New Customer
109744,2025-11-11,South,Home & Kitchen,2,177.7,45.99,New Customer
109745,2025-11-11,East,Home & Kitchen,2,139.99,30.62,New Customer
109746,2025-11-11,East,Home & Kitchen,1,55.6,16.2,Returning Customer
109747,2025-11-12,East,Sports & Outdoors,1,65.77,20.79,Returning Customer
109748,2025-11-12,East,Beauty,1,26.9,12.51,New Customer
109749,2025-11-12,East,Electronics,2,242.83,46.43,Returning Customer
109750,2025-11-12,North,Electronics,2,265.4,61.09,New Customer
109751,2025-11-12,West,Electronics,2,404.0,78.2,New Customer
109752,2025-11-12,South,Home & Kitchen,1,87.24,17.52,Returning Customer
109753,2025-11-12,West,Apparel,2,87.81,32.23,VIP
109754,2025-11-12,South,Apparel,1,41.33,15.37,New Customer
109755,2025-11-12,North,Apparel,2,67.32,27.71,VIP
109756,2025-11-12,West,Beauty,2,63.69,27.03,New Customer
109757,2025-11-12,South,Electronics,2,316.78,47.29,New Customer
109758,2025-11-12,North,Home & Kitchen,1,83.13,25.83,Returning Customer
109759,2025-11-12,East,Home & Kitchen,1,58.0,17.2,Returning Customer
109760,2025-11-12,South,Apparel,1,43.85,14.55,Returning Customer
109761,2025-11-12,South,Electronics,2,304.69,65.28,New Customer
109762,2025-11-12,South,Apparel,1,34.84,11.17,Returning Customer
109763,2025-11-12,East,Apparel,1,39.96,15.86,New Customer
109764,2025-11-12,West,Electronics,1,163.79,34.03,VIP
109765,2025-11-12,East,Sports & Outdoors,1,36.15,10.13,Returning Customer
109766,2025-11-12,South,Electronics,1,208.87,45.92,Returning Customer
109767,2025-11-12,West,Beauty,1,31.14,13.21,VIP
109768,2025-11-12,South,Home & Kitchen,1,34.44,9.1,New Customer
109769,2025-11-12,South,Apparel,1,53.1,19.54,VIP
109770,2025-11-12,South,Beauty,1,26.96,10.78,New Customer
109771,2025-11-12,North,Beauty,1,38.22,16.1,VIP
109772,2025-11-12,East,Apparel,1,51.27,19.12,VIP
109773,2025-11-12,North,Home & Kitchen,2,153.86,50.82,Returning Customer
109774,2025-11-12,East,Apparel,1,39.6,14.27,Returning Customer
109775,2025-11-12,West,Beauty,1,36.12,16.51,New Customer
109776,2025-11-12,North,Electronics,1,192.98,45.97,New Customer
109777,2025-11-12,West,Electronics,1,169.67,31.39,Returning Customer
109778,2025-11-12,West,Home & Kitchen,2,128.78,35.64,New Customer
109779,2025-11-12,North,Sports & Outdoors,2,77.47,23.94,New Customer
109780,2025-11-12,West,Home & Kitchen,1,85.54,25.27,Returning Customer
109781,2025-11-12,South,Home & Kitchen,2,110.73,33.67,New Customer
109782,2025-11-12,North,Home & Kitchen,2,93.6,23.06,VIP
109783,2025-11-12,South,Beauty,2,75.38,33.49,Returning Customer
109784,2025-11-12,West,Home & Kitchen,1,78.22,20.1,VIP
109785,2025-11-12,West,Home & Kitchen,1,62.54,18.76,New Customer
109786,2025-11-12,South,Sports & Outdoors,1,55.04,15.44,New Customer
109787,2025-11-12,West,Apparel,2,93.27,31.59,Returning Customer
109788,2025-11-12,North,Electronics,1,187.48,29.6,Returning Customer
109789,2025-11-12,North,Home & Kitchen,1,59.73,16.32,Returning Customer
109790,2025-11-12,East,Home & Kitchen,2,75.02,21.7,New Customer
109791,2025-11-12,South,Electronics,2,357.63,74.07,Returning Customer
109792,2025-11-12,North,Sports & Outdoors,2,76.3,24.71,New Customer
109793,2025-11-12,West,Home & Kitchen,2,154.96,46.93,Returning Customer
109794,2025-11-12,South,Apparel,2,92.31,30.04,New Customer
109795,2025-11-13,South,Home & Kitchen,1,75.63,21.62,VIP
109796,2025-11-13,West,Home & Kitchen,2,126.56,32.08,Returning Customer
109797,2025-11-13,South,Sports & Outdoors,2,134.46,41.95,Returning Customer
109798,2025-11-13,East,Home & Kitchen,1,81.84,21.56,VIP
109799,2025-11-13,North,Electronics,1,141.0,24.66,New Customer
109800,2025-11-13,West,Beauty,1,17.73,6.94,New Customer
109801,2025-11-13,East,Beauty,1,28.88,13.31,New Customer
109802,2025-11-13,West,Beauty,2,35.85,14.99,VIP
109803,2025-11-13,West,Electronics,1,214.34,40.75,Returning Customer
109804,2025-11-13,East,Electronics,1,103.34,17.97,New Customer
109805,2025-11-13,South,Electronics,1,249.95,41.73,New Customer
109806,2025-11-13,South,Apparel,2,64.99,22.16,New Customer
109807,2025-11-13,North,Home & Kitchen,1,57.58,16.87,New Customer
109808,2025-11-13,North,Home & Kitchen,1,30.63,8.18,New Customer
109809,2025-11-13,North,Sports & Outdoors,1,76.27,15.88,New Customer
109810,2025-11-13,East,Electronics,1,214.92,32.0,New Customer
109811,2025-11-13,West,Beauty,2,46.52,18.34,New Customer
109812,2025-11-13,East,Beauty,1,23.17,10.4,New Customer
109813,2025-11-13,North,Apparel,1,24.7,8.57,VIP
109814,2025-11-13,East,Apparel,1,40.65,15.28,New Customer
109815,2025-11-13,North,Beauty,1,38.27,16.06,New Customer
109816,2025-11-13,South,Sports & Outdoors,2,119.98,31.86,Returning Customer
109817,2025-11-13,East,Apparel,1,38.89,13.82,VIP
109818,2025-11-13,East,Apparel,1,25.59,7.6,New Customer
109819,2025-11-13,West,Sports & Outdoors,2,111.99,35.15,New Customer
109820,2025-11-13,East,Home & Kitchen,2,146.55,44.02,Returning Customer
109821,2025-11-13,West,Apparel,2,80.76,25.82,VIP
109822,2025-11-13,North,Apparel,1,45.75,14.85,New Customer
109823,2025-11-13,South,Apparel,1,34.89,13.72,Returning Customer
109824,2025-11-13,East,Apparel,2,97.84,37.64,Returning Customer
109825,2025-11-13,North,Electronics,2,178.2,31.04,Returning Customer
109826,2025-11-13,West,Beauty,1,24.1,9.24,New Customer
109827,2025-11-13,North,Apparel,2,68.85,23.78,VIP
109828,2025-11-13,North,Home & Kitchen,1,46.85,12.47,Returning Customer
109829,2025-11-13,South,Sports & Outdoors,1,36.59,11.64,New Customer
109830,2025-11-13,North,Home & Kitchen,2,68.06,21.49,New Customer
109831,2025-11-13,South,Sports & Outdoors,2,118.04,37.78,Returning Customer
109832,2025-11-13,South,Sports & Outdoors,1,69.58,20.54,New Customer
109833,2025-11-13,West,Beauty,2,50.7,22.99,Returning Customer
109834,2025-11-13,North,Home & Kitchen,2,126.84,34.55,VIP
109835,2025-11-13,North,Sports & Outdoors,2,118.18,39.29,New Customer
109836,2025-11-13,South,Apparel,1,58.65,18.39,Returning Customer
109837,2025-11-13,West,Electronics,2,333.6,64.89,VIP
109838,2025-11-13,East,Electronics,1,234.87,35.86,New Customer
109839,2025-11-13,East,Sports & Outdoors,1,37.86,11.38,Returning Customer
109840,2025-11-13,East,Electronics,2,348.83,45.56,Returning Customer
109841,2025-11-13,North,Home & Kitchen,1,67.04,17.58,New Customer
109842,2025-11-13,East,Sports & Outdoors,1,40.5,11.8,New Customer
109843,2025-11-13,East,Home & Kitchen,2,101.43,30.31,VIP
109844,2025-11-13,South,Electronics,2,225.97,39.8,New Customer
109845,2025-11-13,North,Beauty,1,25.22,11.62,New Customer
109846,2025-11-13,East,Sports & Outdoors,1,53.16,12.61,New Customer
109847,2025-11-13,West,Electronics,2,514.2,92.05,Returning Customer
109848,2025-11-13,East,Sports & Outdoors,1,50.33,16.54,New Customer
109849,2025-11-13,West,Electronics,1,205.91,37.56,VIP
109850,2025-11-13,North,Electronics,2,257.9,58.24,New Customer
109851,2025-11-13,North,Beauty,2,60.54,24.91,VIP
109852,2025-11-13,East,Apparel,1,28.12,10.03,New Customer
109853,2025-11-14,North,Apparel,2,104.88,34.19,Returning Customer
109854,2025-11-14,East,Home & Kitchen,2,132.48,33.39,New Customer
109855,2025-11-14,South,Electronics,1,228.23,32.33,Returning Customer
109856,2025-11-14,East,Apparel,1,38.33,11.37,Returning Customer
109857,2025-11-14,North,Electronics,2,374.84,66.28,VIP
109858,2025-11-14,West,Apparel,1,37.09,11.97,New Customer
109859,2025-11-14,East,Apparel,2,78.5,28.76,New Customer
109860,2025-11-14,North,Apparel,2,63.62,21.5,Returning Customer
109861,2025-11-14,West,Electronics,1,167.07,24.14,New Customer
109862,2025-11-14,North,Electronics,1,228.49,42.69,Returning Customer
109863,2025-11-14,North,Home & Kitchen,1,82.37,24.79,New Customer
109864,2025-11-14,South,Electronics,2,549.7,90.98,New Customer
109865,2025-11-14,East,Beauty,1,26.81,10.14,Returning Customer
109866,2025-11-14,North,Beauty,2,63.03,26.2,New Customer
109867,2025-11-14,East,Electronics,1,150.6,29.01,Returning Customer
109868,2025-11-14,East,Apparel,2,95.95,33.07,Returning Customer
109869,2025-11-14,South,Sports & Outdoors,2,105.02,26.26,VIP
109870,2025-11-14,South,Apparel,2,111.46,34.78,VIP
109871,2025-11-14,East,Electronics,2,439.95,98.03,New Customer
109872,2025-11-14,East,Apparel,2,123.34,48.14,VIP
109873,2025-11-14,South,Home & Kitchen,2,80.2,23.5,New Customer
109874,2025-11-14,East,Sports & Outdoors,1,73.83,22.83,Returning Customer
109875,2025-11-14,South,Electronics,2,147.78,24.9,Returning Customer
109876,2025-11-14,West,Apparel,1,36.24,13.18,Returning Customer
109877,2025-11-14,East,Electronics,2,284.58,63.16,Returning Customer
109878,2025-11-14,East,Sports & Outdoors,2,95.69,28.66,VIP
109879,2025-11-14,North,Electronics,2,275.08,44.69,Returning Customer
109880,2025-11-14,North,Home & Kitchen,2,130.9,34.85,Returning Customer
109881,2025-11-14,East,Sports & Outdoors,1,76.03,23.53,New Customer
109882,2025-11-14,East,Sports & Outdoors,2,44.71,11.8,Returning Customer
109883,2025-11-14,North,Home & Kitchen,1,106.99,31.67,Returning Customer
109884,2025-11-14,West,Beauty,1,41.41,16.72,VIP
109885,2025-11-14,North,Electronics,2,409.07,68.83,Returning Customer
109886,2025-11-14,East,Beauty,2,51.56,20.09,VIP
109887,2025-11-14,East,Beauty,2,67.42,26.18,New Customer
109888,2025-11-14,West,Home & Kitchen,1,69.02,20.15,Returning Customer
109889,2025-11-14,East,Apparel,2,47.91,18.32,Returning Customer
109890,2025-11-14,East,Electronics,1,162.73,37.58,New Customer
109891,2025-11-14,North,Apparel,2,58.59,19.84,New Customer
109892,2025-11-14,West,Apparel,2,133.19,41.17,New Customer
109893,2025-11-14,North,Electronics,1,215.96,42.24,Returning Customer
109894,2025-11-14,South,Sports & Outdoors,2,119.65,28.8,New Customer
109895,2025-11-14,East,Apparel,1,32.89,10.35,VIP
109896,2025-11-14,North,Home & Kitchen,2,151.84,50.34,New Customer
109897,2025-11-14,East,Sports & Outdoors,1,70.98,20.15,Returning Customer
109898,2025-11-14,South,Sports & Outdoors,1,52.69,15.27,New Customer
109899,2025-11-14,North,Electronics,1,136.5,27.11,VIP
109900,2025-11-14,North,Home & Kitchen,2,181.71,50.69,Returning Customer
109901,2025-11-14,East,Electronics,1,179.58,31.88,Returning Customer
109902,2025-11-14,North,Home & Kitchen,1,95.76,27.04,New Customer
109903,2025-11-14,East,Apparel,1,60.95,19.03,VIP
109904,2025-11-14,North,Beauty,1,28.98,13.03,New Customer
109905,2025-11-14,West,Apparel,1,64.11,21.54,Returning Customer
109906,2025-11-14,East,Apparel,1,51.69,17.72,Returning Customer
109907,2025-11-14,East,Home & Kitchen,1,78.76,23.77,New Customer
109908,2025-11-14,West,Apparel,2,58.4,20.61,New Customer
109909,2025-11-14,South,Apparel,2,104.75,35.54,New Customer
109910,2025-11-14,West,Home & Kitchen,1,65.32,22.07,Returning Customer
109911,2025-11-14,West,Home & Kitchen,2,195.0,54.23,Returning Customer
109912,2025-11-14,South,Electronics,1,170.96,41.47,Returning Customer
109913,2025-11-14,South,Beauty,2,33.13,13.92,Returning Customer
109914,2025-11-15,West,Beauty,2,77.74,31.73,Returning Customer
109915,2025-11-15,North,Home & Kitchen,2,176.5,50.91,New Customer
109916,2025-11-15,West,Apparel,2,69.99,23.52,New Customer
109917,2025-11-15,North,Apparel,1,33.99,12.93,VIP
109918,2025-11-15,West,Sports & Outdoors,2,102.87,32.47,Returning Customer
109919,2025-11-15,North,Home & Kitchen,2,93.56,26.1,Returning Customer
109920,2025-11-15,East,Apparel,1,49.08,16.75,Returning Customer
109921,2025-11-15,East,Beauty,2,35.02,14.31,Returning Customer
109922,2025-11-15,North,Apparel,1,48.54,15.88,Returning Customer
109923,2025-11-15,West,Apparel,1,52.43,17.38,New Customer
109924,2025-11-15,South,Home & Kitchen,2,159.13,48.13,Returning Customer
109925,2025-11-15,South,Electronics,2,349.93,49.02,New Customer
109926,2025-11-15,East,Home & Kitchen,2,135.48,43.71,Returning Customer
109927,2025-11-15,North,Electronics,2,296.95,62.4,New Customer
109928,2025-11-15,East,Home & Kitchen,2,190.57,52.2,New Customer
109929,2025-11-15,North,Apparel,1,34.65,12.0,Returning Customer
109930,2025-11-15,North,Beauty,1,25.11,10.21,Returning Customer
109931,2025-11-15,South,Home & Kitchen,2,107.77,30.36,New Customer
109932,2025-11-15,South,Apparel,1,57.21,17.43,New Customer
109933,2025-11-15,West,Apparel,2,106.45,37.52,New Customer
109934,2025-11-15,South,Home & Kitchen,2,65.18,20.21,VIP
109935,2025-11-15,North,Sports & Outdoors,2,129.87,35.46,Returning Customer
109936,2025-11-15,East,Sports & Outdoors,2,131.02,44.37,VIP
109937,2025-11-15,West,Apparel,1,58.45,21.6,VIP
109938,2025-11-15,West,Apparel,2,101.12,35.55,New Customer
109939,2025-11-15,West,Apparel,1,58.4,20.81,Returning Customer
109940,2025-11-15,North,Electronics,2,445.72,80.6,Returning Customer
109941,2025-11-15,West,Home & Kitchen,1,51.58,14.14,Returning Customer
109942,2025-11-15,West,Electronics,1,183.21,36.35,New Customer
109943,2025-11-15,South,Apparel,2,129.54,46.09,VIP
109944,2025-11-15,South,Sports & Outdoors,2,95.52,22.52,New Customer
109945,2025-11-15,West,Home & Kitchen,1,89.65,24.49,New Customer
109946,2025-11-15,North,Electronics,2,238.16,36.03,Returning Customer
109947,2025-11-15,South,Electronics,1,158.4,29.62,Returning Customer
109948,2025-11-15,South,Home & Kitchen,2,114.02,28.74,Returning Customer
109949,2025-11-15,East,Apparel,2,61.48,21.79,Returning Customer
109950,2025-11-15,North,Apparel,2,52.73,17.93,VIP
109951,2025-11-15,West,Electronics,1,213.14,40.23,Returning Customer
109952,2025-11-15,North,Apparel,1,33.33,11.31,New Customer
109953,2025-11-15,South,Apparel,2,61.87,23.8,VIP
109954,2025-11-15,North,Sports & Outdoors,1,44.92,13.34,Returning Customer
109955,2025-11-15,West,Apparel,2,80.22,29.02,New Customer
109956,2025-11-15,South,Electronics,1,128.69,17.42,New Customer
109957,2025-11-15,East,Apparel,2,114.43,41.04,Returning Customer
109958,2025-11-15,North,Electronics,2,402.46,69.35,Returning Customer
109959,2025-11-15,North,Sports & Outdoors,2,86.01,20.9,New Customer
109960,2025-11-15,South,Beauty,2,37.43,14.75,New Customer
109961,2025-11-15,North,Electronics,2,245.56,52.35,VIP
109962,2025-11-15,North,Beauty,2,36.91,15.26,Returning Customer
109963,2025-11-15,North,Electronics,2,268.15,50.21,Returning Customer
109964,2025-11-15,East,Apparel,2,60.65,21.8,VIP
109965,2025-11-15,South,Beauty,2,58.97,24.99,New Customer
109966,2025-11-15,West,Home & Kitchen,1,66.66,18.29,VIP
109967,2025-11-15,East,Electronics,2,164.06,26.03,New Customer
109968,2025-11-15,West,Home & Kitchen,1,40.96,9.85,Returning Customer
109969,2025-11-15,East,Beauty,2,72.18,28.64,New Customer
109970,2025-11-15,South,Home & Kitchen,2,157.5,43.79,New Customer
109971,2025-11-15,North,Electronics,1,207.61,33.12,New Customer
109972,2025-11-15,South,Apparel,1,53.32,20.59,New Customer
109973,2025-11-15,North,Apparel,1,35.46,13.64,VIP
109974,2025-11-15,North,Beauty,1,22.93,8.09,VIP
109975,2025-11-15,West,Apparel,1,34.45,11.16,Returning Customer
109976,2025-11-15,West,Electronics,1,201.46,29.67,New Customer
109977,2025-11-15,North,Home & Kitchen,2,180.79,45.77,New Customer
109978,2025-11-15,East,Home & Kitchen,2,130.76,35.61,New Customer
109979,2025-11-15,South,Electronics,1,221.72,40.92,New Customer
109980,2025-11-15,East,Sports & Outdoors,1,40.26,10.37,VIP
109981,2025-11-15,North,Sports & Outdoors,2,122.71,36.09,New Customer
109982,2025-11-15,North,Home & Kitchen,1,67.94,20.77,VIP
109983,2025-11-15,East,Beauty,1,30.44,12.06,New Customer
109984,2025-11-15,North,Electronics,2,435.13,60.3,Returning Customer
109985,2025-11-15,West,Home & Kitchen,1,49.7,14.37,New Customer
109986,2025-11-15,East,Beauty,1,21.33,8.64,New Customer
109987,2025-11-15,West,Beauty,1,32.24,13.12,Returning Customer
109988,2025-11-15,West,Apparel,1,19.55,7.39,New Customer
109989,2025-11-15,South,Electronics,2,403.85,52.63,VIP
109990,2025-11-15,South,Home & Kitchen,1,72.73,20.95,VIP
109991,2025-11-15,North,Sports & Outdoors,2,130.56,41.23,VIP
109992,2025-11-16,West,Apparel,1,40.82,14.74,Returning Customer
109993,2025-11-16,East,Home & Kitchen,2,92.59,25.17,New Customer
109994,2025-11-16,West,Beauty,2,60.51,26.45,Returning Customer
109995,2025-11-16,South,Apparel,1,49.3,17.37,Returning Customer
109996,2025-11-16,West,Sports & Outdoors,1,49.66,15.82,Returning Customer
109997,2025-11-16,South,Electronics,2,410.37,77.01,New Customer
109998,2025-11-16,East,Apparel,2,105.87,33.53,Returning Customer
109999,2025-11-16,North,Beauty,1,30.66,11.11,New Customer
110000,2025-11-16,North,Beauty,1,23.85,9.95,Returning Customer
110001,2025-11-16,East,Apparel,2,109.24,35.94,New Customer
110002,2025-11-16,North,Electronics,2,289.99,51.2,Returning Customer
110003,2025-11-16,East,Sports & Outdoors,1,45.97,13.88,Returning Customer
110004,2025-11-16,West,Sports & Outdoors,2,100.57,27.65,Returning Customer
110005,2025-11-16,East,Home & Kitchen,2,151.69,40.73,Returning Customer
110006,2025-11-16,South,Home & Kitchen,1,57.43,14.99,New Customer
110007,2025-11-16,South,Apparel,2,86.71,30.7,Returning Customer
110008,2025-11-16,East,Sports & Outdoors,1,59.27,18.75,New Customer
110009,2025-11-16,South,Beauty,1,23.3,10.05,New Customer
110010,2025-11-16,West,Sports & Outdoors,1,56.49,16.2,New Customer
110011,2025-11-16,West,Electronics,2,447.7,62.17,Returning Customer
110012,2025-11-16,South,Electronics,1,206.75,32.1,Returning Customer
110013,2025-11-16,South,Apparel,1,35.73,11.84,Returning Customer
110014,2025-11-16,North,Electronics,1,115.28,17.86,VIP
110015,2025-11-16,West,Beauty,2,77.81,32.52,New Customer
110016,2025-11-16,South,Electronics,1,204.61,23.71,Returning Customer
110017,2025-11-16,East,Home & Kitchen,2,130.4,38.25,Returning Customer
110018,2025-11-16,North,Home & Kitchen,2,82.82,21.17,New Customer
110019,2025-11-16,East,Apparel,2,57.2,21.31,New Customer
110020,2025-11-16,North,Home & Kitchen,1,37.13,10.2,Returning Customer
110021,2025-11-16,North,Electronics,1,253.1,39.31,VIP
110022,2025-11-16,North,Beauty,1,24.82,9.88,New Customer
110023,2025-11-16,South,Sports & Outdoors,2,60.09,16.97,New Customer
110024,2025-11-16,South,Home & Kitchen,1,48.42,15.37,New Customer
110025,2025-11-16,South,Electronics,1,172.7,21.61,New Customer
110026,2025-11-16,North,Electronics,2,281.77,63.99,Returning Customer
110027,2025-11-16,East,Home & Kitchen,2,109.02,27.17,New Customer
110028,2025-11-16,South,Beauty,2,64.1,24.11,VIP
110029,2025-11-16,South,Apparel,1,40.33,14.89,Returning Customer
110030,2025-11-16,North,Electronics,2,346.54,43.08,Returning Customer
110031,2025-11-16,East,Sports & Outdoors,1,51.41,12.5,New Customer
110032,2025-11-16,East,Electronics,1,146.31,25.72,New Customer
110033,2025-11-16,South,Electronics,2,381.69,64.86,Returning Customer
110034,2025-11-16,East,Sports & Outdoors,1,44.46,12.85,New Customer
110035,2025-11-16,South,Apparel,2,109.57,41.51,New Customer
110036,2025-11-16,North,Electronics,2,410.0,65.5,Returning Customer
110037,2025-11-16,East,Electronics,2,333.97,55.43,New Customer
110038,2025-11-16,East,Apparel,1,49.3,15.64,New Customer
110039,2025-11-16,West,Apparel,1,22.58,8.36,New Customer
110040,2025-11-16,South,Apparel,2,78.62,26.58,Returning Customer
110041,2025-11-16,North,Sports & Outdoors,1,64.36,18.51,Returning Customer
110042,2025-11-16,North,Apparel,1,32.69,10.63,New Customer
110043,2025-11-16,East,Beauty,1,32.29,13.13,Returning Customer
110044,2025-11-16,South,Apparel,2,98.68,36.3,New Customer
110045,2025-11-16,South,Sports & Outdoors,2,93.36,27.53,New Customer
110046,2025-11-16,East,Electronics,2,294.82,51.23,Returning Customer
110047,2025-11-16,East,Apparel,2,98.15,41.79,VIP
110048,2025-11-16,West,Apparel,2,112.63,39.28,New Customer
110049,2025-11-16,East,Electronics,2,485.03,68.45,New Customer
110050,2025-11-16,North,Electronics,2,392.02,62.03,Returning Customer
110051,2025-11-16,North,Sports & Outdoors,1,46.61,16.01,New Customer
110052,2025-11-16,East,Electronics,2,465.67,109.9,New Customer
110053,2025-11-16,West,Beauty,1,31.12,12.13,Returning Customer
110054,2025-11-16,South,Beauty,2,84.99,39.7,New Customer
110055,2025-11-16,South,Home & Kitchen,1,67.37,17.11,New Customer
110056,2025-11-17,South,Home & Kitchen,1,55.27,16.34,VIP
110057,2025-11-17,South,Sports & Outdoors,2,88.99,28.0,New Customer
110058,2025-11-17,West,Electronics,2,246.29,35.73,Returning Customer
110059,2025-11-17,North,Beauty,1,24.0,10.6,New Customer
110060,2025-11-17,North,Apparel,1,56.36,18.4,Returning Customer
110061,2025-11-17,North,Sports & Outdoors,2,115.21,32.92,New Customer
110062,2025-11-17,East,Beauty,1,27.31,10.75,VIP
110063,2025-11-17,East,Home & Kitchen,2,93.92,26.33,Returning Customer
110064,2025-11-17,East,Electronics,2,391.31,69.59,New Customer
110065,2025-11-17,North,Apparel,1,40.61,14.38,VIP
110066,2025-11-17,North,Electronics,2,420.3,71.08,New Customer
110067,2025-11-17,East,Electronics,1,168.04,27.81,New Customer
110068,2025-11-17,South,Beauty,1,31.34,12.41,VIP
110069,2025-11-17,South,Apparel,1,35.67,11.54,Returning Customer
110070,2025-11-17,West,Electronics,2,253.37,38.64,New Customer
110071,2025-11-17,West,Beauty,2,35.99,16.12,Returning Customer
110072,2025-11-17,South,Sports & Outdoors,2,160.26,46.11,VIP
110073,2025-11-17,North,Apparel,2,125.32,43.05,New Customer
110074,2025-11-17,East,Electronics,2,307.54,69.61,VIP
110075,2025-11-17,North,Electronics,2,448.27,78.92,New Customer
110076,2025-11-17,South,Apparel,1,36.06,11.61,New Customer
110077,2025-11-17,East,Sports & Outdoors,2,139.14,35.66,VIP
110078,2025-11-17,East,Apparel,1,53.02,17.28,New Customer
110079,2025-11-17,West,Electronics,1,179.28,33.5,New Customer
110080,2025-11-17,North,Beauty,2,58.64,25.79,Returning Customer
110081,2025-11-17,East,Apparel,2,118.41,38.92,VIP
110082,2025-11-17,East,Apparel,1,72.19,25.89,VIP
110083,2025-11-17,North,Electronics,2,249.36,47.99,VIP
110084,2025-11-17,South,Home & Kitchen,2,142.19,47.93,New Customer
110085,2025-11-17,East,Beauty,2,44.55,18.25,Returning Customer
110086,2025-11-17,North,Beauty,2,53.87,22.03,New Customer
110087,2025-11-17,West,Apparel,1,53.34,19.42,Returning Customer
110088,2025-11-17,North,Apparel,1,49.85,19.34,New Customer
110089,2025-11-17,East,Apparel,2,121.04,39.53,Returning Customer
110090,2025-11-17,West,Electronics,2,203.69,39.56,New Customer
110091,2025-11-17,South,Electronics,1,248.52,42.12,Returning Customer
110092,2025-11-17,East,Beauty,1,22.77,10.46,VIP
110093,2025-11-17,West,Beauty,2,62.23,27.68,New Customer
110094,2025-11-17,West,Home & Kitchen,2,78.71,24.21,New Customer
110095,2025-11-17,West,Apparel,1,61.83,23.9,New Customer
110096,2025-11-17,West,Electronics,1,157.42,20.04,Returning Customer
110097,2025-11-17,East,Apparel,2,108.4,36.06,New Customer
110098,2025-11-17,North,Electronics,1,160.95,22.16,New Customer
110099,2025-11-17,North,Electronics,1,166.49,36.36,Returning Customer
110100,2025-11-17,North,Apparel,2,71.82,24.85,New Customer
110101,2025-11-17,East,Apparel,2,71.56,25.57,New Customer
110102,2025-11-17,South,Electronics,2,360.51,62.96,Returning Customer
110103,2025-11-17,West,Home & Kitchen,2,124.98,37.31,Returning Customer
110104,2025-11-17,South,Apparel,1,47.9,17.2,New Customer
110105,2025-11-17,North,Apparel,2,75.59,23.9,Returning Customer
110106,2025-11-17,West,Apparel,2,131.94,43.13,New Customer
110107,2025-11-17,North,Apparel,2,67.74,26.07,VIP
110108,2025-11-17,West,Home & Kitchen,2,130.23,36.23,Returning Customer
110109,2025-11-17,South,Apparel,2,110.38,40.87,New Customer
110110,2025-11-17,North,Home & Kitchen,2,96.1,24.34,Returning Customer
110111,2025-11-17,East,Apparel,1,26.16,8.57,VIP
110112,2025-11-17,North,Electronics,1,110.75,19.74,New Customer
110113,2025-11-18,East,Home & Kitchen,2,147.57,41.96,Returning Customer
110114,2025-11-18,North,Apparel,2,125.08,44.24,Returning Customer
110115,2025-11-18,South,Apparel,1,25.93,9.24,Returning Customer
110116,2025-11-18,East,Beauty,1,33.96,15.78,New Customer
110117,2025-11-18,West,Home & Kitchen,2,126.86,36.92,Returning Customer
110118,2025-11-18,North,Sports & Outdoors,1,58.45,16.97,Returning Customer
110119,2025-11-18,North,Sports & Outdoors,1,52.33,18.73,VIP
110120,2025-11-18,East,Home & Kitchen,2,69.77,20.29,VIP
110121,2025-11-18,West,Electronics,1,110.94,24.22,VIP
110122,2025-11-18,East,Home & Kitchen,1,42.85,12.31,New Customer
110123,2025-11-18,West,Apparel,2,96.34,36.56,Returning Customer
110124,2025-11-18,North,Apparel,2,73.82,26.15,New Customer
110125,2025-11-18,North,Sports & Outdoors,2,132.26,45.93,New Customer
110126,2025-11-18,East,Home & Kitchen,2,108.59,30.55,VIP
110127,2025-11-18,South,Apparel,1,54.88,19.4,New Customer
110128,2025-11-18,West,Electronics,1,184.06,31.05,Returning Customer
110129,2025-11-18,South,Sports & Outdoors,1,63.44,19.81,New Customer
110130,2025-11-18,East,Sports & Outdoors,2,112.55,36.12,Returning Customer
110131,2025-11-18,South,Home & Kitchen,2,117.21,34.74,Returning Customer
110132,2025-11-18,North,Electronics,1,166.78,25.55,Returning Customer
110133,2025-11-18,South,Apparel,2,117.32,42.39,Returning Customer
110134,2025-11-18,East,Sports & Outdoors,2,126.06,37.67,Returning Customer
110135,2025-11-18,North,Apparel,2,90.01,34.08,New Customer
110136,2025-11-18,South,Electronics,2,445.24,73.11,VIP
110137,2025-11-18,West,Electronics,2,267.58,52.27,VIP
110138,2025-11-18,South,Beauty,2,76.59,27.77,Returning Customer
110139,2025-11-18,North,Sports & Outdoors,2,75.5,26.24,New Customer
110140,2025-11-18,South,Home & Kitchen,2,119.89,35.25,VIP
110141,2025-11-18,East,Home & Kitchen,2,128.03,40.51,New Customer
110142,2025-11-18,North,Home & Kitchen,2,140.18,37.0,New Customer
110143,2025-11-18,South,Apparel,2,97.01,33.69,Returning Customer
110144,2025-11-18,South,Electronics,2,300.59,53.2,Returning Customer
110145,2025-11-18,South,Home & Kitchen,2,125.87,36.31,New Customer
110146,2025-11-18,North,Electronics,1,178.57,37.68,New Customer
110147,2025-11-18,West,Apparel,1,52.45,19.79,New Customer
110148,2025-11-18,North,Home & Kitchen,2,122.86,34.21,New Customer
110149,2025-11-18,West,Beauty,2,27.88,13.37,Returning Customer
110150,2025-11-18,South,Apparel,2,112.41,39.69,Returning Customer
110151,2025-11-18,North,Electronics,2,471.33,80.94,VIP
110152,2025-11-18,South,Electronics,1,193.71,29.41,Returning Customer
110153,2025-11-18,North,Apparel,1,45.33,16.29,VIP
110154,2025-11-18,East,Electronics,1,189.97,35.27,Returning Customer
110155,2025-11-18,North,Electronics,1,161.25,24.83,New Customer
110156,2025-11-18,North,Home & Kitchen,2,123.59,36.11,New Customer
110157,2025-11-18,East,Sports & Outdoors,2,151.04,45.01,New Customer
110158,2025-11-19,South,Beauty,1,26.3,11.17,New Customer
110159,2025-11-19,North,Home & Kitchen,1,52.03,17.77,New Customer
110160,2025-11-19,East,Electronics,1,280.11,59.6,New Customer
110161,2025-11-19,North,Electronics,1,155.08,28.73,VIP
110162,2025-11-19,South,Beauty,2,37.95,15.0,VIP
110163,2025-11-19,East,Home & Kitchen,2,109.72,29.59,New Customer
110164,2025-11-19,West,Home & Kitchen,2,121.99,34.82,Returning Customer
110165,2025-11-19,North,Apparel,1,52.58,21.35,VIP
110166,2025-11-19,North,Beauty,2,43.97,17.23,New Customer
110167,2025-11-19,East,Apparel,1,41.08,12.28,New Customer
110168,2025-11-19,South,Electronics,1,256.08,47.27,New Customer
110169,2025-11-19,East,Apparel,2,94.64,26.63,New Customer
110170,2025-11-19,West,Beauty,2,80.98,34.82,New Customer
110171,2025-11-19,West,Home & Kitchen,2,144.54,46.26,New Customer
110172,2025-11-19,North,Beauty,1,30.52,11.75,Returning Customer
110173,2025-11-19,North,Apparel,1,52.04,17.35,Returning Customer
110174,2025-11-19,North,Apparel,1,52.95,17.3,Returning Customer
110175,2025-11-19,East,Apparel,2,88.22,29.68,Returning Customer
110176,2025-11-19,South,Electronics,2,577.28,92.89,VIP
110177,2025-11-19,East,Beauty,1,26.48,10.82,VIP
110178,2025-11-19,North,Home & Kitchen,2,162.77,37.28,Returning Customer
110179,2025-11-19,East,Home & Kitchen,1,74.43,21.55,Returning Customer
110180,2025-11-19,South,Home & Kitchen,2,127.92,35.46,Returning Customer
110181,2025-11-19,North,Beauty,1,30.97,14.81,New Customer
110182,2025-11-19,West,Apparel,1,41.17,13.24,Returning Customer
110183,2025-11-19,West,Home & Kitchen,1,53.24,13.98,New Customer
110184,2025-11-19,West,Beauty,1,23.29,10.37,VIP
110185,2025-11-19,West,Electronics,1,176.88,31.38,Returning Customer
110186,2025-11-19,North,Beauty,1,21.99,9.67,New Customer
110187,2025-11-19,East,Beauty,2,70.68,30.58,New Customer
110188,2025-11-19,East,Beauty,1,23.83,10.32,VIP
110189,2025-11-19,South,Apparel,1,22.36,8.08,VIP
110190,2025-11-19,West,Electronics,1,166.67,36.62,New Customer
110191,2025-11-19,North,Apparel,2,96.07,34.2,New Customer
110192,2025-11-19,North,Home & Kitchen,1,53.68,13.14,Returning Customer
110193,2025-11-19,East,Apparel,1,59.23,19.05,VIP
110194,2025-11-19,East,Apparel,1,65.3,26.12,Returning Customer
110195,2025-11-19,South,Apparel,1,55.73,18.21,Returning Customer
110196,2025-11-19,West,Beauty,1,16.57,6.56,New Customer
110197,2025-11-19,West,Home & Kitchen,2,127.34,38.77,Returning Customer
110198,2025-11-19,West,Apparel,1,48.94,18.75,VIP
110199,2025-11-19,West,Apparel,2,82.66,32.02,New Customer
110200,2025-11-19,East,Electronics,2,136.02,27.83,VIP
110201,2025-11-19,South,Home & Kitchen,1,95.27,25.41,New Customer
110202,2025-11-19,North,Electronics,2,328.59,68.0,Returning Customer
110203,2025-11-19,South,Home & Kitchen,2,127.32,36.45,VIP
110204,2025-11-19,West,Apparel,1,47.9,17.5,New Customer
110205,2025-11-19,South,Home & Kitchen,2,150.87,45.71,Returning Customer
110206,2025-11-19,East,Sports & Outdoors,1,58.01,18.85,Returning Customer
110207,2025-11-19,East,Apparel,1,59.2,22.35,Returning Customer
110208,2025-11-19,North,Electronics,1,183.29,31.71,New Customer
110209,2025-11-19,East,Beauty,1,29.8,12.4,Returning Customer
110210,2025-11-19,North,Electronics,2,362.52,76.47,Returning Customer
110211,2025-11-19,East,Sports & Outdoors,2,91.8,24.61,Returning Customer
110212,2025-11-19,North,Home & Kitchen,1,50.63,18.47,VIP
110213,2025-11-19,West,Electronics,1,203.25,37.92,New Customer
110214,2025-11-19,East,Home & Kitchen,2,140.68,39.3,Returning Customer
110215,2025-11-20,South,Sports & Outdoors,2,124.39,41.49,New Customer
110216,2025-11-20,West,Electronics,2,484.78,75.76,VIP
110217,2025-11-20,South,Apparel,1,33.05,12.72,New Customer
110218,2025-11-20,North,Home & Kitchen,2,149.36,42.94,VIP
110219,2025-11-20,North,Sports & Outdoors,2,125.49,37.63,New Customer
110220,2025-11-20,East,Beauty,1,30.57,12.27,VIP
110221,2025-11-20,North,Electronics,1,209.09,41.1,Returning Customer
110222,2025-11-20,South,Home & Kitchen,1,55.01,16.65,New Customer
110223,2025-11-20,South,Apparel,2,99.04,33.4,New Customer
110224,2025-11-20,West,Sports & Outdoors,2,120.79,36.65,Returning Customer
110225,2025-11-20,East,Beauty,2,50.02,24.89,VIP
110226,2025-11-20,West,Apparel,1,44.05,15.99,VIP
110227,2025-11-20,South,Electronics,1,193.95,32.57,Returning Customer
110228,2025-11-20,North,Beauty,2,43.18,17.2,Returning Customer
110229,2025-11-20,West,Electronics,1,139.28,32.15,New Customer
110230,2025-11-20,South,Home & Kitchen,2,131.83,33.55,New Customer
110231,2025-11-20,South,Apparel,1,54.55,19.96,New Customer
110232,2025-11-20,East,Apparel,1,43.37,15.99,Returning Customer
110233,2025-11-20,North,Beauty,2,66.9,27.0,New Customer
110234,2025-11-20,East,Beauty,1,18.27,8.38,VIP
110235,2025-11-20,South,Apparel,2,130.34,47.88,VIP
110236,2025-11-20,South,Beauty,2,46.86,20.85,VIP
110237,2025-11-20,South,Electronics,2,259.2,39.09,New Customer
110238,2025-11-20,South,Electronics,1,171.32,35.63,VIP
110239,2025-11-20,North,Sports & Outdoors,1,59.99,15.78,VIP
110240,2025-11-20,East,Apparel,2,79.86,32.11,New Customer
110241,2025-11-20,West,Sports & Outdoors,2,77.44,24.49,New Customer
110242,2025-11-20,North,Apparel,2,83.71,29.46,VIP
110243,2025-11-20,East,Home & Kitchen,2,195.2,56.77,Returning Customer
110244,2025-11-20,North,Apparel,2,57.21,21.84,New Customer
110245,2025-11-20,North,Beauty,1,29.01,12.38,Returning Customer
110246,2025-11-20,South,Apparel,1,56.42,17.8,VIP
110247,2025-11-20,North,Home & Kitchen,2,135.97,36.53,New Customer
110248,2025-11-20,South,Home & Kitchen,1,68.34,20.32,Returning Customer
110249,2025-11-20,South,Home & Kitchen,2,72.51,19.86,Returning Customer
110250,2025-11-20,East,Electronics,1,216.45,53.78,Returning Customer
110251,2025-11-20,West,Apparel,2,100.67,35.5,Returning Customer
110252,2025-11-20,South,Electronics,1,165.76,24.6,New Customer
110253,2025-11-20,South,Home & Kitchen,1,68.82,22.1,New Customer
110254,2025-11-20,East,Sports & Outdoors,2,120.21,35.57,New Customer
110255,2025-11-20,North,Home & Kitchen,2,150.02,46.72,New Customer
110256,2025-11-20,East,Sports & Outdoors,2,109.99,29.35,Returning Customer
110257,2025-11-20,North,Home & Kitchen,1,48.59,13.16,New Customer
110258,2025-11-20,East,Apparel,2,112.01,36.87,Returning Customer
110259,2025-11-21,West,Apparel,1,38.04,15.03,New Customer
110260,2025-11-21,East,Apparel,2,95.61,33.12,VIP
110261,2025-11-21,West,Apparel,2,88.42,29.05,Returning Customer
110262,2025-11-21,West,Electronics,2,307.23,42.45,Returning Customer
110263,2025-11-21,North,Sports & Outdoors,2,99.57,22.45,Returning Customer
110264,2025-11-21,South,Beauty,2,40.85,16.07,New Customer
110265,2025-11-21,East,Home & Kitchen,2,146.29,47.58,VIP
110266,2025-11-21,West,Beauty,2,60.1,25.39,New Customer
110267,2025-11-21,West,Sports & Outdoors,1,34.84,9.22,Returning Customer
110268,2025-11-21,South,Apparel,2,102.65,40.34,Returning Customer
110269,2025-11-21,East,Home & Kitchen,2,92.51,26.38,New Customer
110270,2025-11-21,South,Electronics,1,159.11,25.29,VIP
110271,2025-11-21,East,Apparel,1,43.11,17.36,VIP
110272,2025-11-21,West,Electronics,1,170.31,31.14,New Customer
110273,2025-11-21,West,Electronics,2,429.45,52.27,VIP
110274,2025-11-21,South,Apparel,2,41.76,12.94,New Customer
110275,2025-11-21,South,Home & Kitchen,1,43.34,10.13,New Customer
110276,2025-11-21,East,Apparel,2,98.14,35.21,New Customer
110277,2025-11-21,South,Beauty,2,45.53,17.83,New Customer
110278,2025-11-21,West,Electronics,1,102.76,17.64,New Customer
110279,2025-11-21,West,Beauty,2,28.23,13.07,New Customer
110280,2025-11-21,East,Home & Kitchen,2,166.97,43.82,Returning Customer
110281,2025-11-21,South,Beauty,2,68.49,27.03,Returning Customer
110282,2025-11-21,South,Electronics,2,333.73,54.62,New Customer
110283,2025-11-21,East,Electronics,2,500.79,105.8,New Customer
110284,2025-11-21,West,Apparel,2,128.92,39.52,VIP
110285,2025-11-21,South,Beauty,2,55.67,23.97,New Customer
110286,2025-11-21,North,Home & Kitchen,1,73.2,17.1,VIP
110287,2025-11-21,East,Electronics,1,98.86,16.77,VIP
110288,2025-11-21,South,Home & Kitchen,2,173.33,52.77,New Customer
110289,2025-11-21,North,Apparel,2,46.28,17.18,VIP
110290,2025-11-21,West,Home & Kitchen,1,69.48,20.73,New Customer
110291,2025-11-21,North,Sports & Outdoors,2,92.53,28.56,New Customer
110292,2025-11-21,East,Home & Kitchen,2,108.57,24.39,New Customer
110293,2025-11-21,North,Electronics,2,319.88,58.53,New Customer
110294,2025-11-21,East,Home & Kitchen,1,83.92,21.01,Returning Customer
110295,2025-11-21,South,Electronics,1,159.25,27.44,New Customer
110296,2025-11-21,East,Home & Kitchen,1,95.61,22.84,New Customer
110297,2025-11-21,North,Beauty,1,28.94,12.37,New Customer
110298,2025-11-21,North,Sports & Outdoors,1,66.22,19.89,Returning Customer
110299,2025-11-21,South,Home & Kitchen,1,51.54,11.85,New Customer
110300,2025-11-21,East,Apparel,2,98.56,33.14,New Customer
110301,2025-11-21,North,Electronics,1,180.4,24.79,New Customer
110302,2025-11-21,North,Home & Kitchen,1,71.11,18.51,New Customer
110303,2025-11-21,East,Home & Kitchen,1,85.63,20.0,New Customer
110304,2025-11-21,East,Home & Kitchen,2,158.14,48.17,New Customer
110305,2025-11-21,West,Beauty,2,71.69,33.77,New Customer
110306,2025-11-22,West,Apparel,1,44.11,16.01,Returning Customer
110307,2025-11-22,South,Apparel,2,109.59,37.59,Returning Customer
110308,2025-11-22,South,Home & Kitchen,2,157.14,42.2,New Customer
110309,2025-11-22,East,Apparel,2,108.2,38.2,Returning Customer
110310,2025-11-22,South,Home & Kitchen,2,175.12,48.73,VIP
110311,2025-11-22,South,Apparel,1,63.57,26.2,VIP
110312,2025-11-22,South,Home & Kitchen,1,85.62,22.95,New Customer
110313,2025-11-22,South,Home & Kitchen,2,132.24,39.67,New Customer
110314,2025-11-22,West,Beauty,2,40.26,16.86,Returning Customer
110315,2025-11-22,South,Beauty,2,55.84,25.01,Returning Customer
110316,2025-11-22,West,Electronics,1,217.99,41.65,Returning Customer
110317,2025-11-22,West,Sports & Outdoors,1,47.14,12.58,VIP
110318,2025-11-22,South,Sports & Outdoors,1,55.56,16.23,Returning Customer
110319,2025-11-22,North,Electronics,1,216.66,30.64,VIP
110320,2025-11-22,North,Sports & Outdoors,1,53.6,16.55,New Customer
110321,2025-11-22,North,Electronics,1,107.65,17.3,Returning Customer
110322,2025-11-22,North,Apparel,2,97.45,34.96,Returning Customer
110323,2025-11-22,North,Apparel,1,54.74,19.25,New Customer
110324,2025-11-22,North,Home & Kitchen,1,71.59,20.33,Returning Customer
110325,2025-11-22,North,Apparel,2,70.99,25.17,New Customer
110326,2025-11-22,West,Electronics,2,387.17,59.09,VIP
110327,2025-11-22,East,Beauty,2,34.37,14.78,Returning Customer
110328,2025-11-22,North,Home & Kitchen,1,51.21,15.31,Returning Customer
110329,2025-11-22,West,Electronics,1,200.25,20.78,New Customer
110330,2025-11-22,North,Electronics,2,372.55,65.63,New Customer
110331,2025-11-22,North,Electronics,1,153.38,26.49,New Customer
110332,2025-11-22,East,Electronics,2,392.64,70.33,New Customer
110333,2025-11-22,South,Apparel,2,89.35,33.19,VIP
110334,2025-11-22,West,Home & Kitchen,1,21.71,5.99,Returning Customer
110335,2025-11-22,South,Sports & Outdoors,2,125.43,40.19,Returning Customer
110336,2025-11-22,North,Sports & Outdoors,2,136.29,41.19,New Customer
110337,2025-11-22,North,Electronics,2,462.58,75.79,New Customer
110338,2025-11-22,North,Electronics,2,256.28,67.33,Returning Customer
110339,2025-11-22,North,Apparel,2,90.46,32.29,Returning Customer
110340,2025-11-22,South,Beauty,1,34.68,15.74,New Customer
110341,2025-11-22,West,Sports & Outdoors,2,88.63,27.69,New Customer
110342,2025-11-22,North,Beauty,2,30.39,13.41,Returning Customer
110343,2025-11-22,East,Sports & Outdoors,1,46.03,14.37,Returning Customer
110344,2025-11-22,North,Sports & Outdoors,1,56.51,16.93,New Customer
110345,2025-11-22,South,Apparel,2,126.29,47.93,Returning Customer
110346,2025-11-22,North,Apparel,2,72.89,25.32,VIP
110347,2025-11-22,West,Apparel,1,49.77,15.23,Returning Customer
110348,2025-11-22,South,Beauty,2,58.15,23.59,New Customer
110349,2025-11-22,South,Home & Kitchen,1,48.47,16.01,Returning Customer
110350,2025-11-22,North,Electronics,1,259.54,43.58,VIP
110351,2025-11-22,West,Apparel,1,32.69,10.55,New Customer
110352,2025-11-22,South,Home & Kitchen,1,65.13,17.89,New Customer
110353,2025-11-22,North,Home & Kitchen,2,135.57,37.76,Returning Customer
110354,2025-11-22,South,Apparel,1,47.47,16.71,New Customer
110355,2025-11-22,North,Home & Kitchen,2,175.94,55.04,New Customer
110356,2025-11-22,South,Sports & Outdoors,2,67.65,22.88,New Customer
110357,2025-11-22,South,Apparel,2,80.54,23.1,VIP
110358,2025-11-22,West,Home & Kitchen,2,190.34,50.79,New Customer
110359,2025-11-22,North,Apparel,1,52.75,18.57,VIP
110360,2025-11-22,South,Home & Kitchen,2,94.08,28.6,Returning Customer
110361,2025-11-22,East,Beauty,1,22.26,9.63,New Customer
110362,2025-11-22,North,Beauty,1,25.91,10.88,Returning Customer
110363,2025-11-22,South,Home & Kitchen,2,161.09,48.71,VIP
110364,2025-11-22,East,Home & Kitchen,1,67.38,18.17,New Customer
110365,2025-11-22,South,Apparel,2,88.52,30.48,Returning Customer
110366,2025-11-22,East,Home & Kitchen,2,146.95,43.06,Returning Customer
110367,2025-11-22,East,Beauty,1,22.14,8.64,New Customer
110368,2025-11-23,West,Sports & Outdoors,2,165.26,50.9,New Customer
110369,2025-11-23,West,Sports & Outdoors,2,119.41,39.75,Returning Customer
110370,2025-11-23,North,Electronics,2,424.15,71.65,VIP
110371,2025-11-23,East,Apparel,2,91.49,38.51,Returning Customer
110372,2025-11-23,North,Apparel,1,64.32,20.77,New Customer
110373,2025-11-23,East,Home & Kitchen,2,108.57,29.82,New Customer
110374,2025-11-23,East,Electronics,2,182.77,29.63,VIP
110375,2025-11-23,East,Apparel,1,54.36,19.01,Returning Customer
110376,2025-11-23,North,Home & Kitchen,2,109.7,28.95,New Customer
110377,2025-11-23,East,Home & Kitchen,2,102.69,27.04,New Customer
110378,2025-11-23,North,Apparel,1,47.74,17.04,New Customer
110379,2025-11-23,North,Beauty,1,34.1,15.47,Returning Customer
110380,2025-11-23,West,Electronics,1,170.81,33.81,Returning Customer
110381,2025-11-23,North,Apparel,2,53.77,17.92,Returning Customer
110382,2025-11-23,North,Sports & Outdoors,1,55.02,15.4,VIP
110383,2025-11-23,East,Home & Kitchen,1,59.94,18.2,New Customer
110384,2025-11-23,South,Beauty,2,36.02,13.88,New Customer
110385,2025-11-23,West,Apparel,2,105.1,36.29,New Customer
110386,2025-11-23,West,Electronics,2,561.31,127.25,VIP
110387,2025-11-23,East,Sports & Outdoors,1,44.57,11.46,Returning Customer
110388,2025-11-23,East,Electronics,1,68.18,12.39,VIP
110389,2025-11-23,South,Electronics,1,197.97,43.95,New Customer
110390,2025-11-23,West,Apparel,1,42.24,14.34,VIP
110391,2025-11-23,East,Home & Kitchen,2,140.0,37.7,VIP
110392,2025-11-23,North,Sports & Outdoors,2,138.52,46.24,Returning Customer
110393,2025-11-23,North,Electronics,2,372.84,49.48,New Customer
110394,2025-11-23,West,Beauty,1,21.78,8.59,New Customer
110395,2025-11-23,South,Home & Kitchen,2,163.37,36.55,VIP
110396,2025-11-23,North,Apparel,2,86.55,30.06,Returning Customer
110397,2025-11-23,South,Beauty,1,25.35,10.89,Returning Customer
110398,2025-11-23,East,Electronics,1,144.93,25.05,New Customer
110399,2025-11-23,East,Home & Kitchen,1,64.83,20.9,Returning Customer
110400,2025-11-23,South,Apparel,2,72.56,24.97,New Customer
110401,2025-11-23,South,Electronics,2,328.39,50.06,Returning Customer
110402,2025-11-23,North,Home & Kitchen,1,72.72,19.68,VIP
110403,2025-11-23,East,Beauty,2,70.25,29.13,Returning Customer
110404,2025-11-23,South,Electronics,2,434.36,74.82,New Customer
110405,2025-11-23,East,Apparel,2,75.12,26.98,New Customer
110406,2025-11-23,South,Beauty,2,46.85,22.92,Returning Customer
110407,2025-11-23,East,Apparel,1,41.46,14.31,New Customer
110408,2025-11-23,North,Electronics,2,294.09,57.1,New Customer
110409,2025-11-23,South,Sports & Outdoors,2,108.65,40.42,New Customer
110410,2025-11-23,North,Electronics,1,135.76,23.58,New Customer
110411,2025-11-23,East,Home & Kitchen,1,47.93,15.74,New Customer
110412,2025-11-23,East,Sports & Outdoors,2,104.53,32.49,New Customer
110413,2025-11-23,East,Apparel,2,114.7,42.81,VIP
110414,2025-11-23,East,Beauty,1,35.76,14.61,New Customer
110415,2025-11-23,North,Apparel,2,113.83,41.8,Returning Customer
110416,2025-11-23,West,Electronics,2,327.5,62.56,New Customer
110417,2025-11-23,South,Apparel,2,89.93,28.52,New Customer
110418,2025-11-23,East,Apparel,2,74.52,21.95,VIP
110419,2025-11-23,East,Beauty,2,59.01,24.18,VIP
110420,2025-11-23,North,Sports & Outdoors,2,122.49,37.64,New Customer
110421,2025-11-23,West,Home & Kitchen,1,79.84,23.27,Returning Customer
110422,2025-11-23,South,Beauty,1,26.49,11.02,VIP
110423,2025-11-23,East,Apparel,1,41.48,13.22,Returning Customer
110424,2025-11-23,East,Electronics,1,144.58,34.3,Returning Customer
110425,2025-11-23,West,Sports & Outdoors,1,47.7,12.19,New Customer
110426,2025-11-23,North,Apparel,2,71.31,23.43,Returning Customer
110427,2025-11-23,South,Electronics,1,224.93,51.99,Returning Customer
110428,2025-11-23,North,Apparel,1,60.29,23.21,New Customer
110429,2025-11-23,East,Home & Kitchen,1,58.08,18.36,Returning Customer
110430,2025-11-23,East,Sports & Outdoors,2,151.74,46.19,New Customer
110431,2025-11-23,West,Home & Kitchen,2,110.25,28.88,VIP
110432,2025-11-23,East,Home & Kitchen,2,121.25,26.81,Returning Customer
110433,2025-11-23,East,Apparel,2,132.95,48.16,New Customer
110434,2025-11-23,East,Beauty,1,25.91,11.09,New Customer
110435,2025-11-23,West,Sports & Outdoors,2,136.01,38.79,Returning Customer
110436,2025-11-23,East,Home & Kitchen,1,40.69,11.95,VIP
110437,2025-11-24,West,Home & Kitchen,1,89.93,21.39,Returning Customer
110438,2025-11-24,West,Beauty,1,39.91,13.45,Returning Customer
110439,2025-11-24,North,Sports & Outdoors,1,55.85,17.4,Returning Customer
110440,2025-11-24,South,Home & Kitchen,1,39.13,14.21,Returning Customer
110441,2025-11-24,East,Beauty,2,61.28,26.46,Returning Customer
110442,2025-11-24,West,Electronics,1,168.2,31.71,New Customer
110443,2025-11-24,East,Apparel,2,132.33,51.5,Returning Customer
110444,2025-11-24,West,Electronics,1,223.94,36.37,New Customer
110445,2025-11-24,North,Sports & Outdoors,2,91.87,30.25,VIP
110446,2025-11-24,West,Electronics,1,230.36,36.82,Returning Customer
110447,2025-11-24,East,Electronics,2,519.86,68.93,New Customer
110448,2025-11-24,North,Beauty,2,73.7,29.99,VIP
110449,2025-11-24,North,Beauty,1,24.15,10.06,VIP
110450,2025-11-24,East,Electronics,1,177.08,25.56,New Customer
110451,2025-11-24,South,Electronics,2,333.52,52.59,New Customer
110452,2025-11-24,North,Electronics,2,560.66,89.88,VIP
110453,2025-11-24,South,Home & Kitchen,1,91.81,23.81,Returning Customer
110454,2025-11-24,South,Electronics,2,425.98,74.12,Returning Customer
110455,2025-11-24,North,Electronics,1,173.69,30.82,New Customer
110456,2025-11-24,East,Beauty,2,50.56,18.87,Returning Customer
110457,2025-11-24,North,Apparel,2,120.65,39.28,New Customer
110458,2025-11-24,South,Apparel,2,93.44,34.6,New Customer
110459,2025-11-24,East,Electronics,2,257.96,41.12,Returning Customer
110460,2025-11-24,West,Home & Kitchen,1,55.17,17.03,VIP
110461,2025-11-24,South,Beauty,1,13.3,5.71,New Customer
110462,2025-11-24,North,Apparel,1,16.17,4.93,Returning Customer
110463,2025-11-24,North,Home & Kitchen,1,72.89,21.59,Returning Customer
110464,2025-11-24,West,Apparel,1,36.74,12.08,New Customer
110465,2025-11-24,North,Sports & Outdoors,1,52.84,13.84,Returning Customer
110466,2025-11-24,West,Apparel,1,68.67,19.98,Returning Customer
110467,2025-11-24,West,Beauty,1,29.48,13.71,New Customer
110468,2025-11-24,South,Home & Kitchen,1,87.65,23.61,New Customer
110469,2025-11-24,East,Electronics,2,402.76,72.63,VIP
110470,2025-11-24,East,Home & Kitchen,2,172.13,60.85,New Customer
110471,2025-11-24,East,Apparel,2,118.31,37.28,VIP
110472,2025-11-24,West,Apparel,1,52.68,19.0,VIP
110473,2025-11-24,West,Apparel,1,32.53,10.31,New Customer
110474,2025-11-24,South,Apparel,2,96.52,32.67,Returning Customer
110475,2025-11-24,North,Electronics,2,506.73,109.3,New Customer
110476,2025-11-24,West,Sports & Outdoors,1,61.26,21.76,Returning Customer
110477,2025-11-24,South,Apparel,2,87.43,29.83,New Customer
110478,2025-11-24,West,Electronics,2,371.49,73.45,New Customer
110479,2025-11-24,East,Electronics,1,141.76,20.72,New Customer
110480,2025-11-24,North,Electronics,2,323.38,51.41,New Customer
110481,2025-11-24,East,Apparel,2,91.93,30.12,Returning Customer
110482,2025-11-24,West,Sports & Outdoors,2,151.15,44.85,New Customer
110483,2025-11-24,East,Electronics,1,174.78,32.48,Returning Customer
110484,2025-11-24,South,Electronics,1,261.33,51.59,New Customer
110485,2025-11-24,West,Apparel,1,39.29,13.16,New Customer
110486,2025-11-24,East,Apparel,2,83.09,30.8,VIP
110487,2025-11-24,West,Apparel,1,50.42,18.22,VIP
110488,2025-11-24,South,Home & Kitchen,1,59.36,18.26,VIP
110489,2025-11-24,West,Sports & Outdoors,2,147.65,43.57,Returning Customer
110490,2025-11-25,East,Home & Kitchen,1,55.19,17.1,New Customer
110491,2025-11-25,North,Home & Kitchen,1,66.66,14.74,New Customer
110492,2025-11-25,South,Sports & Outdoors,1,37.27,11.41,New Customer
110493,2025-11-25,North,Home & Kitchen,1,53.96,15.92,New Customer
110494,2025-11-25,North,Home & Kitchen,2,146.52,36.72,Returning Customer
110495,2025-11-25,East,Home & Kitchen,1,56.42,15.64,New Customer
110496,2025-11-25,West,Electronics,1,192.51,30.72,New Customer
110497,2025-11-25,South,Home & Kitchen,2,154.24,50.03,VIP
110498,2025-11-25,South,Home & Kitchen,2,136.51,43.45,VIP
110499,2025-11-25,North,Beauty,1,31.35,11.94,Returning Customer
110500,2025-11-25,West,Apparel,1,42.64,13.13,Returning Customer
110501,2025-11-25,West,Beauty,1,19.77,7.8,VIP
110502,2025-11-25,East,Electronics,1,188.3,31.62,New Customer
110503,2025-11-25,West,Apparel,2,86.31,33.16,New Customer
110504,2025-11-25,West,Home & Kitchen,2,132.11,37.26,Returning Customer
110505,2025-11-25,West,Electronics,1,154.03,24.43,VIP
110506,2025-11-25,North,Home & Kitchen,2,102.4,26.41,New Customer
110507,2025-11-25,North,Home & Kitchen,1,41.34,9.59,VIP
110508,2025-11-25,East,Apparel,1,44.09,15.91,Returning Customer
110509,2025-11-25,North,Beauty,2,64.54,27.05,VIP
110510,2025-11-25,West,Apparel,1,43.03,15.55,New Customer
110511,2025-11-25,East,Electronics,1,84.99,12.08,VIP
110512,2025-11-25,East,Electronics,2,208.84,34.28,New Customer
110513,2025-11-25,North,Electronics,2,364.81,70.21,VIP
110514,2025-11-25,West,Apparel,1,39.98,14.08,VIP
110515,2025-11-25,South,Electronics,2,416.03,78.85,New Customer
110516,2025-11-25,North,Electronics,1,137.99,17.7,Returning Customer
110517,2025-11-25,East,Apparel,2,76.71,27.09,VIP
110518,2025-11-25,South,Beauty,1,33.28,15.08,New Customer
110519,2025-11-25,South,Sports & Outdoors,2,87.95,27.65,New Customer
110520,2025-11-25,East,Sports & Outdoors,2,121.11,42.25,Returning Customer
110521,2025-11-25,South,Beauty,1,19.34,9.24,VIP
110522,2025-11-25,South,Beauty,2,55.75,25.37,New Customer
110523,2025-11-25,North,Home & Kitchen,1,63.85,19.02,VIP
110524,2025-11-25,South,Sports & Outdoors,1,42.38,11.8,Returning Customer
110525,2025-11-25,North,Electronics,2,458.31,81.63,New Customer
110526,2025-11-25,West,Beauty,1,24.83,10.4,New Customer
110527,2025-11-25,West,Apparel,2,46.19,16.48,VIP
110528,2025-11-25,North,Electronics,1,250.82,48.59,New Customer
110529,2025-11-25,East,Apparel,2,72.61,26.27,Returning Customer
110530,2025-11-25,North,Home & Kitchen,1,67.26,20.07,New Customer
110531,2025-11-25,South,Home & Kitchen,2,119.86,41.06,New Customer
110532,2025-11-25,West,Sports & Outdoors,1,51.65,12.99,New Customer
110533,2025-11-25,East,Home & Kitchen,1,75.34,21.26,New Customer
110534,2025-11-25,North,Electronics,1,118.11,21.92,Returning Customer
110535,2025-11-25,South,Apparel,2,88.4,28.36,Returning Customer
110536,2025-11-25,East,Home & Kitchen,2,183.34,52.63,New Customer
110537,2025-11-25,West,Electronics,2,373.42,67.66,Returning Customer
110538,2025-11-25,North,Electronics,2,428.69,65.75,New Customer
110539,2025-11-25,West,Apparel,2,82.71,28.96,New Customer
110540,2025-11-26,South,Home & Kitchen,1,67.02,21.57,Returning Customer
110541,2025-11-26,West,Electronics,2,469.73,68.05,New Customer
110542,2025-11-26,West,Sports & Outdoors,1,67.63,23.48,Returning Customer
110543,2025-11-26,North,Home & Kitchen,1,32.14,8.06,Returning Customer
110544,2025-11-26,East,Apparel,1,52.0,16.21,Returning Customer
110545,2025-11-26,South,Electronics,2,240.45,30.62,Returning Customer
110546,2025-11-26,North,Beauty,2,49.24,19.61,Returning Customer
110547,2025-11-26,East,Home & Kitchen,2,139.98,39.48,New Customer
110548,2025-11-26,East,Sports & Outdoors,2,124.79,35.45,VIP
110549,2025-11-26,West,Beauty,1,22.8,8.13,New Customer
110550,2025-11-26,West,Sports & Outdoors,1,46.93,13.37,New Customer
110551,2025-11-26,East,Apparel,2,89.32,31.14,Returning Customer
110552,2025-11-26,North,Sports & Outdoors,1,67.0,19.38,VIP
110553,2025-11-26,South,Electronics,1,170.96,33.12,New Customer
110554,2025-11-26,South,Apparel,1,46.82,16.43,VIP
110555,2025-11-26,North,Home & Kitchen,2,112.05,29.54,New Customer
110556,2025-11-26,East,Sports & Outdoors,2,119.23,30.24,New Customer
110557,2025-11-26,West,Apparel,2,108.12,36.55,VIP
110558,2025-11-26,East,Home & Kitchen,1,73.35,23.04,New Customer
110559,2025-11-26,East,Sports & Outdoors,2,111.8,31.35,New Customer
110560,2025-11-26,East,Apparel,1,43.06,17.46,Returning Customer
110561,2025-11-26,West,Apparel,2,113.75,41.03,Returning Customer
110562,2025-11-26,East,Beauty,1,28.47,11.29,Returning Customer
110563,2025-11-26,North,Sports & Outdoors,2,91.23,23.79,VIP
110564,2025-11-26,South,Sports & Outdoors,2,116.42,30.07,New Customer
110565,2025-11-26,West,Electronics,2,401.3,77.12,New Customer
110566,2025-11-26,West,Home & Kitchen,1,64.2,18.87,VIP
110567,2025-11-26,South,Electronics,1,177.8,44.18,VIP
110568,2025-11-26,West,Electronics,1,181.65,35.97,Returning Customer
110569,2025-11-26,North,Beauty,1,27.58,11.24,VIP
110570,2025-11-26,South,Sports & Outdoors,2,129.07,35.68,New Customer
110571,2025-11-26,East,Electronics,1,179.44,28.72,New Customer
110572,2025-11-26,East,Electronics,1,192.24,31.54,Returning Customer
110573,2025-11-26,North,Home & Kitchen,2,141.55,44.09,New Customer
110574,2025-11-26,East,Electronics,1,190.16,27.85,Returning Customer
110575,2025-11-26,East,Apparel,2,69.78,24.44,New Customer
110576,2025-11-26,North,Electronics,2,324.22,54.09,New Customer
110577,2025-11-26,North,Electronics,1,178.33,37.47,New Customer
110578,2025-11-26,North,Home & Kitchen,2,138.11,41.93,New Customer
110579,2025-11-26,East,Home & Kitchen,2,100.52,26.15,Returning Customer
110580,2025-11-26,North,Sports & Outdoors,1,44.62,13.46,Returning Customer
110581,2025-11-26,West,Beauty,1,37.25,19.28,New Customer
110582,2025-11-26,West,Sports & Outdoors,1,57.86,17.71,New Customer
110583,2025-11-26,North,Home & Kitchen,1,73.37,22.08,Returning Customer
110584,2025-11-26,North,Home & Kitchen,1,69.14,18.2,Returning Customer
110585,2025-11-26,North,Sports & Outdoors,2,91.84,28.62,New Customer
110586,2025-11-26,South,Apparel,2,62.47,21.21,VIP
110587,2025-11-26,North,Sports & Outdoors,1,73.44,22.48,New Customer
110588,2025-11-26,East,Beauty,1,16.63,6.5,New Customer
110589,2025-11-26,East,Apparel,1,54.76,19.21,Returning Customer
110590,2025-11-26,East,Electronics,2,305.58,44.18,VIP
110591,2025-11-27,South,Apparel,2,73.93,27.99,New Customer
110592,2025-11-27,South,Beauty,2,54.26,22.68,Returning Customer
110593,2025-11-27,North,Apparel,2,106.05,35.73,New Customer
110594,2025-11-27,East,Beauty,2,48.27,21.64,Returning Customer
110595,2025-11-27,South,Home & Kitchen,2,156.03,44.1,VIP
110596,2025-11-27,South,Electronics,1,171.33,39.33,New Customer
110597,2025-11-27,East,Sports & Outdoors,2,148.59,44.49,New Customer
110598,2025-11-27,South,Electronics,1,273.06,40.18,Returning Customer
110599,2025-11-27,East,Home & Kitchen,2,65.2,19.62,VIP
110600,2025-11-27,South,Electronics,1,116.59,19.02,New Customer
110601,2025-11-27,West,Apparel,1,37.93,11.85,Returning Customer
110602,2025-11-27,North,Home & Kitchen,2,124.0,40.45,New Customer
110603,2025-11-27,West,Electronics,1,122.96,18.0,Returning Customer
110604,2025-11-27,North,Sports & Outdoors,1,49.95,15.78,New Customer
110605,2025-11-27,West,Electronics,2,386.97,90.07,New Customer
110606,2025-11-27,East,Apparel,1,31.51,10.53,New Customer
110607,2025-11-27,East,Beauty,1,32.04,11.99,Returning Customer
110608,2025-11-27,East,Beauty,2,67.62,29.75,Returning Customer
110609,2025-11-27,West,Home & Kitchen,2,156.6,41.95,VIP
110610,2025-11-27,North,Electronics,2,412.22,66.62,VIP
110611,2025-11-27,South,Sports & Outdoors,1,11.9,4.02,New Customer
110612,2025-11-27,East,Apparel,2,62.36,22.16,New Customer
110613,2025-11-27,East,Electronics,1,168.9,35.39,Returning Customer
110614,2025-11-27,North,Beauty,1,28.59,13.28,New Customer
110615,2025-11-27,East,Beauty,1,27.15,11.54,Returning Customer
110616,2025-11-27,East,Home & Kitchen,2,162.36,42.75,Returning Customer
110617,2025-11-27,East,Beauty,1,30.81,13.15,New Customer
110618,2025-11-27,West,Electronics,2,329.83,49.89,New Customer
110619,2025-11-27,South,Apparel,2,117.32,40.84,New Customer
110620,2025-11-27,South,Apparel,1,67.08,21.45,Returning Customer
110621,2025-11-27,North,Apparel,1,57.87,20.5,VIP
110622,2025-11-27,North,Home & Kitchen,2,167.82,56.89,New Customer
110623,2025-11-27,South,Apparel,2,83.65,31.99,New Customer
110624,2025-11-27,West,Home & Kitchen,1,65.31,18.49,Returning Customer
110625,2025-11-27,East,Sports & Outdoors,2,106.34,33.33,New Customer
110626,2025-11-27,South,Beauty,2,50.31,21.75,New Customer
110627,2025-11-27,South,Beauty,2,48.56,20.33,VIP
110628,2025-11-27,North,Beauty,1,15.13,7.03,Returning Customer
110629,2025-11-27,North,Beauty,1,43.62,20.89,VIP
110630,2025-11-27,North,Electronics,1,144.96,33.06,VIP
110631,2025-11-27,South,Apparel,1,31.8,10.89,Returning Customer
110632,2025-11-27,South,Sports & Outdoors,2,52.07,11.57,New Customer
110633,2025-11-27,North,Electronics,2,282.46,43.4,New Customer
110634,2025-11-27,North,Beauty,1,19.91,7.82,Returning Customer
110635,2025-11-27,South,Beauty,1,32.08,13.02,VIP
110636,2025-11-27,East,Sports & Outdoors,1,90.2,26.01,New Customer
110637,2025-11-27,East,Electronics,2,336.72,51.21,Returning Customer
110638,2025-11-27,East,Electronics,2,368.39,75.6,New Customer
110639,2025-11-27,West,Beauty,1,29.07,11.26,VIP
110640,2025-11-27,West,Beauty,2,51.99,24.24,Returning Customer
110641,2025-11-27,East,Apparel,1,48.97,17.87,New Customer
110642,2025-11-28,East,Sports & Outdoors,2,111.1,33.7,New Customer
110643,2025-11-28,West,Home & Kitchen,2,74.92,18.74,VIP
110644,2025-11-28,South,Sports & Outdoors,2,110.84,31.66,VIP
110645,2025-11-28,North,Apparel,1,32.36,11.3,New Customer
110646,2025-11-28,North,Home & Kitchen,2,180.62,62.85,New Customer
110647,2025-11-28,West,Home & Kitchen,1,86.87,22.43,New Customer
110648,2025-11-28,North,Apparel,2,84.38,29.0,Returning Customer
110649,2025-11-28,North,Electronics,1,52.51,9.31,VIP
110650,2025-11-28,South,Beauty,2,66.44,27.15,Returning Customer
110651,2025-11-28,West,Apparel,2,94.4,34.64,New Customer
110652,2025-11-28,South,Beauty,2,55.41,21.61,New Customer
110653,2025-11-28,West,Beauty,1,27.5,12.11,Returning Customer
110654,2025-11-28,West,Home & Kitchen,1,69.14,20.38,VIP
110655,2025-11-28,South,Home & Kitchen,2,133.82,36.44,New Customer
110656,2025-11-28,North,Sports & Outdoors,1,62.47,19.5,Returning Customer
110657,2025-11-28,South,Sports & Outdoors,1,55.13,15.01,New Customer
110658,2025-11-28,North,Home & Kitchen,2,48.57,13.28,VIP
110659,2025-11-28,South,Apparel,2,74.92,26.02,New Customer
110660,2025-11-28,West,Home & Kitchen,2,123.8,38.77,New Customer
110661,2025-11-28,North,Electronics,2,257.0,29.74,Returning Customer
110662,2025-11-28,North,Electronics,1,85.88,14.38,Returning Customer
110663,2025-11-28,East,Sports & Outdoors,1,52.66,18.53,Returning Customer
110664,2025-11-28,West,Electronics,2,252.23,44.25,New Customer
110665,2025-11-28,East,Beauty,2,63.08,28.04,Returning Customer
110666,2025-11-28,East,Apparel,2,75.1,24.62,Returning Customer
110667,2025-11-28,East,Electronics,1,220.04,35.81,New Customer
110668,2025-11-28,South,Home & Kitchen,1,48.72,13.8,VIP
110669,2025-11-28,North,Beauty,2,62.23,29.67,New Customer
110670,2025-11-28,South,Apparel,1,41.31,13.24,New Customer
110671,2025-11-28,West,Home & Kitchen,1,86.98,23.92,Returning Customer
110672,2025-11-28,West,Beauty,2,55.52,20.4,New Customer
110673,2025-11-28,South,Apparel,1,25.9,8.71,Returning Customer
110674,2025-11-28,East,Apparel,1,49.3,17.3,Returning Customer
110675,2025-11-28,North,Home & Kitchen,1,55.61,14.16,Returning Customer
110676,2025-11-28,East,Home & Kitchen,2,127.38,30.69,New Customer
110677,2025-11-28,West,Electronics,2,353.57,64.22,Returning Customer
110678,2025-11-28,East,Electronics,1,250.9,45.89,Returning Customer
110679,2025-11-28,South,Electronics,2,234.7,45.68,VIP
110680,2025-11-28,North,Home & Kitchen,2,189.52,45.6,Returning Customer
110681,2025-11-28,North,Electronics,1,212.91,40.1,New Customer
110682,2025-11-28,North,Apparel,1,41.38,13.63,New Customer
110683,2025-11-28,South,Apparel,2,80.77,26.95,New Customer
110684,2025-11-28,North,Electronics,1,233.79,48.8,VIP
110685,2025-11-28,East,Electronics,1,274.43,43.89,VIP
110686,2025-11-28,East,Sports & Outdoors,2,71.6,20.62,New Customer
110687,2025-11-28,West,Beauty,2,76.44,32.73,Returning Customer
110688,2025-11-28,South,Apparel,2,86.71,31.55,VIP
110689,2025-11-28,East,Electronics,1,136.71,16.53,New Customer
110690,2025-11-28,North,Electronics,1,235.63,38.81,Returning Customer
110691,2025-11-28,North,Beauty,2,57.49,24.84,VIP
110692,2025-11-28,West,Electronics,1,141.84,26.17,Returning Customer
110693,2025-11-28,West,Sports & Outdoors,2,75.42,18.79,New Customer
110694,2025-11-28,South,Sports & Outdoors,2,118.31,37.56,Returning Customer
110695,2025-11-28,East,Apparel,2,87.44,31.35,New Customer
110696,2025-11-28,North,Electronics,2,516.39,108.0,Returning Customer
110697,2025-11-28,East,Beauty,2,71.71,30.89,New Customer
110698,2025-11-28,West,Electronics,2,316.43,60.16,New Customer
110699,2025-11-28,South,Electronics,1,217.74,42.87,Returning Customer
110700,2025-11-28,South,Electronics,2,295.95,59.17,VIP
110701,2025-11-28,North,Home & Kitchen,1,115.56,34.37,New Customer
110702,2025-11-28,West,Sports & Outdoors,2,118.9,35.25,New Customer
110703,2025-11-29,North,Sports & Outdoors,2,129.46,43.61,New Customer
110704,2025-11-29,West,Electronics,2,459.51,93.6,VIP
110705,2025-11-29,South,Home & Kitchen,1,93.74,28.62,New Customer
110706,2025-11-29,South,Electronics,2,471.99,91.66,Returning Customer
110707,2025-11-29,South,Apparel,2,114.24,39.99,VIP
110708,2025-11-29,West,Electronics,2,468.5,63.79,Returning Customer
110709,2025-11-29,North,Electronics,2,306.96,47.29,Returning Customer
110710,2025-11-29,North,Beauty,2,56.81,26.5,VIP
110711,2025-11-29,West,Sports & Outdoors,2,85.08,25.08,New Customer
110712,2025-11-29,West,Electronics,1,153.55,27.92,VIP
110713,2025-11-29,East,Home & Kitchen,1,24.1,6.53,Returning Customer
110714,2025-11-29,West,Sports & Outdoors,1,68.17,20.68,New Customer
110715,2025-11-29,South,Home & Kitchen,1,65.59,22.5,New Customer
110716,2025-11-29,North,Beauty,1,31.93,12.5,New Customer
110717,2025-11-29,West,Beauty,2,70.28,31.73,Returning Customer
110718,2025-11-29,East,Apparel,2,116.31,41.51,Returning Customer
110719,2025-11-29,South,Beauty,2,53.81,21.98,New Customer
110720,2025-11-29,South,Apparel,1,41.15,15.48,New Customer
110721,2025-11-29,South,Home & Kitchen,2,130.57,40.09,New Customer
110722,2025-11-29,North,Electronics,1,181.54,29.34,Returning Customer
110723,2025-11-29,South,Apparel,1,41.87,16.12,VIP
110724,2025-11-29,North,Home & Kitchen,2,142.74,37.88,Returning Customer
110725,2025-11-29,East,Apparel,1,39.65,11.66,New Customer
110726,2025-11-29,East,Electronics,1,192.84,35.93,Returning Customer
110727,2025-11-29,South,Beauty,2,49.7,22.34,New Customer
110728,2025-11-29,South,Electronics,1,139.35,17.71,Returning Customer
110729,2025-11-29,North,Apparel,2,85.52,31.77,Returning Customer
110730,2025-11-29,North,Sports & Outdoors,2,84.69,26.74,New Customer
110731,2025-11-29,West,Home & Kitchen,2,108.94,28.46,New Customer
110732,2025-11-29,North,Electronics,2,328.44,65.76,Returning Customer
110733,2025-11-29,West,Electronics,1,189.58,36.67,VIP
110734,2025-11-29,East,Beauty,2,69.69,30.89,VIP
110735,2025-11-29,West,Beauty,2,52.32,21.88,Returning Customer
110736,2025-11-29,South,Electronics,2,289.7,56.47,Returning Customer
110737,2025-11-29,North,Apparel,2,120.72,43.04,VIP
110738,2025-11-29,North,Apparel,2,114.25,48.37,Returning Customer
110739,2025-11-29,South,Electronics,2,264.86,52.06,New Customer
110740,2025-11-29,South,Electronics,2,451.1,57.54,New Customer
110741,2025-11-29,South,Apparel,2,92.14,37.11,New Customer
110742,2025-11-29,West,Apparel,1,41.76,13.81,New Customer
110743,2025-11-29,East,Apparel,1,66.26,21.58,Returning Customer
110744,2025-11-29,North,Apparel,2,53.87,18.08,New Customer
110745,2025-11-29,South,Beauty,1,21.21,8.07,New Customer
110746,2025-11-29,North,Beauty,2,37.42,15.5,VIP
110747,2025-11-29,West,Electronics,1,160.04,28.58,New Customer
110748,2025-11-29,East,Apparel,2,94.71,34.92,Returning Customer
110749,2025-11-29,East,Electronics,2,302.83,53.01,Returning Customer
110750,2025-11-29,South,Electronics,1,194.49,33.07,New Customer
110751,2025-11-29,South,Apparel,1,31.46,11.59,Returning Customer
110752,2025-11-29,West,Beauty,1,16.79,7.13,Returning Customer
110753,2025-11-29,South,Apparel,1,42.71,16.67,VIP
110754,2025-11-29,North,Electronics,1,158.45,21.95,Returning Customer
110755,2025-11-29,East,Apparel,2,71.52,26.2,Returning Customer
110756,2025-11-29,West,Apparel,2,74.42,24.11,New Customer
110757,2025-11-29,East,Electronics,2,313.33,56.79,Returning Customer
110758,2025-11-29,South,Apparel,1,26.46,9.31,New Customer
110759,2025-11-29,East,Beauty,1,32.18,13.43,Returning Customer
110760,2025-11-29,North,Electronics,2,358.3,53.0,Returning Customer
110761,2025-11-29,South,Beauty,1,27.95,11.79,Returning Customer
110762,2025-11-29,North,Beauty,2,40.34,16.32,VIP
110763,2025-11-29,West,Beauty,1,31.46,13.95,Returning Customer
110764,2025-11-29,South,Electronics,2,312.69,70.91,Returning Customer
110765,2025-11-29,South,Electronics,2,271.5,54.84,New Customer
110766,2025-11-29,East,Apparel,2,45.97,16.48,Returning Customer
110767,2025-11-29,East,Home & Kitchen,1,54.69,12.73,Returning Customer
110768,2025-11-29,North,Electronics,1,207.48,35.33,Returning Customer
110769,2025-11-30,North,Electronics,2,438.33,86.39,Returning Customer
110770,2025-11-30,West,Home & Kitchen,2,138.93,30.67,VIP
110771,2025-11-30,East,Sports & Outdoors,1,79.55,18.5,New Customer
110772,2025-11-30,East,Beauty,2,61.72,24.29,Returning Customer
110773,2025-11-30,West,Home & Kitchen,2,125.19,40.82,New Customer
110774,2025-11-30,North,Electronics,2,337.67,55.47,New Customer
110775,2025-11-30,South,Electronics,1,121.92,16.52,Returning Customer
110776,2025-11-30,West,Apparel,1,50.51,19.83,New Customer
110777,2025-11-30,North,Beauty,1,21.27,8.43,New Customer
110778,2025-11-30,West,Sports & Outdoors,1,77.04,25.33,New Customer
110779,2025-11-30,West,Electronics,2,281.33,45.83,Returning Customer
110780,2025-11-30,East,Beauty,1,21.43,8.59,Returning Customer
110781,2025-11-30,West,Home & Kitchen,2,129.12,40.65,Returning Customer
110782,2025-11-30,East,Electronics,1,198.44,31.94,New Customer
110783,2025-11-30,West,Electronics,2,383.02,48.13,VIP
110784,2025-11-30,South,Beauty,2,52.7,23.24,New Customer
110785,2025-11-30,North,Sports & Outdoors,2,88.98,30.31,Returning Customer
110786,2025-11-30,East,Electronics,2,225.94,48.62,Returning Customer
110787,2025-11-30,South,Electronics,1,95.92,20.52,New Customer
110788,2025-11-30,South,Apparel,1,49.95,20.22,New Customer
110789,2025-11-30,South,Apparel,2,84.98,26.0,New Customer
110790,2025-11-30,East,Electronics,2,305.29,71.15,Returning Customer
110791,2025-11-30,East,Apparel,1,42.32,12.88,VIP
110792,2025-11-30,East,Electronics,1,168.65,30.52,New Customer
110793,2025-11-30,South,Beauty,1,36.38,14.39,Returning Customer
110794,2025-11-30,East,Beauty,2,56.18,24.37,New Customer
110795,2025-11-30,North,Electronics,1,166.34,31.18,Returning Customer
110796,2025-11-30,North,Electronics,2,133.14,22.17,New Customer
110797,2025-11-30,North,Apparel,1,43.85,15.68,New Customer
110798,2025-11-30,North,Apparel,1,50.68,18.56,VIP
110799,2025-11-30,South,Beauty,2,69.69,26.5,New Customer
110800,2025-11-30,South,Home & Kitchen,2,91.85,27.56,New Customer
110801,2025-11-30,East,Electronics,1,212.77,42.94,New Customer
110802,2025-11-30,West,Beauty,2,38.35,16.35,VIP
110803,2025-11-30,South,Electronics,1,234.29,34.08,New Customer
110804,2025-11-30,West,Electronics,1,225.05,32.7,New Customer
110805,2025-11-30,North,Apparel,2,81.96,28.27,New Customer
110806,2025-11-30,North,Home & Kitchen,2,155.07,34.07,New Customer
110807,2025-11-30,North,Beauty,2,44.1,19.88,New Customer
110808,2025-11-30,East,Beauty,2,50.87,21.73,Returning Customer
110809,2025-11-30,North,Apparel,2,66.67,24.15,Returning Customer
110810,2025-11-30,East,Electronics,2,341.62,72.75,New Customer
110811,2025-11-30,South,Beauty,1,18.73,6.99,New Customer
110812,2025-11-30,West,Electronics,2,397.46,67.43,VIP
110813,2025-11-30,East,Electronics,2,375.74,64.16,New Customer
110814,2025-11-30,South,Home & Kitchen,2,127.9,36.25,VIP
110815,2025-11-30,East,Electronics,2,444.97,86.23,Returning Customer
110816,2025-11-30,West,Home & Kitchen,2,88.87,25.54,New Customer
110817,2025-11-30,South,Beauty,1,19.34,8.78,VIP
110818,2025-12-01,North,Home & Kitchen,1,80.03,21.62,New Customer
110819,2025-12-01,North,Electronics,2,330.83,60.18,Returning Customer
110820,2025-12-01,West,Beauty,1,34.1,16.11,New Customer
110821,2025-12-01,East,Electronics,2,484.55,76.93,New Customer
110822,2025-12-01,West,Apparel,1,53.91,18.31,Returning Customer
110823,2025-12-01,North,Electronics,2,400.21,46.76,New Customer
110824,2025-12-01,South,Apparel,1,54.26,18.56,Returning Customer
110825,2025-12-01,East,Electronics,2,276.54,45.7,New Customer
110826,2025-12-01,East,Electronics,2,297.83,51.56,Returning Customer
110827,2025-12-01,South,Electronics,1,133.25,28.27,Returning Customer
110828,2025-12-01,East,Electronics,2,273.68,46.6,VIP
110829,2025-12-01,South,Electronics,2,369.17,65.34,Returning Customer
110830,2025-12-01,West,Sports & Outdoors,1,74.31,20.83,Returning Customer
110831,2025-12-01,East,Electronics,2,517.07,111.83,Returning Customer
110832,2025-12-01,North,Electronics,1,227.13,48.91,Returning Customer
110833,2025-12-01,East,Electronics,1,224.14,35.32,VIP
110834,2025-12-01,North,Apparel,2,125.31,34.99,New Customer
110835,2025-12-01,South,Sports & Outdoors,2,84.09,26.34,Returning Customer
110836,2025-12-01,North,Electronics,1,179.49,36.8,New Customer
110837,2025-12-01,East,Apparel,2,85.82,26.26,Returning Customer
110838,2025-12-01,West,Beauty,2,46.18,19.91,Returning Customer
110839,2025-12-01,North,Home & Kitchen,1,56.89,16.65,New Customer
110840,2025-12-01,North,Home & Kitchen,2,77.93,24.67,VIP
110841,2025-12-01,South,Beauty,1,28.02,11.39,VIP
110842,2025-12-01,North,Home & Kitchen,1,56.47,14.34,New Customer
110843,2025-12-01,North,Beauty,2,71.48,30.71,New Customer
110844,2025-12-01,West,Electronics,1,185.88,34.42,VIP
110845,2025-12-01,West,Apparel,1,43.38,15.28,New Customer
110846,2025-12-01,South,Electronics,1,194.49,32.06,New Customer
110847,2025-12-01,East,Beauty,2,62.97,25.92,Returning Customer
110848,2025-12-01,West,Apparel,1,46.59,16.91,VIP
110849,2025-12-01,West,Sports & Outdoors,2,68.21,22.27,New Customer
110850,2025-12-01,South,Electronics,2,349.63,56.48,VIP
110851,2025-12-01,West,Sports & Outdoors,1,67.86,18.25,Returning Customer
110852,2025-12-01,North,Electronics,2,332.68,55.96,Returning Customer
110853,2025-12-01,West,Electronics,2,301.46,48.0,Returning Customer
110854,2025-12-01,West,Home & Kitchen,1,62.7,21.85,New Customer
110855,2025-12-01,North,Beauty,2,32.77,13.34,Returning Customer
110856,2025-12-01,East,Home & Kitchen,1,65.54,20.86,New Customer
110857,2025-12-01,West,Home & Kitchen,1,69.63,16.06,Returning Customer
110858,2025-12-01,South,Apparel,1,36.81,13.17,New Customer
110859,2025-12-01,East,Home & Kitchen,2,104.78,30.74,New Customer
110860,2025-12-01,West,Electronics,1,137.91,32.1,New Customer
110861,2025-12-01,East,Sports & Outdoors,1,52.43,17.34,Returning Customer
110862,2025-12-01,West,Home & Kitchen,1,86.45,21.93,New Customer
110863,2025-12-01,East,Electronics,2,523.19,60.66,Returning Customer
110864,2025-12-01,North,Sports & Outdoors,1,59.9,19.29,VIP
110865,2025-12-01,East,Apparel,2,104.18,36.16,New Customer
110866,2025-12-01,West,Home & Kitchen,2,75.67,20.95,Returning Customer
110867,2025-12-01,North,Beauty,1,32.82,11.94,New Customer
110868,2025-12-01,West,Beauty,1,29.43,12.62,New Customer
110869,2025-12-01,South,Apparel,1,50.81,17.87,New Customer
110870,2025-12-01,West,Electronics,1,199.64,35.77,New Customer
110871,2025-12-01,East,Electronics,2,381.31,63.29,VIP
110872,2025-12-01,West,Electronics,1,117.14,24.15,Returning Customer
110873,2025-12-01,East,Electronics,2,184.24,36.63,VIP
110874,2025-12-02,East,Home & Kitchen,2,151.29,44.99,Returning Customer
110875,2025-12-02,North,Apparel,1,43.63,14.25,New Customer
110876,2025-12-02,North,Beauty,2,45.84,19.35,Returning Customer
110877,2025-12-02,South,Home & Kitchen,1,68.92,21.33,New Customer
110878,2025-12-02,East,Apparel,1,55.91,23.73,New Customer
110879,2025-12-02,East,Sports & Outdoors,2,79.49,22.0,VIP
110880,2025-12-02,West,Home & Kitchen,2,76.44,22.91,Returning Customer
110881,2025-12-02,West,Beauty,2,53.16,23.48,VIP
110882,2025-12-02,West,Home & Kitchen,2,106.81,35.07,New Customer
110883,2025-12-02,West,Apparel,1,44.55,16.82,New Customer
110884,2025-12-02,North,Apparel,2,107.37,40.48,Returning Customer
110885,2025-12-02,East,Beauty,2,57.25,25.56,Returning Customer
110886,2025-12-02,South,Apparel,2,132.59,48.99,New Customer
110887,2025-12-02,West,Electronics,2,307.61,57.67,Returning Customer
110888,2025-12-02,South,Electronics,1,68.05,10.85,New Customer
110889,2025-12-02,West,Beauty,2,43.06,17.37,Returning Customer
110890,2025-12-02,North,Electronics,1,94.03,12.99,New Customer
110891,2025-12-02,North,Apparel,1,56.4,22.48,VIP
110892,2025-12-02,East,Beauty,1,27.29,12.34,New Customer
110893,2025-12-02,North,Electronics,1,108.56,16.87,New Customer
110894,2025-12-02,West,Apparel,1,55.65,18.7,Returning Customer
110895,2025-12-02,North,Electronics,1,186.5,38.56,Returning Customer
110896,2025-12-02,North,Home & Kitchen,2,137.58,37.17,VIP
110897,2025-12-02,West,Electronics,1,138.02,31.22,New Customer
110898,2025-12-02,West,Electronics,1,188.25,34.01,Returning Customer
110899,2025-12-02,South,Beauty,2,49.04,20.13,Returning Customer
110900,2025-12-02,North,Beauty,1,28.36,11.85,VIP
110901,2025-12-02,North,Beauty,2,48.75,20.92,Returning Customer
110902,2025-12-02,West,Electronics,2,288.77,40.21,New Customer
110903,2025-12-02,North,Home & Kitchen,1,49.42,12.63,Returning Customer
110904,2025-12-02,East,Apparel,2,80.3,29.49,VIP
110905,2025-12-02,North,Electronics,1,186.72,33.54,VIP
110906,2025-12-02,West,Beauty,1,28.65,12.27,New Customer
110907,2025-12-02,East,Electronics,2,475.5,81.18,New Customer
110908,2025-12-02,North,Apparel,1,41.0,14.87,New Customer
110909,2025-12-02,East,Beauty,2,46.39,19.19,New Customer
110910,2025-12-02,South,Apparel,2,81.52,28.46,New Customer
110911,2025-12-03,North,Electronics,2,354.49,71.9,Returning Customer
110912,2025-12-03,West,Sports & Outdoors,1,54.55,15.62,Returning Customer
110913,2025-12-03,North,Apparel,2,112.63,43.6,Returning Customer
110914,2025-12-03,North,Sports & Outdoors,2,53.55,14.5,Returning Customer
110915,2025-12-03,North,Beauty,1,21.45,8.24,VIP
110916,2025-12-03,West,Apparel,1,52.61,19.88,Returning Customer
110917,2025-12-03,South,Home & Kitchen,1,61.26,20.11,Returning Customer
110918,2025-12-03,West,Beauty,2,26.07,11.36,Returning Customer
110919,2025-12-03,South,Electronics,2,366.78,53.64,New Customer
110920,2025-12-03,South,Beauty,2,46.08,22.24,Returning Customer
110921,2025-12-03,West,Sports & Outdoors,2,83.68,28.9,New Customer
110922,2025-12-03,East,Apparel,1,59.03,17.96,Returning Customer
110923,2025-12-03,North,Beauty,2,69.63,30.24,Returning Customer
110924,2025-12-03,North,Sports & Outdoors,1,43.62,10.57,New Customer
110925,2025-12-03,West,Apparel,2,109.01,37.51,Returning Customer
110926,2025-12-03,South,Apparel,2,65.23,20.38,Returning Customer
110927,2025-12-03,South,Electronics,2,307.34,64.35,Returning Customer
110928,2025-12-03,South,Apparel,2,52.32,17.19,New Customer
110929,2025-12-03,South,Electronics,2,312.65,63.32,New Customer
110930,2025-12-03,North,Electronics,2,287.79,44.5,New Customer
110931,2025-12-03,West,Sports & Outdoors,2,118.28,33.61,New Customer
110932,2025-12-03,South,Apparel,2,71.55,28.7,Returning Customer
110933,2025-12-03,East,Apparel,2,106.13,35.92,Returning Customer
110934,2025-12-03,North,Home & Kitchen,2,149.81,43.13,VIP
110935,2025-12-03,East,Electronics,2,269.67,49.9,Returning Customer
110936,2025-12-03,North,Electronics,2,228.15,37.98,Returning Customer
110937,2025-12-03,North,Electronics,1,247.01,36.28,New Customer
110938,2025-12-03,East,Sports & Outdoors,1,46.42,13.42,New Customer
110939,2025-12-03,North,Apparel,1,52.18,18.28,New Customer
110940,2025-12-03,East,Home & Kitchen,1,53.87,13.37,New Customer
110941,2025-12-03,North,Electronics,2,409.36,67.68,Returning Customer
110942,2025-12-03,North,Apparel,1,54.45,22.2,Returning Customer
110943,2025-12-03,South,Beauty,1,23.95,9.0,Returning Customer
110944,2025-12-03,East,Electronics,2,431.23,74.0,VIP
110945,2025-12-03,East,Beauty,2,44.81,19.88,New Customer
110946,2025-12-03,North,Electronics,1,130.53,22.23,New Customer
110947,2025-12-03,West,Beauty,1,28.77,12.96,VIP
110948,2025-12-03,East,Electronics,1,191.67,41.42,Returning Customer
110949,2025-12-03,North,Home & Kitchen,2,126.13,36.22,Returning Customer
110950,2025-12-03,South,Beauty,1,23.67,9.4,Returning Customer
110951,2025-12-03,North,Home & Kitchen,1,84.74,20.35,Returning Customer
110952,2025-12-03,East,Apparel,1,45.58,17.38,Returning Customer
110953,2025-12-03,North,Electronics,2,187.71,32.61,Returning Customer
110954,2025-12-03,West,Beauty,2,57.0,24.6,VIP
110955,2025-12-03,North,Electronics,2,323.37,73.23,New Customer
110956,2025-12-03,South,Electronics,1,137.25,25.0,New Customer
110957,2025-12-03,North,Apparel,2,51.21,18.59,New Customer
110958,2025-12-03,East,Electronics,1,151.54,27.38,Returning Customer
110959,2025-12-04,South,Electronics,1,103.49,18.18,Returning Customer
110960,2025-12-04,South,Electronics,1,127.93,25.39,New Customer
110961,2025-12-04,West,Beauty,2,62.83,27.99,New Customer
110962,2025-12-04,North,Beauty,1,18.6,6.66,VIP
110963,2025-12-04,South,Apparel,1,55.56,18.0,Returning Customer
110964,2025-12-04,South,Apparel,1,52.51,20.0,Returning Customer
110965,2025-12-04,South,Apparel,2,95.93,35.67,New Customer
110966,2025-12-04,North,Beauty,1,39.27,17.65,New Customer
110967,2025-12-04,East,Apparel,1,45.08,14.99,Returning Customer
110968,2025-12-04,West,Electronics,1,177.19,31.76,Returning Customer
110969,2025-12-04,East,Sports & Outdoors,2,139.52,44.61,Returning Customer
110970,2025-12-04,East,Apparel,1,46.99,18.2,Returning Customer
110971,2025-12-04,East,Home & Kitchen,1,63.61,15.14,Returning Customer
110972,2025-12-04,East,Apparel,1,41.89,14.18,VIP
110973,2025-12-04,South,Electronics,2,504.22,99.71,Returning Customer
110974,2025-12-04,South,Home & Kitchen,2,93.85,20.77,VIP
110975,2025-12-04,East,Electronics,2,378.05,70.75,Returning Customer
110976,2025-12-04,West,Home & Kitchen,2,139.26,24.7,Returning Customer
110977,2025-12-04,South,Beauty,2,24.29,10.21,VIP
110978,2025-12-04,North,Electronics,2,305.5,67.54,Returning Customer
110979,2025-12-04,South,Electronics,2,257.68,47.13,VIP
110980,2025-12-04,South,Electronics,2,505.73,106.98,Returning Customer
110981,2025-12-04,East,Apparel,2,66.29,21.75,Returning Customer
110982,2025-12-04,North,Electronics,2,422.37,89.87,Returning Customer
110983,2025-12-04,West,Apparel,2,89.81,36.11,New Customer
110984,2025-12-04,West,Electronics,1,189.93,18.03,New Customer
110985,2025-12-04,East,Electronics,1,167.17,19.54,Returning Customer
110986,2025-12-04,North,Electronics,1,215.28,37.63,VIP
110987,2025-12-04,North,Electronics,1,190.72,46.92,New Customer
110988,2025-12-04,North,Apparel,2,103.95,42.59,VIP
110989,2025-12-04,East,Sports & Outdoors,1,52.72,13.63,Returning Customer
110990,2025-12-04,East,Apparel,2,105.83,34.42,New Customer
110991,2025-12-04,South,Electronics,1,191.24,45.55,VIP
110992,2025-12-04,South,Apparel,2,74.94,25.27,Returning Customer
110993,2025-12-04,North,Electronics,1,197.49,41.17,New Customer
110994,2025-12-04,North,Electronics,2,275.89,47.1,New Customer
110995,2025-12-04,East,Electronics,2,272.01,45.27,Returning Customer
110996,2025-12-04,West,Apparel,2,110.33,39.88,Returning Customer
110997,2025-12-04,North,Electronics,1,183.64,36.5,New Customer
110998,2025-12-04,East,Apparel,1,21.21,7.1,Returning Customer
110999,2025-12-04,East,Apparel,2,102.84,30.36,VIP
111000,2025-12-04,East,Home & Kitchen,2,164.88,48.84,Returning Customer
111001,2025-12-04,South,Apparel,2,124.01,39.17,New Customer
111002,2025-12-04,West,Electronics,2,348.22,64.08,Returning Customer
111003,2025-12-04,North,Sports & Outdoors,1,47.57,13.64,VIP
111004,2025-12-04,West,Sports & Outdoors,1,41.2,14.01,Returning Customer
111005,2025-12-04,South,Home & Kitchen,2,141.79,38.09,VIP
111006,2025-12-04,South,Electronics,2,572.72,73.93,New Customer
111007,2025-12-05,North,Electronics,1,141.51,26.9,New Customer
111008,2025-12-05,West,Apparel,2,89.97,33.91,New Customer
111009,2025-12-05,North,Electronics,2,540.2,127.56,New Customer
111010,2025-12-05,West,Apparel,2,115.55,38.18,Returning Customer
111011,2025-12-05,North,Home & Kitchen,1,84.23,28.69,New Customer
111012,2025-12-05,South,Sports & Outdoors,1,67.23,19.64,Returning Customer
111013,2025-12-05,West,Apparel,1,45.25,15.16,Returning Customer
111014,2025-12-05,North,Electronics,2,255.45,50.02,Returning Customer
111015,2025-12-05,North,Beauty,2,40.97,16.39,Returning Customer
111016,2025-12-05,West,Home & Kitchen,1,61.9,17.69,Returning Customer
111017,2025-12-05,East,Apparel,1,21.47,7.54,New Customer
111018,2025-12-05,North,Apparel,1,49.1,17.29,Returning Customer
111019,2025-12-05,South,Beauty,1,34.17,13.38,New Customer
111020,2025-12-05,South,Sports & Outdoors,1,42.51,13.9,Returning Customer
111021,2025-12-05,East,Home & Kitchen,1,71.09,15.32,Returning Customer
111022,2025-12-05,North,Apparel,1,44.04,15.77,Returning Customer
111023,2025-12-05,West,Sports & Outdoors,2,161.5,45.35,Returning Customer
111024,2025-12-05,South,Apparel,1,64.66,16.37,Returning Customer
111025,2025-12-05,South,Apparel,1,32.87,10.75,VIP
111026,2025-12-05,South,Beauty,1,33.43,14.95,Returning Customer
111027,2025-12-05,West,Beauty,1,33.98,15.06,New Customer
111028,2025-12-05,North,Sports & Outdoors,1,55.01,19.08,VIP
111029,2025-12-05,South,Electronics,2,92.84,14.9,VIP
111030,2025-12-05,East,Sports & Outdoors,1,48.07,15.66,Returning Customer
111031,2025-12-05,South,Home & Kitchen,2,144.15,50.66,Returning Customer
111032,2025-12-05,South,Apparel,1,63.4,21.39,VIP
111033,2025-12-05,South,Electronics,1,203.73,38.83,New Customer
111034,2025-12-05,South,Electronics,1,134.95,26.43,Returning Customer
111035,2025-12-05,West,Beauty,2,47.14,19.35,Returning Customer
111036,2025-12-05,East,Home & Kitchen,2,94.55,24.73,New Customer
111037,2025-12-05,North,Beauty,2,61.82,23.46,Returning Customer
111038,2025-12-05,South,Beauty,2,67.56,26.67,VIP
111039,2025-12-05,North,Beauty,2,64.93,26.16,New Customer
111040,2025-12-05,East,Apparel,2,93.72,28.58,New Customer
111041,2025-12-05,East,Home & Kitchen,2,97.32,26.84,Returning Customer
111042,2025-12-05,North,Apparel,2,100.07,38.69,New Customer
111043,2025-12-05,East,Apparel,2,82.22,33.1,New Customer
111044,2025-12-05,East,Electronics,2,202.72,31.04,Returning Customer
111045,2025-12-05,South,Apparel,1,44.27,16.02,New Customer
111046,2025-12-05,South,Electronics,1,155.72,27.48,New Customer
111047,2025-12-05,North,Apparel,1,53.6,16.86,VIP
111048,2025-12-05,East,Electronics,2,445.09,84.24,Returning Customer
111049,2025-12-05,South,Home & Kitchen,2,129.54,26.65,VIP
111050,2025-12-05,West,Electronics,1,202.34,29.33,Returning Customer
111051,2025-12-05,North,Apparel,1,49.45,19.37,New Customer
111052,2025-12-05,North,Electronics,1,128.5,18.72,Returning Customer
111053,2025-12-05,East,Electronics,2,264.91,35.56,VIP
111054,2025-12-05,South,Electronics,2,483.1,66.77,New Customer
111055,2025-12-05,South,Sports & Outdoors,1,77.42,22.43,Returning Customer
111056,2025-12-05,West,Apparel,2,71.59,26.25,VIP
111057,2025-12-05,North,Home & Kitchen,2,161.01,47.55,New Customer
111058,2025-12-05,West,Sports & Outdoors,1,64.59,19.51,New Customer
111059,2025-12-05,East,Apparel,2,74.85,24.49,VIP
111060,2025-12-05,North,Electronics,2,409.17,78.4,Returning Customer
111061,2025-12-05,South,Beauty,1,42.87,19.3,VIP
111062,2025-12-05,South,Electronics,2,479.86,110.11,New Customer
111063,2025-12-05,West,Beauty,2,67.84,30.01,Returning Customer
111064,2025-12-05,East,Electronics,1,113.98,25.55,New Customer
111065,2025-12-05,North,Electronics,1,198.2,39.46,Returning Customer
111066,2025-12-05,East,Apparel,1,54.09,19.34,New Customer
111067,2025-12-05,East,Electronics,1,213.07,40.27,New Customer
111068,2025-12-05,East,Electronics,2,335.41,71.9,New Customer
111069,2025-12-06,South,Electronics,2,472.34,103.34,New Customer
111070,2025-12-06,East,Electronics,2,408.25,62.87,New Customer
111071,2025-12-06,East,Sports & Outdoors,1,50.47,16.42,New Customer
111072,2025-12-06,South,Electronics,1,160.82,28.25,Returning Customer
111073,2025-12-06,East,Apparel,1,60.43,20.46,New Customer
111074,2025-12-06,East,Beauty,2,52.96,21.55,Returning Customer
111075,2025-12-06,North,Home & Kitchen,2,133.76,35.54,Returning Customer
111076,2025-12-06,East,Beauty,2,40.72,14.06,Returning Customer
111077,2025-12-06,North,Electronics,1,150.33,33.6,VIP
111078,2025-12-06,East,Apparel,1,48.91,14.76,Returning Customer
111079,2025-12-06,West,Apparel,1,48.62,16.82,Returning Customer
111080,2025-12-06,West,Apparel,2,89.66,31.97,Returning Customer
111081,2025-12-06,South,Sports & Outdoors,2,98.46,26.88,Returning Customer
111082,2025-12-06,North,Home & Kitchen,1,65.73,19.41,Returning Customer
111083,2025-12-06,North,Apparel,2,73.54,26.07,Returning Customer
111084,2025-12-06,West,Apparel,2,82.7,29.84,Returning Customer
111085,2025-12-06,North,Home & Kitchen,2,140.69,37.51,VIP
111086,2025-12-06,South,Home & Kitchen,1,90.33,24.75,New Customer
111087,2025-12-06,East,Electronics,1,193.51,37.58,Returning Customer
111088,2025-12-06,West,Electronics,1,206.26,26.26,New Customer
111089,2025-12-06,North,Beauty,2,77.84,36.16,New Customer
111090,2025-12-06,North,Sports & Outdoors,2,120.89,41.68,VIP
111091,2025-12-06,East,Sports & Outdoors,2,69.72,18.41,New Customer
111092,2025-12-06,North,Home & Kitchen,2,101.9,29.91,Returning Customer
111093,2025-12-06,South,Sports & Outdoors,2,108.89,39.08,New Customer
111094,2025-12-06,North,Beauty,1,31.2,12.91,VIP
111095,2025-12-06,North,Apparel,2,77.57,27.3,Returning Customer
111096,2025-12-06,West,Home & Kitchen,1,83.6,23.47,VIP
111097,2025-12-06,South,Apparel,1,46.02,15.84,Returning Customer
111098,2025-12-06,West,Electronics,1,131.93,17.17,New Customer
111099,2025-12-06,South,Beauty,1,24.81,10.03,Returning Customer
111100,2025-12-06,North,Sports & Outdoors,2,148.17,46.9,VIP
111101,2025-12-06,North,Electronics,2,292.43,32.23,New Customer
111102,2025-12-06,South,Electronics,2,300.03,57.11,VIP
111103,2025-12-06,North,Sports & Outdoors,1,78.33,26.51,Returning Customer
111104,2025-12-06,West,Home & Kitchen,2,183.14,47.31,VIP
111105,2025-12-06,West,Electronics,2,429.09,62.97,Returning Customer
111106,2025-12-06,South,Sports & Outdoors,1,49.36,14.61,New Customer
111107,2025-12-06,East,Electronics,1,154.71,31.83,VIP
111108,2025-12-06,South,Home & Kitchen,2,151.41,41.97,New Customer
111109,2025-12-06,West,Beauty,1,26.7,12.27,VIP
111110,2025-12-06,West,Beauty,2,52.72,21.06,Returning Customer
111111,2025-12-06,North,Sports & Outdoors,1,53.27,16.06,Returning Customer
111112,2025-12-06,North,Electronics,2,542.32,91.45,Returning Customer
111113,2025-12-06,South,Apparel,1,40.5,12.59,Returning Customer
111114,2025-12-06,North,Electronics,1,226.42,31.5,Returning Customer
111115,2025-12-06,North,Electronics,1,141.32,24.3,New Customer
111116,2025-12-06,East,Sports & Outdoors,2,156.9,36.31,VIP
111117,2025-12-06,West,Home & Kitchen,2,78.69,25.49,New Customer
111118,2025-12-06,East,Sports & Outdoors,1,70.46,21.65,Returning Customer
111119,2025-12-06,East,Home & Kitchen,2,176.32,48.83,Returning Customer
111120,2025-12-06,South,Home & Kitchen,1,67.6,16.94,VIP
111121,2025-12-06,North,Apparel,2,47.79,15.15,VIP
111122,2025-12-06,North,Electronics,1,201.02,42.5,VIP
111123,2025-12-06,East,Beauty,1,34.87,13.18,Returning Customer
111124,2025-12-06,North,Home & Kitchen,2,96.96,33.09,New Customer
111125,2025-12-06,North,Electronics,1,229.92,37.97,Returning Customer
111126,2025-12-06,West,Sports & Outdoors,1,70.34,19.86,VIP
111127,2025-12-06,North,Apparel,2,35.96,14.38,New Customer
111128,2025-12-06,West,Sports & Outdoors,2,92.3,23.07,VIP
111129,2025-12-06,East,Sports & Outdoors,2,40.34,13.43,New Customer
111130,2025-12-06,West,Apparel,2,110.08,39.53,New Customer
111131,2025-12-06,West,Beauty,1,37.79,15.34,New Customer
111132,2025-12-06,West,Home & Kitchen,2,144.24,45.48,New Customer
111133,2025-12-06,East,Home & Kitchen,1,47.16,11.54,New Customer
111134,2025-12-06,North,Electronics,2,255.42,37.23,New Customer
111135,2025-12-06,South,Sports & Outdoors,1,62.66,17.75,New Customer
111136,2025-12-06,North,Sports & Outdoors,2,87.94,25.84,New Customer
111137,2025-12-06,West,Electronics,1,171.24,26.88,New Customer
111138,2025-12-06,East,Apparel,1,51.67,16.75,New Customer
111139,2025-12-06,West,Home & Kitchen,2,63.68,21.9,Returning Customer
111140,2025-12-06,North,Beauty,1,30.08,13.08,New Customer
111141,2025-12-07,South,Home & Kitchen,2,142.25,47.32,New Customer
111142,2025-12-07,West,Home & Kitchen,2,119.31,31.7,New Customer
111143,2025-12-07,West,Apparel,1,38.97,14.61,New Customer
111144,2025-12-07,East,Home & Kitchen,2,132.32,38.78,New Customer
111145,2025-12-07,South,Beauty,2,65.69,28.05,Returning Customer
111146,2025-12-07,South,Home & Kitchen,1,70.57,19.22,New Customer
111147,2025-12-07,North,Electronics,1,59.71,9.5,New Customer
111148,2025-12-07,West,Sports & Outdoors,2,134.88,38.11,Returning Customer
111149,2025-12-07,North,Sports & Outdoors,2,113.73,35.4,Returning Customer
111150,2025-12-07,North,Sports & Outdoors,2,85.76,28.18,Returning Customer
111151,2025-12-07,West,Home & Kitchen,1,57.35,16.76,New Customer
111152,2025-12-07,North,Beauty,2,61.47,24.92,VIP
111153,2025-12-07,South,Electronics,1,142.6,28.82,New Customer
111154,2025-12-07,North,Apparel,2,90.74,28.33,Returning Customer
111155,2025-12-07,East,Electronics,1,165.78,38.44,Returning Customer
111156,2025-12-07,East,Electronics,1,235.55,47.06,New Customer
111157,2025-12-07,South,Apparel,1,43.91,15.96,Returning Customer
111158,2025-12-07,East,Beauty,1,38.08,15.9,New Customer
111159,2025-12-07,North,Home & Kitchen,2,116.64,41.02,Returning Customer
111160,2025-12-07,South,Beauty,2,34.95,16.62,Returning Customer
111161,2025-12-07,North,Electronics,2,448.92,92.67,Returning Customer
111162,2025-12-07,North,Electronics,1,176.82,27.8,VIP
111163,2025-12-07,West,Sports & Outdoors,1,45.73,11.77,New Customer
111164,2025-12-07,West,Sports & Outdoors,1,61.07,17.8,Returning Customer
111165,2025-12-07,West,Apparel,1,50.89,19.15,New Customer
111166,2025-12-07,North,Electronics,1,119.6,25.24,Returning Customer
111167,2025-12-07,North,Sports & Outdoors,2,112.2,31.86,New Customer
111168,2025-12-07,West,Sports & Outdoors,1,57.22,17.32,VIP
111169,2025-12-07,East,Electronics,1,179.67,39.58,Returning Customer
111170,2025-12-07,North,Apparel,1,50.97,15.65,VIP
111171,2025-12-07,North,Apparel,1,38.77,15.37,Returning Customer
111172,2025-12-07,East,Beauty,1,33.13,13.97,New Customer
111173,2025-12-07,North,Beauty,2,36.73,14.93,New Customer
111174,2025-12-07,South,Apparel,2,84.95,25.75,Returning Customer
111175,2025-12-07,South,Home & Kitchen,1,28.94,6.75,Returning Customer
111176,2025-12-07,South,Apparel,1,37.81,12.19,Returning Customer
111177,2025-12-07,West,Sports & Outdoors,1,54.49,16.6,New Customer
111178,2025-12-07,West,Beauty,2,40.35,14.87,Returning Customer
111179,2025-12-07,West,Sports & Outdoors,2,117.25,38.81,New Customer
111180,2025-12-07,South,Apparel,1,45.4,15.18,Returning Customer
111181,2025-12-07,North,Sports & Outdoors,1,65.65,21.19,VIP
111182,2025-12-07,West,Apparel,2,89.36,28.23,Returning Customer
111183,2025-12-07,East,Electronics,1,139.3,23.99,New Customer
111184,2025-12-07,North,Electronics,2,463.82,71.25,VIP
111185,2025-12-07,West,Electronics,2,319.6,76.58,VIP
111186,2025-12-07,East,Home & Kitchen,1,54.71,14.86,Returning Customer
111187,2025-12-07,West,Apparel,1,25.95,9.86,Returning Customer
111188,2025-12-07,East,Electronics,1,179.55,32.38,New Customer
111189,2025-12-07,East,Home & Kitchen,1,69.16,22.5,Returning Customer
111190,2025-12-07,South,Beauty,2,22.68,10.04,New Customer
111191,2025-12-07,East,Apparel,2,117.42,38.65,VIP
111192,2025-12-07,North,Apparel,1,39.7,11.25,New Customer
111193,2025-12-07,North,Electronics,1,186.67,35.27,New Customer
111194,2025-12-07,East,Beauty,2,73.96,32.87,Returning Customer
111195,2025-12-07,North,Electronics,1,190.07,35.44,Returning Customer
111196,2025-12-07,North,Home & Kitchen,2,127.3,36.09,New Customer
111197,2025-12-07,South,Home & Kitchen,1,67.66,20.44,New Customer
111198,2025-12-07,South,Electronics,1,199.48,39.0,VIP
111199,2025-12-07,North,Apparel,2,108.41,37.27,New Customer
111200,2025-12-07,South,Home & Kitchen,1,80.55,24.46,Returning Customer
111201,2025-12-08,East,Apparel,1,44.42,14.17,VIP
111202,2025-12-08,East,Sports & Outdoors,2,114.24,33.24,Returning Customer
111203,2025-12-08,West,Electronics,2,225.97,40.7,New Customer
111204,2025-12-08,East,Sports & Outdoors,2,87.48,25.64,VIP
111205,2025-12-08,South,Electronics,2,335.55,56.04,Returning Customer
111206,2025-12-08,East,Apparel,1,33.24,11.06,New Customer
111207,2025-12-08,South,Beauty,1,23.12,10.42,New Customer
111208,2025-12-08,West,Apparel,1,46.04,16.72,Returning Customer
111209,2025-12-08,East,Apparel,1,65.12,23.85,Returning Customer
111210,2025-12-08,South,Apparel,1,33.15,12.76,VIP
111211,2025-12-08,North,Electronics,2,521.35,85.83,New Customer
111212,2025-12-08,North,Electronics,2,450.07,109.06,VIP
111213,2025-12-08,West,Electronics,1,260.77,51.88,Returning Customer
111214,2025-12-08,East,Home & Kitchen,2,69.54,21.16,VIP
111215,2025-12-08,East,Sports & Outdoors,1,55.18,16.1,VIP
111216,2025-12-08,South,Electronics,1,230.21,32.78,Returning Customer
111217,2025-12-08,South,Sports & Outdoors,1,38.02,12.13,Returning Customer
111218,2025-12-08,West,Apparel,2,102.04,37.8,New Customer
111219,2025-12-08,North,Electronics,2,411.03,68.9,Returning Customer
111220,2025-12-08,West,Beauty,1,25.47,10.66,New Customer
111221,2025-12-08,East,Electronics,2,590.34,85.97,New Customer
111222,2025-12-08,East,Home & Kitchen,2,143.91,33.99,Returning Customer
111223,2025-12-08,North,Apparel,2,89.72,32.25,New Customer
111224,2025-12-08,North,Electronics,2,315.44,79.38,Returning Customer
111225,2025-12-08,West,Sports & Outdoors,1,48.62,16.86,Returning Customer
111226,2025-12-08,East,Home & Kitchen,2,87.96,25.71,New Customer
111227,2025-12-08,East,Electronics,2,276.33,31.56,New Customer
111228,2025-12-08,North,Beauty,2,19.18,8.82,VIP
111229,2025-12-08,North,Beauty,1,30.96,14.39,New Customer
111230,2025-12-08,North,Electronics,1,212.14,40.06,VIP
111231,2025-12-08,West,Apparel,1,35.07,10.38,VIP
111232,2025-12-08,East,Beauty,1,26.51,10.99,New Customer
111233,2025-12-08,West,Apparel,1,56.21,19.14,New Customer
111234,2025-12-08,North,Apparel,2,116.3,37.9,VIP
111235,2025-12-08,North,Electronics,1,281.98,49.3,New Customer
111236,2025-12-08,East,Electronics,2,175.43,35.51,VIP
111237,2025-12-08,North,Apparel,2,105.76,40.19,Returning Customer
111238,2025-12-08,South,Sports & Outdoors,2,92.12,31.17,Returning Customer
111239,2025-12-08,North,Home & Kitchen,2,138.64,47.66,New Customer
111240,2025-12-08,South,Apparel,1,39.22,15.85,Returning Customer
111241,2025-12-08,North,Sports & Outdoors,2,136.68,34.55,Returning Customer
111242,2025-12-08,South,Electronics,1,210.12,26.95,Returning Customer
111243,2025-12-08,North,Sports & Outdoors,1,52.62,14.6,VIP
111244,2025-12-08,South,Apparel,2,87.91,29.46,Returning Customer
111245,2025-12-08,North,Electronics,2,447.4,59.75,VIP
111246,2025-12-08,South,Beauty,1,35.11,13.99,VIP
111247,2025-12-08,West,Beauty,2,76.06,33.42,Returning Customer
111248,2025-12-08,North,Home & Kitchen,2,164.1,45.9,Returning Customer
111249,2025-12-08,North,Beauty,1,24.77,11.09,Returning Customer
111250,2025-12-08,West,Electronics,1,212.79,44.44,New Customer
111251,2025-12-08,East,Electronics,2,337.73,60.5,New Customer
111252,2025-12-08,North,Apparel,2,78.23,25.59,Returning Customer
111253,2025-12-08,East,Home & Kitchen,1,107.29,29.24,Returning Customer
111254,2025-12-08,East,Home & Kitchen,1,92.86,28.25,Returning Customer
111255,2025-12-08,North,Beauty,2,37.49,17.36,Returning Customer
111256,2025-12-08,West,Beauty,1,26.06,10.6,Returning Customer
111257,2025-12-08,South,Electronics,1,221.77,49.95,New Customer
111258,2025-12-08,East,Sports & Outdoors,2,86.86,28.12,New Customer
111259,2025-12-08,East,Apparel,1,57.45,18.59,Returning Customer
111260,2025-12-08,South,Apparel,2,80.98,29.99,New Customer
111261,2025-12-08,North,Sports & Outdoors,2,118.77,28.54,New Customer
111262,2025-12-08,South,Apparel,2,91.67,31.98,VIP
111263,2025-12-08,East,Sports & Outdoors,2,103.64,29.15,New Customer
111264,2025-12-08,South,Apparel,2,77.44,28.06,Returning Customer
111265,2025-12-08,North,Electronics,1,144.67,23.13,New Customer
111266,2025-12-08,West,Electronics,2,379.49,62.41,Returning Customer
111267,2025-12-08,East,Beauty,2,32.67,13.23,VIP
111268,2025-12-08,West,Electronics,2,330.94,62.47,New Customer
111269,2025-12-08,West,Home & Kitchen,2,107.68,27.88,Returning Customer
111270,2025-12-08,West,Electronics,1,221.59,46.58,New Customer
111271,2025-12-08,East,Home & Kitchen,2,125.52,39.2,New Customer
111272,2025-12-09,South,Apparel,2,92.77,32.59,VIP
111273,2025-12-09,East,Apparel,1,54.7,18.98,VIP
111274,2025-12-09,North,Apparel,2,130.2,47.29,Returning Customer
111275,2025-12-09,North,Apparel,1,37.81,16.23,Returning Customer
111276,2025-12-09,West,Apparel,2,65.93,21.34,New Customer
111277,2025-12-09,South,Sports & Outdoors,1,32.62,10.04,VIP
111278,2025-12-09,South,Home & Kitchen,2,157.19,45.49,New Customer
111279,2025-12-09,North,Beauty,1,35.49,17.14,Returning Customer
111280,2025-12-09,West,Apparel,2,102.2,34.89,New Customer
111281,2025-12-09,South,Apparel,1,79.97,25.62,Returning Customer
111282,2025-12-09,West,Home & Kitchen,1,78.01,19.63,New Customer
111283,2025-12-09,North,Electronics,1,273.28,61.83,New Customer
111284,2025-12-09,East,Apparel,2,118.21,34.69,Returning Customer
111285,2025-12-09,West,Beauty,1,31.72,14.36,New Customer
111286,2025-12-09,South,Apparel,1,26.56,10.84,Returning Customer
111287,2025-12-09,West,Electronics,2,335.06,52.91,Returning Customer
111288,2025-12-09,West,Electronics,2,267.38,43.79,New Customer
111289,2025-12-09,East,Home & Kitchen,1,65.66,17.69,New Customer
111290,2025-12-09,West,Beauty,2,49.71,23.07,New Customer
111291,2025-12-09,East,Beauty,2,59.95,23.84,New Customer
111292,2025-12-09,West,Apparel,2,34.89,10.52,Returning Customer
111293,2025-12-09,East,Apparel,1,49.02,15.68,New Customer
111294,2025-12-09,North,Electronics,1,137.56,30.35,VIP
111295,2025-12-09,North,Electronics,2,528.52,65.72,Returning Customer
111296,2025-12-09,West,Electronics,1,141.0,23.98,Returning Customer
111297,2025-12-09,West,Sports & Outdoors,1,60.95,17.72,New Customer
111298,2025-12-09,South,Beauty,2,66.19,28.71,Returning Customer
111299,2025-12-09,East,Home & Kitchen,2,155.27,39.05,VIP
111300,2025-12-09,East,Apparel,1,56.42,17.81,VIP
111301,2025-12-09,East,Apparel,1,48.1,17.37,Returning Customer
111302,2025-12-09,East,Apparel,2,75.63,25.13,New Customer
111303,2025-12-09,North,Home & Kitchen,2,93.05,24.92,Returning Customer
111304,2025-12-09,South,Electronics,1,282.22,55.41,Returning Customer
111305,2025-12-09,West,Sports & Outdoors,1,38.08,12.26,New Customer
111306,2025-12-09,South,Beauty,1,44.12,18.03,New Customer
111307,2025-12-09,North,Home & Kitchen,1,72.43,20.56,Returning Customer
111308,2025-12-09,North,Apparel,1,31.93,11.37,New Customer
111309,2025-12-09,North,Sports & Outdoors,2,132.97,46.51,New Customer
111310,2025-12-09,North,Electronics,2,345.87,74.47,Returning Customer
111311,2025-12-09,North,Home & Kitchen,1,93.83,26.16,VIP
111312,2025-12-09,South,Home & Kitchen,1,39.84,11.44,Returning Customer
111313,2025-12-09,East,Electronics,2,313.98,56.73,VIP
111314,2025-12-09,South,Sports & Outdoors,2,70.14,15.69,New Customer
111315,2025-12-10,East,Beauty,1,37.82,16.34,New Customer
111316,2025-12-10,West,Apparel,1,29.51,10.67,VIP
111317,2025-12-10,East,Electronics,2,256.28,38.54,VIP
111318,2025-12-10,South,Apparel,2,70.32,25.05,Returning Customer
111319,2025-12-10,East,Sports & Outdoors,1,52.66,15.95,VIP
111320,2025-12-10,East,Electronics,1,123.93,23.69,New Customer
111321,2025-12-10,East,Home & Kitchen,2,137.64,40.25,Returning Customer
111322,2025-12-10,North,Sports & Outdoors,2,164.4,48.15,VIP
111323,2025-12-10,North,Home & Kitchen,1,84.07,23.02,New Customer
111324,2025-12-10,South,Apparel,1,43.84,14.62,Returning Customer
111325,2025-12-10,West,Home & Kitchen,1,77.42,20.07,New Customer
111326,2025-12-10,North,Beauty,1,32.25,13.66,Returning Customer
111327,2025-12-10,South,Beauty,2,46.98,20.56,VIP
111328,2025-12-10,West,Apparel,2,88.37,34.41,Returning Customer
111329,2025-12-10,East,Home & Kitchen,1,65.48,15.66,VIP
111330,2025-12-10,North,Home & Kitchen,2,138.0,35.77,New Customer
111331,2025-12-10,North,Apparel,1,33.34,12.85,New Customer
111332,2025-12-10,West,Electronics,1,204.61,34.02,Returning Customer
111333,2025-12-10,East,Apparel,1,26.49,8.4,Returning Customer
111334,2025-12-10,East,Home & Kitchen,1,61.21,17.6,VIP
111335,2025-12-10,West,Home & Kitchen,2,176.35,56.59,Returning Customer
111336,2025-12-10,East,Apparel,1,28.08,10.87,VIP
111337,2025-12-10,South,Sports & Outdoors,1,57.17,20.35,New Customer
111338,2025-12-10,East,Apparel,2,90.86,30.29,Returning Customer
111339,2025-12-10,West,Home & Kitchen,1,63.25,20.48,Returning Customer
111340,2025-12-10,North,Beauty,2,62.55,24.89,New Customer
111341,2025-12-10,East,Home & Kitchen,2,122.23,38.0,New Customer
111342,2025-12-10,West,Home & Kitchen,1,50.22,11.42,Returning Customer
111343,2025-12-10,North,Beauty,2,43.94,18.33,Returning Customer
111344,2025-12-10,South,Home & Kitchen,1,70.84,20.15,VIP
111345,2025-12-10,East,Electronics,1,128.19,16.91,VIP
111346,2025-12-10,East,Home & Kitchen,1,72.71,21.89,Returning Customer
111347,2025-12-10,East,Beauty,2,50.26,19.63,VIP
111348,2025-12-10,North,Apparel,1,50.04,17.76,Returning Customer
111349,2025-12-10,North,Beauty,2,75.99,30.23,Returning Customer
111350,2025-12-10,North,Apparel,1,45.6,14.84,New Customer
111351,2025-12-10,East,Electronics,2,396.7,75.49,Returning Customer
111352,2025-12-10,West,Home & Kitchen,1,68.33,16.86,Returning Customer
111353,2025-12-10,East,Sports & Outdoors,2,110.66,28.9,VIP
111354,2025-12-10,South,Electronics,2,376.5,102.17,New Customer
111355,2025-12-10,East,Apparel,1,42.95,13.71,New Customer
111356,2025-12-10,South,Beauty,2,10.1,3.72,Returning Customer
111357,2025-12-10,North,Electronics,1,176.33,31.94,Returning Customer
111358,2025-12-10,East,Beauty,1,32.04,11.68,New Customer
111359,2025-12-10,North,Electronics,2,368.85,50.12,New Customer
111360,2025-12-10,West,Apparel,2,81.31,30.1,New Customer
111361,2025-12-10,West,Beauty,2,35.53,15.28,Returning Customer
111362,2025-12-10,South,Sports & Outdoors,2,101.55,34.18,Returning Customer
111363,2025-12-10,South,Beauty,1,23.55,10.45,Returning Customer
111364,2025-12-10,East,Sports & Outdoors,2,76.98,27.08,Returning Customer
111365,2025-12-10,East,Beauty,1,28.37,11.01,VIP
111366,2025-12-10,West,Home & Kitchen,1,77.23,23.04,VIP
111367,2025-12-11,West,Electronics,2,506.2,93.67,Returning Customer
111368,2025-12-11,North,Apparel,1,43.29,11.68,New Customer
111369,2025-12-11,North,Electronics,2,421.61,76.61,New Customer
111370,2025-12-11,West,Sports & Outdoors,2,138.91,43.96,New Customer
111371,2025-12-11,West,Electronics,1,213.41,39.43,VIP
111372,2025-12-11,South,Sports & Outdoors,1,57.41,17.39,Returning Customer
111373,2025-12-11,East,Beauty,1,21.11,8.56,Returning Customer
111374,2025-12-11,North,Electronics,2,306.46,49.66,New Customer
111375,2025-12-11,West,Beauty,1,10.73,4.23,Returning Customer
111376,2025-12-11,East,Apparel,2,96.06,37.15,Returning Customer
111377,2025-12-11,East,Apparel,2,95.92,28.41,Returning Customer
111378,2025-12-11,North,Apparel,1,45.26,19.83,New Customer
111379,2025-12-11,East,Home & Kitchen,1,51.58,13.1,VIP
111380,2025-12-11,East,Beauty,2,60.42,27.25,Returning Customer
111381,2025-12-11,West,Apparel,1,47.06,16.78,New Customer
111382,2025-12-11,East,Apparel,1,35.05,13.07,Returning Customer
111383,2025-12-11,West,Electronics,1,262.87,45.25,Returning Customer
111384,2025-12-11,East,Sports & Outdoors,1,54.29,21.45,New Customer
111385,2025-12-11,North,Electronics,1,187.38,31.37,New Customer
111386,2025-12-11,North,Sports & Outdoors,1,28.86,9.33,New Customer
111387,2025-12-11,West,Apparel,2,79.03,26.31,New Customer
111388,2025-12-11,West,Electronics,2,513.78,103.83,New Customer
111389,2025-12-11,South,Home & Kitchen,2,100.17,25.99,VIP
111390,2025-12-11,North,Electronics,2,285.56,58.97,Returning Customer
111391,2025-12-11,West,Electronics,1,200.0,37.74,Returning Customer
111392,2025-12-11,South,Apparel,1,52.75,22.08,Returning Customer
111393,2025-12-11,East,Home & Kitchen,1,56.53,18.71,New Customer
111394,2025-12-11,North,Home & Kitchen,1,78.35,22.77,New Customer
111395,2025-12-11,East,Home & Kitchen,2,134.54,44.28,Returning Customer
111396,2025-12-11,South,Electronics,2,465.74,70.76,New Customer
111397,2025-12-11,West,Beauty,2,60.6,23.81,Returning Customer
111398,2025-12-11,North,Beauty,2,36.62,14.11,New Customer
111399,2025-12-11,East,Sports & Outdoors,1,67.74,20.19,New Customer
111400,2025-12-11,North,Home & Kitchen,2,64.27,17.11,New Customer
111401,2025-12-11,West,Home & Kitchen,1,90.27,22.97,New Customer
111402,2025-12-11,South,Home & Kitchen,1,78.52,24.5,Returning Customer
111403,2025-12-11,East,Sports & Outdoors,1,60.35,18.15,VIP
111404,2025-12-11,East,Apparel,1,55.89,19.72,New Customer
111405,2025-12-11,West,Home & Kitchen,2,174.42,58.2,New Customer
111406,2025-12-11,East,Electronics,1,132.01,25.32,Returning Customer
111407,2025-12-11,West,Beauty,1,30.76,13.11,Returning Customer
111408,2025-12-11,West,Beauty,2,59.28,29.52,New Customer
111409,2025-12-11,West,Apparel,1,38.85,14.96,Returning Customer
111410,2025-12-11,East,Beauty,1,27.78,11.96,VIP
111411,2025-12-11,South,Home & Kitchen,2,155.33,42.79,Returning Customer
111412,2025-12-11,North,Sports & Outdoors,1,69.34,22.03,VIP
111413,2025-12-11,North,Home & Kitchen,2,123.62,35.62,Returning Customer
111414,2025-12-11,West,Apparel,2,65.38,21.95,New Customer
111415,2025-12-11,North,Home & Kitchen,2,113.88,32.47,New Customer
111416,2025-12-11,South,Apparel,2,101.24,34.14,New Customer
111417,2025-12-12,East,Home & Kitchen,2,109.71,31.92,New Customer
111418,2025-12-12,West,Apparel,1,36.47,10.78,Returning Customer
111419,2025-12-12,West,Electronics,2,356.46,56.65,New Customer
111420,2025-12-12,South,Electronics,1,207.43,38.75,New Customer
111421,2025-12-12,East,Home & Kitchen,2,155.1,47.69,New Customer
111422,2025-12-12,West,Home & Kitchen,2,113.75,31.03,New Customer
111423,2025-12-12,West,Electronics,1,90.62,18.58,Returning Customer
111424,2025-12-12,East,Electronics,2,310.1,41.59,VIP
111425,2025-12-12,South,Home & Kitchen,2,197.0,57.84,Returning Customer
111426,2025-12-12,West,Apparel,1,30.96,10.21,Returning Customer
111427,2025-12-12,West,Sports & Outdoors,2,158.63,40.66,New Customer
111428,2025-12-12,East,Apparel,1,54.95,15.81,New Customer
111429,2025-12-12,West,Beauty,2,89.73,33.96,New Customer
111430,2025-12-12,West,Electronics,1,202.27,36.98,Returning Customer
111431,2025-12-12,West,Apparel,2,108.76,38.91,VIP
111432,2025-12-12,West,Apparel,1,41.95,14.44,New Customer
111433,2025-12-12,North,Home & Kitchen,1,42.85,13.23,Returning Customer
111434,2025-12-12,East,Beauty,2,41.01,17.4,New Customer
111435,2025-12-12,East,Beauty,1,28.84,12.6,New Customer
111436,2025-12-12,South,Electronics,2,409.13,70.81,New Customer
111437,2025-12-12,East,Apparel,1,49.66,16.5,New Customer
111438,2025-12-12,North,Electronics,1,117.79,23.1,Returning Customer
111439,2025-12-12,West,Sports & Outdoors,1,50.52,15.62,New Customer
111440,2025-12-12,East,Electronics,2,411.64,68.39,VIP
111441,2025-12-12,East,Beauty,2,34.78,13.4,New Customer
111442,2025-12-12,North,Apparel,1,49.35,19.36,Returning Customer
111443,2025-12-12,South,Apparel,1,37.93,13.04,Returning Customer
111444,2025-12-12,North,Beauty,1,37.42,13.77,Returning Customer
111445,2025-12-12,North,Beauty,1,23.28,11.27,Returning Customer
111446,2025-12-12,North,Home & Kitchen,1,57.5,17.95,Returning Customer
111447,2025-12-12,North,Electronics,1,182.64,30.01,New Customer
111448,2025-12-12,West,Apparel,1,48.08,14.61,New Customer
111449,2025-12-12,South,Home & Kitchen,2,106.46,31.72,Returning Customer
111450,2025-12-12,East,Apparel,2,112.94,36.09,VIP
111451,2025-12-12,North,Sports & Outdoors,1,75.87,23.2,Returning Customer
111452,2025-12-12,South,Apparel,2,105.76,37.86,VIP
111453,2025-12-12,North,Apparel,1,56.1,19.54,New Customer
111454,2025-12-12,North,Apparel,2,100.32,31.2,VIP
111455,2025-12-12,North,Apparel,1,48.39,16.68,VIP
111456,2025-12-13,North,Apparel,1,43.84,15.76,New Customer
111457,2025-12-13,South,Apparel,1,72.09,21.95,Returning Customer
111458,2025-12-13,South,Electronics,2,315.54,46.86,Returning Customer
111459,2025-12-13,North,Beauty,2,66.55,29.47,VIP
111460,2025-12-13,North,Beauty,2,78.51,27.35,New Customer
111461,2025-12-13,East,Electronics,1,184.8,29.18,New Customer
111462,2025-12-13,North,Sports & Outdoors,1,62.85,17.45,VIP
111463,2025-12-13,East,Home & Kitchen,1,69.42,17.27,Returning Customer
111464,2025-12-13,West,Electronics,1,154.9,32.92,VIP
111465,2025-12-13,West,Beauty,2,48.34,19.94,New Customer
111466,2025-12-13,East,Electronics,2,288.84,57.32,New Customer
111467,2025-12-13,South,Beauty,2,39.58,14.8,New Customer
111468,2025-12-13,East,Electronics,1,194.56,32.73,VIP
111469,2025-12-13,South,Beauty,1,30.95,13.45,New Customer
111470,2025-12-13,South,Home & Kitchen,2,183.79,47.82,New Customer
111471,2025-12-13,West,Beauty,2,65.68,29.42,Returning Customer
111472,2025-12-13,South,Sports & Outdoors,2,99.1,31.81,New Customer
111473,2025-12-13,East,Home & Kitchen,1,69.95,19.61,VIP
111474,2025-12-13,South,Electronics,1,163.04,28.68,Returning Customer
111475,2025-12-13,South,Apparel,1,48.17,14.77,VIP
111476,2025-12-13,West,Electronics,2,246.03,50.84,Returning Customer
111477,2025-12-13,South,Beauty,2,40.62,17.6,VIP
111478,2025-12-13,East,Apparel,1,56.8,20.55,New Customer
111479,2025-12-13,North,Apparel,2,141.33,48.36,Returning Customer
111480,2025-12-13,East,Apparel,1,45.01,13.91,New Customer
111481,2025-12-13,North,Beauty,2,46.94,20.47,New Customer
111482,2025-12-13,North,Apparel,2,44.03,15.27,Returning Customer
111483,2025-12-13,South,Apparel,1,49.08,15.8,VIP
111484,2025-12-13,East,Apparel,2,103.27,31.59,VIP
111485,2025-12-13,North,Home & Kitchen,2,176.02,53.56,New Customer
111486,2025-12-13,East,Beauty,1,35.61,16.09,VIP
111487,2025-12-13,North,Apparel,1,42.11,16.37,Returning Customer
111488,2025-12-13,South,Electronics,2,407.47,41.57,Returning Customer
111489,2025-12-13,North,Apparel,2,72.92,24.69,New Customer
111490,2025-12-13,West,Apparel,2,83.78,33.76,Returning Customer
111491,2025-12-13,West,Home & Kitchen,1,104.39,31.66,Returning Customer
111492,2025-12-13,West,Beauty,1,37.11,15.71,Returning Customer
111493,2025-12-13,South,Sports & Outdoors,2,94.51,29.64,Returning Customer
111494,2025-12-13,South,Sports & Outdoors,2,85.22,25.15,New Customer
111495,2025-12-13,East,Electronics,2,118.62,21.52,New Customer
111496,2025-12-13,East,Electronics,2,391.19,69.65,VIP
111497,2025-12-13,North,Beauty,1,23.18,9.64,Returning Customer
111498,2025-12-13,North,Electronics,1,76.09,14.85,Returning Customer
111499,2025-12-13,South,Beauty,2,56.46,26.02,New Customer
111500,2025-12-13,South,Electronics,2,424.59,50.11,Returning Customer
111501,2025-12-13,North,Home & Kitchen,1,51.07,15.56,Returning Customer
111502,2025-12-13,East,Beauty,2,58.25,25.12,New Customer
111503,2025-12-13,South,Home & Kitchen,1,74.22,21.07,Returning Customer
111504,2025-12-13,South,Beauty,1,27.43,11.57,New Customer
111505,2025-12-13,East,Home & Kitchen,1,80.21,26.69,Returning Customer
111506,2025-12-13,North,Electronics,2,261.58,51.69,New Customer
111507,2025-12-13,North,Beauty,1,24.96,10.01,VIP
111508,2025-12-13,South,Home & Kitchen,2,136.23,41.54,VIP
111509,2025-12-13,West,Beauty,2,86.7,35.59,New Customer
111510,2025-12-14,East,Electronics,2,342.1,60.55,New Customer
111511,2025-12-14,West,Apparel,2,103.79,36.34,VIP
111512,2025-12-14,South,Home & Kitchen,2,217.7,56.48,Returning Customer
111513,2025-12-14,North,Beauty,1,21.51,8.2,New Customer
111514,2025-12-14,East,Beauty,1,18.83,8.47,New Customer
111515,2025-12-14,East,Home & Kitchen,1,45.63,10.92,VIP
111516,2025-12-14,East,Home & Kitchen,2,130.94,30.98,Returning Customer
111517,2025-12-14,East,Electronics,2,245.92,52.38,VIP
111518,2025-12-14,North,Sports & Outdoors,2,94.74,29.98,New Customer
111519,2025-12-14,North,Electronics,2,331.55,61.31,Returning Customer
111520,2025-12-14,South,Apparel,1,39.8,12.99,Returning Customer
111521,2025-12-14,North,Beauty,2,59.72,26.06,New Customer
111522,2025-12-14,South,Electronics,1,125.14,23.01,New Customer
111523,2025-12-14,North,Home & Kitchen,1,56.88,13.73,VIP
111524,2025-12-14,North,Apparel,1,37.74,12.76,New Customer
111525,2025-12-14,North,Electronics,1,173.97,34.26,New Customer
111526,2025-12-14,North,Apparel,2,46.68,13.55,Returning Customer
111527,2025-12-14,North,Electronics,1,177.15,29.01,New Customer
111528,2025-12-14,South,Apparel,1,49.63,17.73,New Customer
111529,2025-12-14,North,Electronics,1,231.73,54.9,New Customer
111530,2025-12-14,West,Sports & Outdoors,2,99.09,28.42,New Customer
111531,2025-12-14,North,Home & Kitchen,2,230.53,60.38,New Customer
111532,2025-12-14,East,Home & Kitchen,2,177.08,40.29,Returning Customer
111533,2025-12-14,North,Beauty,2,58.07,24.07,Returning Customer
111534,2025-12-14,North,Beauty,1,28.19,11.09,New Customer
111535,2025-12-14,North,Electronics,1,207.87,41.43,Returning Customer
111536,2025-12-14,East,Apparel,2,93.25,32.81,Returning Customer
111537,2025-12-14,East,Beauty,1,13.08,4.83,VIP
111538,2025-12-14,East,Home & Kitchen,2,173.18,55.28,VIP
111539,2025-12-14,East,Apparel,2,99.19,34.3,New Customer
111540,2025-12-14,West,Beauty,1,39.69,17.93,Returning Customer
111541,2025-12-14,North,Apparel,2,108.6,37.76,Returning Customer
111542,2025-12-14,East,Apparel,1,53.71,20.36,New Customer
111543,2025-12-14,North,Beauty,2,48.54,21.6,VIP
111544,2025-12-14,South,Sports & Outdoors,2,100.74,31.5,VIP
111545,2025-12-14,South,Home & Kitchen,2,148.5,40.5,VIP
111546,2025-12-14,North,Electronics,1,152.73,20.46,Returning Customer
111547,2025-12-14,North,Sports & Outdoors,2,58.35,14.58,New Customer
111548,2025-12-14,West,Electronics,2,307.46,52.09,Returning Customer
111549,2025-12-14,West,Electronics,1,159.93,39.8,New Customer
111550,2025-12-14,South,Home & Kitchen,2,148.21,45.19,New Customer
111551,2025-12-14,North,Sports & Outdoors,2,86.59,26.39,VIP
111552,2025-12-14,East,Apparel,1,16.87,5.05,VIP
111553,2025-12-14,South,Electronics,2,513.03,72.66,New Customer
111554,2025-12-14,West,Home & Kitchen,1,82.13,23.59,VIP
111555,2025-12-14,East,Electronics,2,364.25,76.74,New Customer
111556,2025-12-14,South,Home & Kitchen,2,138.27,45.7,New Customer
111557,2025-12-14,North,Electronics,2,416.01,74.97,Returning Customer
111558,2025-12-14,North,Electronics,2,413.0,83.37,Returning Customer
111559,2025-12-14,South,Electronics,2,365.72,68.0,VIP
111560,2025-12-14,South,Beauty,1,32.5,13.03,New Customer
111561,2025-12-14,South,Sports & Outdoors,1,66.65,17.38,VIP
111562,2025-12-14,South,Beauty,2,81.29,34.39,New Customer
111563,2025-12-14,East,Apparel,1,42.63,15.22,New Customer
111564,2025-12-14,South,Electronics,1,203.63,33.92,Returning Customer
111565,2025-12-14,North,Apparel,2,95.74,30.36,New Customer
111566,2025-12-14,East,Beauty,1,34.1,14.03,Returning Customer
111567,2025-12-14,South,Electronics,1,179.83,29.5,Returning Customer
111568,2025-12-14,North,Sports & Outdoors,2,97.0,30.99,Returning Customer
111569,2025-12-14,North,Apparel,1,50.29,19.76,New Customer
111570,2025-12-15,West,Sports & Outdoors,2,104.7,25.37,New Customer
111571,2025-12-15,East,Beauty,1,29.09,12.52,Returning Customer
111572,2025-12-15,East,Beauty,1,14.02,6.31,New Customer
111573,2025-12-15,East,Home & Kitchen,2,131.1,36.92,New Customer
111574,2025-12-15,East,Electronics,2,182.26,34.39,Returning Customer
111575,2025-12-15,South,Apparel,2,117.74,38.49,VIP
111576,2025-12-15,South,Electronics,1,197.68,45.9,New Customer
111577,2025-12-15,North,Electronics,1,213.48,39.9,New Customer
111578,2025-12-15,West,Electronics,2,269.83,39.59,New Customer
111579,2025-12-15,South,Sports & Outdoors,2,112.84,39.81,New Customer
111580,2025-12-15,North,Electronics,1,160.26,24.2,New Customer
111581,2025-12-15,North,Beauty,2,40.11,16.75,Returning Customer
111582,2025-12-15,North,Sports & Outdoors,1,65.58,18.32,VIP
111583,2025-12-15,North,Apparel,2,40.99,13.93,VIP
111584,2025-12-15,East,Sports & Outdoors,1,62.42,20.4,New Customer
111585,2025-12-15,West,Sports & Outdoors,2,129.55,37.27,Returning Customer
111586,2025-12-15,North,Electronics,1,121.91,22.06,New Customer
111587,2025-12-15,South,Home & Kitchen,1,63.65,16.05,New Customer
111588,2025-12-15,South,Electronics,1,236.23,56.4,New Customer
111589,2025-12-15,North,Beauty,2,42.08,18.23,VIP
111590,2025-12-15,North,Beauty,2,78.34,33.67,Returning Customer
111591,2025-12-15,North,Beauty,1,16.67,7.15,VIP
111592,2025-12-15,North,Beauty,1,36.31,15.99,VIP
111593,2025-12-15,North,Apparel,1,65.46,25.16,New Customer
111594,2025-12-15,North,Electronics,1,239.43,43.29,New Customer
111595,2025-12-15,North,Beauty,2,56.98,23.79,VIP
111596,2025-12-15,East,Electronics,1,206.26,34.17,Returning Customer
111597,2025-12-15,South,Apparel,1,51.23,18.92,New Customer
111598,2025-12-15,North,Electronics,2,495.61,97.0,Returning Customer
111599,2025-12-15,South,Home & Kitchen,2,158.95,40.24,Returning Customer
111600,2025-12-15,East,Sports & Outdoors,2,50.54,14.8,New Customer
111601,2025-12-15,East,Apparel,2,95.05,32.0,New Customer
111602,2025-12-15,West,Sports & Outdoors,2,111.15,29.97,New Customer
111603,2025-12-15,East,Electronics,2,367.19,60.75,New Customer
111604,2025-12-15,North,Electronics,1,167.4,17.82,New Customer
111605,2025-12-15,East,Electronics,1,94.97,18.07,VIP
111606,2025-12-15,South,Beauty,1,27.22,11.39,Returning Customer
111607,2025-12-15,East,Apparel,2,65.96,21.32,Returning Customer
111608,2025-12-15,South,Apparel,1,39.19,14.91,VIP
111609,2025-12-15,South,Sports & Outdoors,2,151.61,51.97,New Customer
111610,2025-12-15,North,Beauty,1,28.56,11.32,VIP
111611,2025-12-15,North,Electronics,1,140.89,23.88,VIP
111612,2025-12-15,South,Home & Kitchen,2,127.45,35.32,New Customer
111613,2025-12-15,North,Beauty,2,43.26,17.28,New Customer
111614,2025-12-15,North,Electronics,1,196.38,33.42,New Customer
111615,2025-12-15,South,Home & Kitchen,1,66.79,20.05,VIP
111616,2025-12-15,North,Electronics,1,159.25,38.08,VIP
111617,2025-12-15,South,Sports & Outdoors,1,54.96,15.29,New Customer
111618,2025-12-15,North,Beauty,2,49.59,22.13,Returning Customer
111619,2025-12-15,West,Electronics,1,208.49,37.27,New Customer
111620,2025-12-15,West,Beauty,1,26.11,11.73,New Customer
111621,2025-12-15,South,Electronics,1,179.3,34.55,New Customer
111622,2025-12-15,North,Sports & Outdoors,2,92.49,28.39,New Customer
111623,2025-12-15,East,Beauty,1,28.35,12.15,Returning Customer
111624,2025-12-15,South,Electronics,1,244.65,44.98,Returning Customer
111625,2025-12-15,North,Sports & Outdoors,1,46.89,12.86,New Customer
111626,2025-12-15,South,Electronics,2,367.88,69.87,VIP
111627,2025-12-15,West,Home & Kitchen,1,30.21,8.7,New Customer
111628,2025-12-15,North,Sports & Outdoors,1,37.48,14.02,Returning Customer
111629,2025-12-15,North,Beauty,1,25.1,9.64,New Customer
111630,2025-12-15,North,Apparel,1,52.54,17.81,New Customer
111631,2025-12-16,West,Sports & Outdoors,2,115.46,32.12,Returning Customer
111632,2025-12-16,North,Electronics,1,142.98,29.19,Returning Customer
111633,2025-12-16,North,Electronics,2,348.43,70.47,Returning Customer
111634,2025-12-16,North,Electronics,1,184.6,40.95,New Customer
111635,2025-12-16,South,Apparel,2,107.37,36.76,New Customer
111636,2025-12-16,North,Sports & Outdoors,1,25.39,8.02,New Customer
111637,2025-12-16,North,Electronics,1,134.54,27.29,Returning Customer
111638,2025-12-16,West,Apparel,1,28.81,10.12,Returning Customer
111639,2025-12-16,South,Home & Kitchen,1,49.06,15.11,New Customer
111640,2025-12-16,West,Apparel,2,39.53,12.29,New Customer
111641,2025-12-16,West,Home & Kitchen,1,65.04,19.03,New Customer
111642,2025-12-16,South,Home & Kitchen,2,88.75,27.82,New Customer
111643,2025-12-16,East,Apparel,1,37.07,13.03,Returning Customer
111644,2025-12-16,South,Apparel,1,53.88,20.16,VIP
111645,2025-12-16,West,Beauty,1,18.87,9.08,New Customer
111646,2025-12-16,West,Home & Kitchen,1,49.73,16.41,New Customer
111647,2025-12-16,South,Electronics,2,458.97,54.79,New Customer
111648,2025-12-16,East,Home & Kitchen,1,64.21,21.6,Returning Customer
111649,2025-12-16,West,Electronics,2,382.68,75.88,New Customer
111650,2025-12-16,North,Electronics,2,376.33,80.56,VIP
111651,2025-12-16,East,Apparel,1,20.75,6.7,VIP
111652,2025-12-16,North,Apparel,2,70.8,24.62,Returning Customer
111653,2025-12-16,East,Home & Kitchen,2,170.35,48.12,New Customer
111654,2025-12-16,South,Sports & Outdoors,1,81.49,26.07,New Customer
111655,2025-12-16,West,Apparel,1,52.72,17.0,New Customer
111656,2025-12-16,South,Apparel,2,78.7,31.75,VIP
111657,2025-12-16,South,Electronics,1,234.7,43.86,New Customer
111658,2025-12-16,West,Sports & Outdoors,2,96.65,25.07,New Customer
111659,2025-12-16,South,Electronics,2,388.59,80.23,VIP
111660,2025-12-16,South,Home & Kitchen,1,58.51,15.93,Returning Customer
111661,2025-12-16,East,Electronics,2,424.2,78.97,Returning Customer
111662,2025-12-16,East,Beauty,2,36.84,16.87,New Customer
111663,2025-12-16,West,Electronics,2,376.86,55.99,Returning Customer
111664,2025-12-16,West,Home & Kitchen,2,71.84,21.43,New Customer
111665,2025-12-16,North,Beauty,1,26.32,10.55,New Customer
111666,2025-12-16,East,Apparel,1,30.61,10.09,Returning Customer
111667,2025-12-16,East,Apparel,2,82.02,27.42,Returning Customer
111668,2025-12-16,North,Apparel,1,36.96,12.29,New Customer
111669,2025-12-16,South,Home & Kitchen,1,74.36,21.68,New Customer
111670,2025-12-16,South,Apparel,1,28.35,10.82,New Customer
111671,2025-12-16,East,Electronics,1,162.07,28.74,VIP
111672,2025-12-16,South,Apparel,2,120.45,39.28,VIP
111673,2025-12-16,West,Electronics,2,496.35,83.12,Returning Customer
111674,2025-12-16,West,Beauty,2,51.22,21.82,New Customer
111675,2025-12-16,North,Home & Kitchen,2,100.48,30.99,VIP
111676,2025-12-16,North,Apparel,2,47.47,17.2,New Customer
111677,2025-12-16,East,Beauty,1,30.78,13.26,New Customer
111678,2025-12-16,West,Electronics,1,192.57,35.16,VIP
111679,2025-12-16,East,Home & Kitchen,2,160.99,42.55,New Customer
111680,2025-12-16,East,Sports & Outdoors,1,63.13,18.14,Returning Customer
111681,2025-12-16,East,Home & Kitchen,1,77.92,21.44,New Customer
111682,2025-12-17,South,Apparel,2,72.56,23.99,New Customer
111683,2025-12-17,East,Sports & Outdoors,1,48.95,12.67,New Customer
111684,2025-12-17,West,Home & Kitchen,2,130.59,40.45,Returning Customer
111685,2025-12-17,West,Apparel,2,112.57,37.54,VIP
111686,2025-12-17,North,Apparel,2,85.36,32.38,Returning Customer
111687,2025-12-17,North,Home & Kitchen,2,157.9,47.71,Returning Customer
111688,2025-12-17,North,Home & Kitchen,2,154.1,45.21,New Customer
111689,2025-12-17,South,Sports & Outdoors,1,49.3,13.71,Returning Customer
111690,2025-12-17,North,Apparel,1,45.06,17.0,New Customer
111691,2025-12-17,East,Apparel,1,42.51,14.93,Returning Customer
111692,2025-12-17,North,Beauty,2,88.07,36.25,New Customer
111693,2025-12-17,North,Sports & Outdoors,2,117.83,38.01,New Customer
111694,2025-12-17,West,Apparel,1,22.54,8.64,Returning Customer
111695,2025-12-17,West,Apparel,2,74.34,22.97,Returning Customer
111696,2025-12-17,North,Home & Kitchen,1,67.71,19.88,New Customer
111697,2025-12-17,West,Electronics,1,185.96,43.07,Returning Customer
111698,2025-12-17,North,Sports & Outdoors,2,83.83,26.24,New Customer
111699,2025-12-17,West,Electronics,2,392.94,87.54,New Customer
111700,2025-12-17,West,Electronics,2,340.48,73.4,VIP
111701,2025-12-17,East,Home & Kitchen,1,45.12,14.52,New Customer
111702,2025-12-17,North,Beauty,2,75.7,32.88,New Customer
111703,2025-12-17,North,Beauty,2,44.79,18.78,VIP
111704,2025-12-17,South,Home & Kitchen,1,70.01,21.63,New Customer
111705,2025-12-17,North,Beauty,1,22.26,8.92,New Customer
111706,2025-12-17,North,Electronics,2,359.07,74.13,New Customer
111707,2025-12-17,North,Apparel,1,34.46,11.71,New Customer
111708,2025-12-17,South,Home & Kitchen,2,117.94,35.43,New Customer
111709,2025-12-17,North,Apparel,2,70.99,20.52,VIP
111710,2025-12-17,East,Apparel,1,34.89,10.55,Returning Customer
111711,2025-12-17,East,Beauty,2,39.68,16.48,Returning Customer
111712,2025-12-17,East,Beauty,1,32.59,12.79,Returning Customer
111713,2025-12-17,West,Apparel,1,50.1,17.79,Returning Customer
111714,2025-12-17,North,Beauty,1,33.59,14.24,New Customer
111715,2025-12-17,East,Home & Kitchen,1,32.48,9.8,Returning Customer
111716,2025-12-17,North,Home & Kitchen,2,121.82,38.55,New Customer
111717,2025-12-17,North,Electronics,1,179.5,33.23,VIP
111718,2025-12-17,West,Home & Kitchen,1,76.69,17.62,VIP
111719,2025-12-17,North,Home & Kitchen,2,46.29,14.06,VIP
111720,2025-12-17,West,Beauty,2,64.47,29.22,VIP
111721,2025-12-17,North,Electronics,2,431.93,80.67,New Customer
111722,2025-12-17,East,Sports & Outdoors,2,134.09,37.27,New Customer
111723,2025-12-18,North,Beauty,2,36.77,16.02,Returning Customer
111724,2025-12-18,East,Sports & Outdoors,1,62.83,19.05,Returning Customer
111725,2025-12-18,South,Beauty,1,36.68,14.5,Returning Customer
111726,2025-12-18,West,Electronics,2,413.17,59.19,New Customer
111727,2025-12-18,West,Electronics,2,413.53,57.17,New Customer
111728,2025-12-18,South,Electronics,1,139.24,13.61,VIP
111729,2025-12-18,South,Electronics,1,175.84,31.67,Returning Customer
111730,2025-12-18,North,Beauty,2,76.06,31.19,New Customer
111731,2025-12-18,South,Electronics,2,408.79,70.76,New Customer
111732,2025-12-18,East,Apparel,2,135.89,47.49,New Customer
111733,2025-12-18,East,Electronics,2,325.78,41.8,Returning Customer
111734,2025-12-18,South,Sports & Outdoors,1,45.88,10.3,VIP
111735,2025-12-18,West,Apparel,2,73.02,22.89,New Customer
111736,2025-12-18,North,Apparel,1,57.18,22.31,Returning Customer
111737,2025-12-18,East,Apparel,1,43.16,15.6,VIP
111738,2025-12-18,East,Home & Kitchen,2,145.12,39.55,Returning Customer
111739,2025-12-18,East,Sports & Outdoors,2,32.42,8.18,New Customer
111740,2025-12-18,West,Home & Kitchen,2,147.95,36.54,New Customer
111741,2025-12-18,West,Electronics,1,188.36,31.56,New Customer
111742,2025-12-18,North,Electronics,1,218.56,31.59,Returning Customer
111743,2025-12-18,South,Beauty,2,55.69,20.84,New Customer
111744,2025-12-18,North,Apparel,1,57.26,22.03,Returning Customer
111745,2025-12-18,West,Electronics,1,151.26,26.3,VIP
111746,2025-12-18,East,Apparel,2,74.7,23.58,New Customer
111747,2025-12-18,West,Home & Kitchen,1,61.76,16.62,Returning Customer
111748,2025-12-18,South,Electronics,2,200.99,42.37,New Customer
111749,2025-12-18,North,Apparel,2,68.37,22.74,Returning Customer
111750,2025-12-18,North,Apparel,1,46.77,19.13,Returning Customer
111751,2025-12-18,East,Apparel,1,58.44,21.43,Returning Customer
111752,2025-12-18,West,Electronics,2,351.45,45.89,New Customer
111753,2025-12-18,West,Apparel,1,31.04,10.83,New Customer
111754,2025-12-18,South,Apparel,1,50.03,18.12,Returning Customer
111755,2025-12-18,West,Beauty,1,23.5,9.74,Returning Customer
111756,2025-12-18,West,Sports & Outdoors,2,125.96,44.4,Returning Customer
111757,2025-12-18,East,Electronics,2,399.43,64.64,Returning Customer
111758,2025-12-18,West,Sports & Outdoors,2,138.23,36.24,New Customer
111759,2025-12-18,North,Home & Kitchen,1,72.76,24.54,Returning Customer
111760,2025-12-18,East,Electronics,1,249.89,53.0,New Customer
111761,2025-12-18,South,Beauty,1,29.26,11.86,Returning Customer
111762,2025-12-18,South,Electronics,1,157.89,22.75,New Customer
111763,2025-12-18,South,Apparel,1,20.57,7.06,Returning Customer
111764,2025-12-18,West,Home & Kitchen,2,168.4,47.86,Returning Customer
111765,2025-12-18,South,Electronics,1,108.74,26.71,New Customer
111766,2025-12-18,North,Beauty,1,41.53,15.28,New Customer
111767,2025-12-18,North,Apparel,2,74.64,28.2,New Customer
111768,2025-12-18,East,Home & Kitchen,1,71.83,20.07,Returning Customer
111769,2025-12-18,West,Home & Kitchen,1,96.4,25.59,Returning Customer
111770,2025-12-18,North,Electronics,2,421.38,66.35,VIP
111771,2025-12-18,West,Beauty,1,15.47,6.96,Returning Customer
111772,2025-12-18,West,Home & Kitchen,2,151.23,45.28,New Customer
111773,2025-12-18,West,Electronics,1,76.59,13.25,VIP
111774,2025-12-18,North,Home & Kitchen,1,78.9,23.05,Returning Customer
111775,2025-12-18,East,Electronics,2,407.17,64.04,New Customer
111776,2025-12-18,South,Home & Kitchen,1,60.61,16.27,Returning Customer
111777,2025-12-18,North,Sports & Outdoors,1,45.75,14.87,New Customer
111778,2025-12-18,North,Electronics,1,147.31,38.35,Returning Customer
111779,2025-12-18,North,Beauty,2,62.98,28.03,New Customer
111780,2025-12-19,East,Electronics,1,212.79,37.54,Returning Customer
111781,2025-12-19,West,Electronics,1,179.13,35.47,VIP
111782,2025-12-19,East,Electronics,2,214.94,37.15,New Customer
111783,2025-12-19,North,Home & Kitchen,1,68.17,21.83,New Customer
111784,2025-12-19,South,Apparel,2,108.68,38.06,VIP
111785,2025-12-19,South,Electronics,1,256.26,57.56,VIP
111786,2025-12-19,South,Beauty,1,22.92,10.39,Returning Customer
111787,2025-12-19,East,Beauty,1,22.36,9.63,New Customer
111788,2025-12-19,North,Electronics,2,472.35,78.66,New Customer
111789,2025-12-19,North,Home & Kitchen,2,162.19,47.25,New Customer
111790,2025-12-19,East,Home & Kitchen,1,70.93,20.26,New Customer
111791,2025-12-19,East,Apparel,2,92.42,37.64,Returning Customer
111792,2025-12-19,North,Apparel,2,106.54,33.72,VIP
111793,2025-12-19,West,Electronics,2,376.42,74.45,Returning Customer
111794,2025-12-19,East,Home & Kitchen,2,155.32,52.23,Returning Customer
111795,2025-12-19,East,Beauty,1,41.38,17.27,Returning Customer
111796,2025-12-19,East,Beauty,2,74.99,30.96,New Customer
111797,2025-12-19,North,Electronics,1,197.25,40.21,New Customer
111798,2025-12-19,West,Beauty,1,39.44,14.26,Returning Customer
111799,2025-12-19,North,Electronics,1,141.98,25.14,New Customer
111800,2025-12-19,South,Beauty,2,40.71,19.75,New Customer
111801,2025-12-19,South,Apparel,1,52.08,18.27,Returning Customer
111802,2025-12-19,North,Apparel,1,38.06,13.57,New Customer
111803,2025-12-19,North,Sports & Outdoors,1,81.55,18.31,New Customer
111804,2025-12-19,West,Home & Kitchen,1,51.32,12.18,New Customer
111805,2025-12-19,East,Apparel,1,42.15,14.67,VIP
111806,2025-12-19,East,Sports & Outdoors,2,105.52,28.38,New Customer
111807,2025-12-19,South,Home & Kitchen,2,106.88,28.85,Returning Customer
111808,2025-12-19,East,Apparel,1,67.25,21.18,New Customer
111809,2025-12-19,North,Beauty,2,65.72,27.61,Returning Customer
111810,2025-12-19,East,Home & Kitchen,2,143.56,47.5,Returning Customer
111811,2025-12-19,East,Home & Kitchen,1,59.8,11.67,Returning Customer
111812,2025-12-19,North,Apparel,2,117.38,45.02,Returning Customer
111813,2025-12-19,North,Apparel,2,152.98,53.61,New Customer
111814,2025-12-19,East,Electronics,2,285.7,56.25,Returning Customer
111815,2025-12-19,South,Beauty,2,59.23,24.7,New Customer
111816,2025-12-19,West,Electronics,2,397.58,70.29,Returning Customer
111817,2025-12-19,North,Apparel,1,51.12,19.56,VIP
111818,2025-12-19,North,Electronics,1,226.03,30.19,VIP
111819,2025-12-19,South,Apparel,2,69.96,22.06,Returning Customer
111820,2025-12-19,South,Home & Kitchen,2,119.94,28.87,Returning Customer
111821,2025-12-19,North,Apparel,1,40.36,14.33,Returning Customer
111822,2025-12-19,South,Apparel,1,34.85,12.32,New Customer
111823,2025-12-19,North,Electronics,1,203.65,38.47,Returning Customer
111824,2025-12-19,West,Electronics,2,321.16,49.6,New Customer
111825,2025-12-19,North,Home & Kitchen,1,42.32,11.88,Returning Customer
111826,2025-12-19,West,Apparel,1,59.75,19.64,New Customer
111827,2025-12-19,East,Electronics,2,245.82,40.35,VIP
111828,2025-12-19,East,Electronics,2,125.39,30.8,Returning Customer
111829,2025-12-19,North,Electronics,1,154.22,22.94,New Customer
111830,2025-12-19,North,Apparel,2,105.71,33.99,Returning Customer
111831,2025-12-19,West,Home & Kitchen,1,78.46,21.83,VIP
111832,2025-12-19,West,Beauty,1,46.22,18.53,New Customer
111833,2025-12-20,East,Electronics,1,161.05,22.37,VIP
111834,2025-12-20,West,Home & Kitchen,2,119.77,36.1,Returning Customer
111835,2025-12-20,North,Beauty,2,66.49,26.33,Returning Customer
111836,2025-12-20,East,Beauty,1,31.12,13.2,New Customer
111837,2025-12-20,North,Apparel,1,48.1,16.61,New Customer
111838,2025-12-20,North,Apparel,2,74.54,26.01,Returning Customer
111839,2025-12-20,East,Beauty,1,34.57,15.7,Returning Customer
111840,2025-12-20,South,Apparel,2,109.77,38.12,New Customer
111841,2025-12-20,East,Beauty,2,73.16,32.48,VIP
111842,2025-12-20,North,Beauty,1,31.14,12.25,VIP
111843,2025-12-20,North,Home & Kitchen,1,59.36,15.21,New Customer
111844,2025-12-20,West,Home & Kitchen,1,66.42,18.76,Returning Customer
111845,2025-12-20,West,Apparel,1,45.16,17.49,New Customer
111846,2025-12-20,West,Apparel,1,45.33,15.29,VIP
111847,2025-12-20,West,Beauty,2,48.88,21.14,VIP
111848,2025-12-20,North,Home & Kitchen,1,65.85,20.58,Returning Customer
111849,2025-12-20,South,Home & Kitchen,1,60.93,17.03,Returning Customer
111850,2025-12-20,North,Home & Kitchen,1,70.83,20.59,Returning Customer
111851,2025-12-20,West,Home & Kitchen,1,61.32,19.42,Returning Customer
111852,2025-12-20,South,Sports & Outdoors,1,19.42,5.22,Returning Customer
111853,2025-12-20,North,Electronics,2,266.78,49.2,Returning Customer
111854,2025-12-20,East,Home & Kitchen,1,54.33,16.04,New Customer
111855,2025-12-20,East,Electronics,1,218.9,35.83,Returning Customer
111856,2025-12-20,East,Apparel,2,168.11,54.66,Returning Customer
111857,2025-12-20,South,Home & Kitchen,2,132.97,48.58,New Customer
111858,2025-12-20,North,Electronics,1,242.32,32.18,Returning Customer
111859,2025-12-20,South,Sports & Outdoors,1,54.68,14.35,Returning Customer
111860,2025-12-20,South,Apparel,2,72.58,28.05,New Customer
111861,2025-12-20,South,Home & Kitchen,2,137.0,40.72,VIP
111862,2025-12-20,North,Apparel,1,39.68,13.2,VIP
111863,2025-12-20,West,Beauty,1,26.4,11.32,New Customer
111864,2025-12-20,North,Apparel,1,40.12,13.12,New Customer
111865,2025-12-20,North,Beauty,2,84.68,39.96,Returning Customer
111866,2025-12-20,West,Home & Kitchen,1,64.99,18.21,Returning Customer
111867,2025-12-20,East,Sports & Outdoors,2,138.18,40.56,Returning Customer
111868,2025-12-20,West,Electronics,2,339.79,62.02,VIP
111869,2025-12-20,North,Home & Kitchen,1,52.75,14.72,Returning Customer
111870,2025-12-20,East,Apparel,2,72.35,26.41,New Customer
111871,2025-12-20,South,Apparel,1,39.31,14.35,Returning Customer
111872,2025-12-20,North,Electronics,1,205.06,40.44,Returning Customer
111873,2025-12-20,East,Sports & Outdoors,2,118.31,37.58,New Customer
111874,2025-12-20,East,Apparel,1,51.0,17.14,New Customer
111875,2025-12-20,East,Apparel,2,73.5,28.34,Returning Customer
111876,2025-12-20,East,Electronics,2,394.81,77.75,New Customer
111877,2025-12-20,North,Apparel,1,30.05,11.95,Returning Customer
111878,2025-12-20,North,Electronics,1,79.04,11.32,Returning Customer
111879,2025-12-20,South,Apparel,1,73.63,27.49,Returning Customer
111880,2025-12-20,North,Home & Kitchen,1,84.3,26.01,Returning Customer
111881,2025-12-20,South,Home & Kitchen,2,95.8,23.61,Returning Customer
111882,2025-12-20,West,Apparel,2,51.89,16.19,VIP
111883,2025-12-20,North,Electronics,1,165.73,22.76,VIP
111884,2025-12-20,North,Apparel,1,61.4,18.75,Returning Customer
111885,2025-12-20,East,Electronics,2,367.19,77.71,New Customer
111886,2025-12-20,South,Sports & Outdoors,2,146.92,52.61,Returning Customer
111887,2025-12-20,West,Electronics,2,434.08,83.42,VIP
111888,2025-12-20,North,Apparel,2,70.1,25.79,Returning Customer
111889,2025-12-20,East,Beauty,2,56.3,23.91,Returning Customer
111890,2025-12-20,North,Electronics,1,160.64,24.32,Returning Customer
111891,2025-12-20,North,Apparel,2,65.98,20.41,New Customer
111892,2025-12-20,North,Electronics,2,335.55,47.54,New Customer
111893,2025-12-20,North,Electronics,1,237.26,36.6,New Customer
111894,2025-12-20,West,Home & Kitchen,2,132.39,35.33,VIP
111895,2025-12-20,South,Apparel,2,71.34,22.57,New Customer
111896,2025-12-20,West,Sports & Outdoors,1,36.23,10.53,VIP
111897,2025-12-20,East,Apparel,2,63.05,22.07,VIP
111898,2025-12-20,East,Apparel,1,38.61,14.12,Returning Customer
111899,2025-12-20,North,Apparel,2,94.19,36.6,VIP
111900,2025-12-21,West,Electronics,1,221.57,34.2,New Customer
111901,2025-12-21,North,Home & Kitchen,2,165.58,46.38,Returning Customer
111902,2025-12-21,West,Home & Kitchen,1,61.66,17.02,Returning Customer
111903,2025-12-21,West,Apparel,2,97.52,34.58,New Customer
111904,2025-12-21,North,Electronics,1,240.23,31.43,VIP
111905,2025-12-21,South,Apparel,1,40.71,14.74,VIP
111906,2025-12-21,North,Electronics,2,391.03,63.68,VIP
111907,2025-12-21,East,Electronics,1,146.92,24.9,New Customer
111908,2025-12-21,North,Electronics,2,341.89,66.66,VIP
111909,2025-12-21,West,Apparel,2,92.55,37.08,VIP
111910,2025-12-21,West,Sports & Outdoors,1,49.71,15.72,New Customer
111911,2025-12-21,South,Electronics,2,522.25,92.88,VIP
111912,2025-12-21,East,Home & Kitchen,1,66.1,18.2,VIP
111913,2025-12-21,North,Sports & Outdoors,1,65.45,20.7,Returning Customer
111914,2025-12-21,South,Home & Kitchen,1,81.94,23.91,New Customer
111915,2025-12-21,East,Home & Kitchen,1,49.5,16.78,Returning Customer
111916,2025-12-21,East,Apparel,2,68.43,24.35,New Customer
111917,2025-12-21,North,Apparel,1,25.44,8.54,Returning Customer
111918,2025-12-21,South,Sports & Outdoors,2,117.91,37.28,Returning Customer
111919,2025-12-21,North,Apparel,2,105.64,36.36,Returning Customer
111920,2025-12-21,South,Sports & Outdoors,2,145.24,45.4,New Customer
111921,2025-12-21,South,Apparel,2,66.21,23.98,Returning Customer
111922,2025-12-21,South,Apparel,2,109.13,37.19,VIP
111923,2025-12-21,West,Home & Kitchen,2,154.22,39.74,Returning Customer
111924,2025-12-21,South,Electronics,1,192.41,37.81,New Customer
111925,2025-12-21,North,Home & Kitchen,2,162.04,40.36,Returning Customer
111926,2025-12-21,South,Sports & Outdoors,2,101.91,31.45,Returning Customer
111927,2025-12-21,West,Electronics,2,261.12,34.43,New Customer
111928,2025-12-21,East,Apparel,1,29.57,9.18,Returning Customer
111929,2025-12-21,West,Electronics,2,215.74,38.54,Returning Customer
111930,2025-12-21,North,Electronics,2,319.55,52.55,Returning Customer
111931,2025-12-21,East,Beauty,1,35.39,13.73,New Customer
111932,2025-12-21,East,Apparel,1,55.27,19.91,New Customer
111933,2025-12-21,South,Apparel,2,80.86,26.13,Returning Customer
111934,2025-12-21,South,Apparel,2,98.39,34.68,VIP
111935,2025-12-21,South,Electronics,1,221.81,32.73,Returning Customer
111936,2025-12-21,South,Electronics,2,358.96,66.49,New Customer
111937,2025-12-21,South,Apparel,2,89.84,31.12,New Customer
111938,2025-12-21,North,Sports & Outdoors,1,44.41,12.66,Returning Customer
111939,2025-12-21,West,Apparel,1,41.5,14.34,New Customer
111940,2025-12-21,North,Sports & Outdoors,1,36.99,10.89,Returning Customer
111941,2025-12-21,West,Home & Kitchen,2,75.36,21.03,Returning Customer
111942,2025-12-21,North,Beauty,2,63.15,26.37,New Customer
111943,2025-12-21,East,Electronics,2,334.64,69.82,VIP
111944,2025-12-21,East,Electronics,1,171.56,33.55,New Customer
111945,2025-12-21,East,Home & Kitchen,1,38.5,12.0,VIP
111946,2025-12-21,North,Sports & Outdoors,2,83.31,28.52,VIP
111947,2025-12-21,North,Apparel,1,44.28,14.1,New Customer
111948,2025-12-21,East,Electronics,2,346.94,66.83,New Customer
111949,2025-12-21,West,Apparel,2,99.24,34.05,Returning Customer
111950,2025-12-21,South,Electronics,1,212.18,34.24,Returning Customer
111951,2025-12-21,West,Sports & Outdoors,2,138.61,42.44,Returning Customer
111952,2025-12-21,North,Apparel,2,150.95,48.68,New Customer
111953,2025-12-21,West,Sports & Outdoors,2,110.54,33.75,New Customer
111954,2025-12-21,West,Home & Kitchen,2,141.04,41.93,VIP
111955,2025-12-21,East,Electronics,2,317.83,45.43,VIP
111956,2025-12-21,North,Home & Kitchen,2,150.88,38.89,VIP
111957,2025-12-21,South,Electronics,2,375.83,62.57,Returning Customer
111958,2025-12-21,North,Home & Kitchen,2,169.05,43.28,New Customer
111959,2025-12-22,East,Apparel,2,91.54,30.26,VIP
111960,2025-12-22,East,Home & Kitchen,2,120.01,39.07,New Customer
111961,2025-12-22,East,Sports & Outdoors,2,121.72,40.9,New Customer
111962,2025-12-22,South,Electronics,2,366.26,71.52,VIP
111963,2025-12-22,South,Apparel,2,73.21,28.06,Returning Customer
111964,2025-12-22,West,Home & Kitchen,2,118.75,35.74,New Customer
111965,2025-12-22,West,Sports & Outdoors,2,111.44,31.17,Returning Customer
111966,2025-12-22,West,Electronics,1,204.08,33.6,Returning Customer
111967,2025-12-22,West,Home & Kitchen,1,77.48,25.5,VIP
111968,2025-12-22,North,Apparel,1,43.72,16.79,New Customer
111969,2025-12-22,West,Beauty,2,24.68,10.01,New Customer
111970,2025-12-22,West,Electronics,1,190.55,35.82,New Customer
111971,2025-12-22,South,Sports & Outdoors,1,50.32,16.15,New Customer
111972,2025-12-22,East,Apparel,2,78.83,26.89,New Customer
111973,2025-12-22,East,Sports & Outdoors,2,138.32,49.93,Returning Customer
111974,2025-12-22,North,Beauty,1,21.1,9.55,New Customer
111975,2025-12-22,North,Beauty,2,56.6,21.92,New Customer
111976,2025-12-22,East,Electronics,1,144.28,23.6,Returning Customer
111977,2025-12-22,West,Home & Kitchen,2,107.82,28.64,New Customer
111978,2025-12-22,West,Apparel,1,32.8,12.12,New Customer
111979,2025-12-22,South,Home & Kitchen,2,100.45,30.6,VIP
111980,2025-12-22,East,Apparel,1,51.84,18.68,VIP
111981,2025-12-22,South,Apparel,2,86.85,25.94,New Customer
111982,2025-12-22,South,Home & Kitchen,2,166.14,49.76,New Customer
111983,2025-12-22,North,Apparel,1,40.83,14.78,New Customer
111984,2025-12-22,West,Beauty,1,27.33,12.45,Returning Customer
111985,2025-12-22,North,Apparel,1,26.98,10.35,New Customer
111986,2025-12-22,North,Sports & Outdoors,1,71.2,18.38,New Customer
111987,2025-12-22,North,Home & Kitchen,1,95.67,27.77,Returning Customer
111988,2025-12-22,East,Electronics,1,207.07,33.95,VIP
111989,2025-12-22,East,Beauty,1,29.39,11.21,Returning Customer
111990,2025-12-22,North,Electronics,1,158.59,20.3,Returning Customer
111991,2025-12-22,West,Apparel,1,46.75,15.63,VIP
111992,2025-12-22,East,Beauty,1,30.01,13.33,Returning Customer
111993,2025-12-22,North,Beauty,1,36.25,15.37,Returning Customer
111994,2025-12-22,East,Electronics,1,146.68,32.53,Returning Customer
111995,2025-12-22,North,Electronics,1,182.0,30.82,Returning Customer
111996,2025-12-22,South,Home & Kitchen,2,95.62,28.28,Returning Customer
111997,2025-12-22,West,Beauty,2,85.67,37.48,New Customer
111998,2025-12-22,West,Electronics,1,180.68,32.21,Returning Customer
111999,2025-12-22,East,Electronics,1,141.95,26.27,VIP
112000,2025-12-22,East,Home & Kitchen,2,131.25,37.99,Returning Customer
112001,2025-12-22,North,Apparel,1,52.87,17.96,VIP
112002,2025-12-22,South,Home & Kitchen,1,58.33,14.51,VIP
112003,2025-12-22,West,Apparel,1,49.2,16.68,Returning Customer
112004,2025-12-22,North,Beauty,2,77.42,32.62,Returning Customer
112005,2025-12-22,North,Apparel,1,40.54,12.14,VIP
112006,2025-12-22,North,Beauty,2,62.85,27.32,Returning Customer
112007,2025-12-22,North,Apparel,1,40.24,16.07,Returning Customer
112008,2025-12-22,North,Apparel,1,58.5,19.97,New Customer
112009,2025-12-22,North,Electronics,1,185.33,34.06,New Customer
112010,2025-12-22,West,Sports & Outdoors,1,34.5,9.76,Returning Customer
112011,2025-12-22,West,Apparel,1,61.47,22.2,Returning Customer
112012,2025-12-22,South,Electronics,2,286.13,45.48,New Customer
112013,2025-12-22,West,Electronics,1,111.36,19.35,New Customer
112014,2025-12-22,North,Beauty,1,25.52,9.83,VIP
112015,2025-12-22,North,Beauty,1,30.63,14.11,Returning Customer
112016,2025-12-22,North,Home & Kitchen,2,158.17,48.23,New Customer
112017,2025-12-23,North,Sports & Outdoors,1,37.91,11.94,New Customer
112018,2025-12-23,West,Apparel,1,46.6,16.19,VIP
112019,2025-12-23,North,Apparel,1,58.49,19.54,Returning Customer
112020,2025-12-23,North,Electronics,1,251.49,54.26,New Customer
112021,2025-12-23,North,Sports & Outdoors,1,76.27,27.05,New Customer
112022,2025-12-23,East,Home & Kitchen,1,76.51,21.9,New Customer
112023,2025-12-23,North,Sports & Outdoors,2,87.64,28.16,New Customer
112024,2025-12-23,South,Electronics,1,165.83,36.26,Returning Customer
112025,2025-12-23,North,Apparel,1,47.05,15.58,Returning Customer
112026,2025-12-23,East,Sports & Outdoors,1,59.9,17.36,New Customer
112027,2025-12-23,East,Beauty,2,72.17,30.72,Returning Customer
112028,2025-12-23,North,Sports & Outdoors,1,59.87,20.34,VIP
112029,2025-12-23,East,Electronics,2,371.65,92.99,Returning Customer
112030,2025-12-23,South,Beauty,1,17.51,7.16,Returning Customer
112031,2025-12-23,North,Home & Kitchen,2,104.9,27.8,New Customer
112032,2025-12-23,West,Apparel,1,33.43,11.76,VIP
112033,2025-12-23,East,Electronics,2,373.56,60.86,Returning Customer
112034,2025-12-23,South,Apparel,1,52.8,16.28,VIP
112035,2025-12-23,South,Home & Kitchen,2,133.07,40.75,Returning Customer
112036,2025-12-23,West,Apparel,2,71.62,26.01,VIP
112037,2025-12-23,North,Electronics,2,443.21,87.49,VIP
112038,2025-12-23,West,Apparel,2,13.59,5.07,Returning Customer
112039,2025-12-23,South,Apparel,2,75.82,26.59,Returning Customer
112040,2025-12-23,North,Electronics,2,173.34,24.88,New Customer
112041,2025-12-23,South,Electronics,2,412.39,75.62,Returning Customer
112042,2025-12-23,East,Home & Kitchen,1,91.7,31.66,Returning Customer
112043,2025-12-23,North,Home & Kitchen,2,69.44,20.97,Returning Customer
112044,2025-12-23,North,Electronics,2,449.92,96.96,New Customer
112045,2025-12-23,North,Apparel,1,52.23,19.88,Returning Customer
112046,2025-12-23,South,Beauty,1,17.36,6.99,VIP
112047,2025-12-23,East,Electronics,2,332.54,71.68,Returning Customer
112048,2025-12-23,East,Electronics,1,156.18,26.9,Returning Customer
112049,2025-12-23,East,Electronics,1,174.93,29.22,Returning Customer
112050,2025-12-23,North,Home & Kitchen,1,82.61,20.06,New Customer
112051,2025-12-23,West,Apparel,1,30.51,11.74,New Customer
112052,2025-12-23,East,Sports & Outdoors,2,88.53,30.8,Returning Customer
112053,2025-12-23,North,Electronics,1,208.55,33.05,Returning Customer
112054,2025-12-23,South,Home & Kitchen,2,158.99,55.1,Returning Customer
112055,2025-12-23,West,Beauty,1,23.19,8.66,New Customer
112056,2025-12-23,East,Electronics,1,186.37,28.7,Returning Customer
112057,2025-12-23,West,Electronics,1,212.49,28.42,Returning Customer
112058,2025-12-23,East,Apparel,2,87.64,28.34,VIP
112059,2025-12-23,West,Sports & Outdoors,2,111.07,36.16,New Customer
112060,2025-12-23,East,Home & Kitchen,2,115.68,31.17,Returning Customer
112061,2025-12-23,North,Sports & Outdoors,2,52.44,15.19,VIP
112062,2025-12-23,West,Electronics,1,207.34,30.02,New Customer
112063,2025-12-23,North,Home & Kitchen,2,137.44,39.51,Returning Customer
112064,2025-12-23,North,Beauty,1,36.21,15.2,Returning Customer
112065,2025-12-23,South,Home & Kitchen,2,135.87,42.61,New Customer
112066,2025-12-23,East,Home & Kitchen,2,111.99,27.66,Returning Customer
112067,2025-12-23,West,Electronics,1,254.99,47.4,New Customer
112068,2025-12-23,West,Apparel,2,89.16,34.68,Returning Customer
112069,2025-12-24,West,Home & Kitchen,2,71.9,18.77,New Customer
112070,2025-12-24,East,Apparel,2,83.34,27.82,Returning Customer
112071,2025-12-24,North,Electronics,2,432.93,99.54,Returning Customer
112072,2025-12-24,East,Electronics,1,213.41,33.35,Returning Customer
112073,2025-12-24,North,Beauty,1,20.61,8.27,VIP
112074,2025-12-24,North,Home & Kitchen,1,68.65,15.72,New Customer
112075,2025-12-24,East,Apparel,2,81.66,28.02,New Customer
112076,2025-12-24,North,Electronics,1,187.87,30.34,New Customer
112077,2025-12-24,East,Electronics,2,542.23,92.04,New Customer
112078,2025-12-24,South,Beauty,1,32.37,11.33,New Customer
112079,2025-12-24,West,Apparel,2,87.68,27.63,Returning Customer
112080,2025-12-24,East,Beauty,1,23.03,10.05,Returning Customer
112081,2025-12-24,West,Home & Kitchen,1,43.81,9.99,New Customer
112082,2025-12-24,North,Home & Kitchen,2,119.99,30.5,Returning Customer
112083,2025-12-24,North,Electronics,1,275.06,33.23,New Customer
112084,2025-12-24,North,Beauty,2,40.37,17.72,VIP
112085,2025-12-24,North,Sports & Outdoors,1,62.76,19.03,New Customer
112086,2025-12-24,North,Home & Kitchen,2,154.87,37.72,Returning Customer
112087,2025-12-24,East,Electronics,2,326.89,51.65,New Customer
112088,2025-12-24,North,Home & Kitchen,1,93.97,22.91,New Customer
112089,2025-12-24,West,Apparel,2,110.47,39.76,VIP
112090,2025-12-24,South,Apparel,1,52.12,17.41,Returning Customer
112091,2025-12-24,South,Electronics,2,303.71,52.84,Returning Customer
112092,2025-12-24,East,Home & Kitchen,1,57.98,17.36,New Customer
112093,2025-12-24,North,Beauty,1,29.61,11.94,VIP
112094,2025-12-24,North,Electronics,1,228.15,38.22,Returning Customer
112095,2025-12-24,East,Apparel,2,94.84,36.58,Returning Customer
112096,2025-12-24,East,Home & Kitchen,1,59.08,13.05,New Customer
112097,2025-12-24,East,Home & Kitchen,1,81.22,21.15,New Customer
112098,2025-12-24,North,Beauty,1,29.17,12.73,New Customer
112099,2025-12-24,North,Home & Kitchen,2,165.47,40.77,New Customer
112100,2025-12-24,North,Beauty,1,26.03,9.79,Returning Customer
112101,2025-12-24,North,Electronics,2,316.57,64.38,VIP
112102,2025-12-24,East,Apparel,2,84.84,31.71,Returning Customer
112103,2025-12-24,South,Beauty,2,52.76,22.56,Returning Customer
112104,2025-12-24,West,Sports & Outdoors,2,181.66,53.83,New Customer
112105,2025-12-24,South,Apparel,1,31.52,10.71,Returning Customer
112106,2025-12-24,West,Home & Kitchen,1,83.01,22.67,VIP
112107,2025-12-24,North,Apparel,1,12.94,4.57,New Customer
112108,2025-12-24,East,Electronics,1,124.75,17.8,Returning Customer
112109,2025-12-24,South,Beauty,1,35.86,14.38,New Customer
112110,2025-12-24,South,Electronics,2,179.97,32.04,VIP
112111,2025-12-24,West,Electronics,2,365.79,53.0,Returning Customer
112112,2025-12-24,North,Electronics,1,161.58,37.94,Returning Customer
112113,2025-12-25,South,Sports & Outdoors,2,96.45,24.2,New Customer
112114,2025-12-25,South,Beauty,2,37.89,16.99,Returning Customer
112115,2025-12-25,West,Sports & Outdoors,2,89.8,28.98,Returning Customer
112116,2025-12-25,West,Sports & Outdoors,2,136.09,42.58,New Customer
112117,2025-12-25,West,Home & Kitchen,2,109.77,25.65,Returning Customer
112118,2025-12-25,East,Electronics,1,188.24,41.23,VIP
112119,2025-12-25,West,Home & Kitchen,1,50.98,14.27,Returning Customer
112120,2025-12-25,South,Home & Kitchen,2,122.39,34.11,VIP
112121,2025-12-25,East,Apparel,2,80.04,24.87,New Customer
112122,2025-12-25,East,Electronics,2,346.03,61.75,Returning Customer
112123,2025-12-25,South,Electronics,1,207.14,38.18,Returning Customer
112124,2025-12-25,North,Electronics,1,216.97,39.74,VIP
112125,2025-12-25,West,Apparel,1,50.21,19.35,New Customer
112126,2025-12-25,West,Beauty,1,31.0,12.39,Returning Customer
112127,2025-12-25,South,Electronics,1,198.23,32.24,New Customer
112128,2025-12-25,South,Beauty,2,73.64,33.86,New Customer
112129,2025-12-25,North,Electronics,1,161.8,28.74,New Customer
112130,2025-12-25,North,Beauty,2,47.55,18.7,Returning Customer
112131,2025-12-25,North,Electronics,2,301.91,36.95,VIP
112132,2025-12-25,West,Apparel,1,54.73,19.07,Returning Customer
112133,2025-12-25,South,Apparel,1,38.68,14.46,New Customer
112134,2025-12-25,East,Electronics,2,324.36,64.51,VIP
112135,2025-12-25,West,Electronics,1,236.45,54.45,Returning Customer
112136,2025-12-25,West,Sports & Outdoors,1,55.91,16.1,New Customer
112137,2025-12-25,East,Home & Kitchen,2,184.2,44.49,Returning Customer
112138,2025-12-25,North,Beauty,1,31.86,13.12,New Customer
112139,2025-12-25,South,Beauty,1,22.37,9.68,Returning Customer
112140,2025-12-25,North,Sports & Outdoors,2,125.87,35.34,New Customer
112141,2025-12-25,North,Electronics,1,202.95,45.25,Returning Customer
112142,2025-12-25,East,Electronics,1,144.0,22.06,Returning Customer
112143,2025-12-25,North,Electronics,2,240.11,42.05,New Customer
112144,2025-12-25,East,Electronics,2,402.33,65.99,Returning Customer
112145,2025-12-25,East,Apparel,2,61.25,19.55,Returning Customer
112146,2025-12-25,West,Home & Kitchen,2,55.0,13.34,Returning Customer
112147,2025-12-25,South,Home & Kitchen,1,78.56,22.22,Returning Customer
112148,2025-12-25,South,Home & Kitchen,2,103.01,29.09,New Customer
112149,2025-12-25,East,Beauty,1,41.55,16.94,Returning Customer
112150,2025-12-25,East,Apparel,1,47.51,17.71,New Customer
112151,2025-12-25,North,Beauty,1,26.39,10.55,New Customer
112152,2025-12-25,South,Apparel,2,45.25,17.69,New Customer
112153,2025-12-25,South,Apparel,1,56.65,19.09,New Customer
112154,2025-12-25,East,Home & Kitchen,2,111.99,29.83,Returning Customer
112155,2025-12-25,East,Beauty,1,38.18,17.25,Returning Customer
112156,2025-12-25,South,Beauty,1,45.46,19.66,New Customer
112157,2025-12-25,West,Apparel,2,80.41,26.27,Returning Customer
112158,2025-12-25,South,Apparel,2,130.6,49.66,Returning Customer
112159,2025-12-25,East,Beauty,2,49.7,21.08,New Customer
112160,2025-12-25,South,Electronics,1,164.22,31.78,New Customer
112161,2025-12-25,East,Sports & Outdoors,2,85.07,25.66,VIP
112162,2025-12-25,East,Electronics,2,397.97,71.57,Returning Customer
112163,2025-12-25,East,Apparel,1,63.09,23.58,VIP
112164,2025-12-25,West,Home & Kitchen,2,169.17,50.72,New Customer
112165,2025-12-25,East,Sports & Outdoors,2,154.24,42.52,New Customer
112166,2025-12-25,South,Home & Kitchen,1,95.18,24.17,New Customer
112167,2025-12-25,West,Apparel,1,56.03,21.5,Returning Customer
112168,2025-12-25,West,Home & Kitchen,2,110.51,29.65,New Customer
112169,2025-12-25,South,Electronics,1,158.22,16.81,VIP
112170,2025-12-25,West,Home & Kitchen,1,50.2,14.45,Returning Customer
112171,2025-12-25,South,Electronics,2,399.75,73.29,Returning Customer
112172,2025-12-25,North,Apparel,1,24.37,8.95,New Customer
112173,2025-12-25,North,Home & Kitchen,1,72.23,16.94,New Customer
112174,2025-12-26,East,Beauty,2,72.62,27.47,Returning Customer
112175,2025-12-26,North,Apparel,2,96.58,33.56,Returning Customer
112176,2025-12-26,North,Electronics,1,99.73,23.05,New Customer
112177,2025-12-26,East,Home & Kitchen,1,53.92,15.85,New Customer
112178,2025-12-26,West,Beauty,1,21.55,9.11,New Customer
112179,2025-12-26,West,Sports & Outdoors,1,79.86,17.93,New Customer
112180,2025-12-26,West,Beauty,1,30.99,11.71,New Customer
112181,2025-12-26,East,Electronics,2,350.93,61.73,Returning Customer
112182,2025-12-26,South,Electronics,2,281.24,32.7,New Customer
112183,2025-12-26,South,Apparel,2,53.36,17.28,Returning Customer
112184,2025-12-26,South,Beauty,2,68.4,26.4,Returning Customer
112185,2025-12-26,East,Apparel,2,68.58,25.84,Returning Customer
112186,2025-12-26,West,Apparel,1,26.14,7.82,Returning Customer
112187,2025-12-26,East,Beauty,1,18.51,8.45,VIP
112188,2025-12-26,West,Apparel,1,37.51,14.08,New Customer
112189,2025-12-26,North,Apparel,1,25.24,7.84,Returning Customer
112190,2025-12-26,North,Beauty,2,55.12,25.19,New Customer
112191,2025-12-26,North,Apparel,2,106.4,36.33,New Customer
112192,2025-12-26,West,Apparel,2,114.99,39.11,New Customer
112193,2025-12-26,North,Home & Kitchen,2,162.21,52.99,New Customer
112194,2025-12-26,North,Electronics,2,319.02,51.0,Returning Customer
112195,2025-12-26,North,Beauty,2,58.76,24.24,New Customer
112196,2025-12-26,East,Home & Kitchen,2,86.45,21.01,New Customer
112197,2025-12-26,North,Apparel,2,119.87,30.23,Returning Customer
112198,2025-12-26,East,Beauty,1,26.79,9.96,Returning Customer
112199,2025-12-26,East,Electronics,1,135.74,20.15,VIP
112200,2025-12-26,South,Beauty,2,55.84,26.24,VIP
112201,2025-12-26,North,Beauty,1,24.38,9.48,VIP
112202,2025-12-26,West,Beauty,1,35.95,14.63,Returning Customer
112203,2025-12-26,South,Sports & Outdoors,2,127.43,48.0,Returning Customer
112204,2025-12-26,North,Apparel,2,70.84,26.04,New Customer
112205,2025-12-26,North,Electronics,2,407.75,63.43,Returning Customer
112206,2025-12-26,South,Apparel,1,53.07,19.39,Returning Customer
112207,2025-12-26,South,Home & Kitchen,2,136.83,33.88,Returning Customer
112208,2025-12-26,North,Apparel,2,68.67,24.5,VIP
112209,2025-12-26,East,Electronics,2,465.82,98.32,Returning Customer
112210,2025-12-26,West,Beauty,1,31.2,13.44,New Customer
112211,2025-12-26,East,Beauty,1,19.17,7.64,New Customer
112212,2025-12-26,East,Electronics,2,326.52,64.65,Returning Customer
112213,2025-12-26,West,Apparel,2,97.88,31.32,VIP
112214,2025-12-26,North,Beauty,1,20.54,8.56,New Customer
112215,2025-12-26,West,Electronics,2,573.21,140.91,VIP
112216,2025-12-26,West,Apparel,1,43.49,14.44,VIP
112217,2025-12-26,South,Beauty,2,71.39,32.28,Returning Customer
112218,2025-12-26,North,Electronics,2,355.92,55.27,New Customer
112219,2025-12-26,North,Apparel,2,111.41,38.32,VIP
112220,2025-12-26,West,Apparel,2,100.04,31.13,New Customer
112221,2025-12-26,South,Apparel,1,59.51,18.37,New Customer
112222,2025-12-26,South,Home & Kitchen,2,76.33,21.17,New Customer
112223,2025-12-26,East,Electronics,1,137.67,31.04,VIP
112224,2025-12-26,South,Electronics,1,193.32,33.44,Returning Customer
112225,2025-12-26,East,Apparel,1,22.4,8.14,New Customer
112226,2025-12-26,West,Electronics,2,295.55,61.54,New Customer
112227,2025-12-26,South,Apparel,1,56.17,17.44,New Customer
112228,2025-12-26,South,Sports & Outdoors,2,131.19,38.09,New Customer
112229,2025-12-26,North,Home & Kitchen,2,128.22,33.29,Returning Customer
112230,2025-12-26,West,Apparel,2,114.91,42.94,New Customer
112231,2025-12-26,East,Beauty,2,42.35,20.32,Returning Customer
112232,2025-12-26,South,Apparel,2,106.52,32.82,Returning Customer
112233,2025-12-26,East,Beauty,2,40.86,17.0,Returning Customer
112234,2025-12-26,West,Apparel,1,41.94,13.8,Returning Customer
112235,2025-12-26,North,Sports & Outdoors,1,61.84,14.86,New Customer
112236,2025-12-26,North,Beauty,1,34.57,15.15,New Customer
112237,2025-12-26,North,Apparel,1,29.28,10.19,Returning Customer
112238,2025-12-26,North,Electronics,2,320.36,62.03,Returning Customer
112239,2025-12-26,South,Apparel,2,108.21,33.34,VIP
112240,2025-12-26,North,Apparel,1,38.51,13.44,Returning Customer
112241,2025-12-26,West,Sports & Outdoors,2,98.44,27.91,New Customer
112242,2025-12-27,East,Apparel,1,33.23,10.41,Returning Customer
112243,2025-12-27,West,Home & Kitchen,2,136.51,43.4,Returning Customer
112244,2025-12-27,East,Home & Kitchen,2,181.3,40.29,New Customer
112245,2025-12-27,East,Apparel,1,62.28,20.11,New Customer
112246,2025-12-27,South,Sports & Outdoors,1,46.27,13.26,VIP
112247,2025-12-27,East,Home & Kitchen,1,39.57,10.23,New Customer
112248,2025-12-27,North,Electronics,2,427.26,62.6,New Customer
112249,2025-12-27,North,Sports & Outdoors,1,60.78,19.82,New Customer
112250,2025-12-27,East,Electronics,1,190.89,33.47,New Customer
112251,2025-12-27,North,Sports & Outdoors,1,48.75,16.6,VIP
112252,2025-12-27,East,Electronics,1,113.27,22.39,VIP
112253,2025-12-27,East,Sports & Outdoors,1,65.08,14.76,Returning Customer
112254,2025-12-27,South,Electronics,2,209.58,36.54,Returning Customer
112255,2025-12-27,East,Sports & Outdoors,2,153.52,44.84,Returning Customer
112256,2025-12-27,West,Home & Kitchen,2,111.31,30.58,Returning Customer
112257,2025-12-27,East,Beauty,1,16.66,5.76,New Customer
112258,2025-12-27,North,Sports & Outdoors,2,111.19,35.24,Returning Customer
112259,2025-12-27,West,Apparel,2,78.13,26.89,Returning Customer
112260,2025-12-27,East,Beauty,2,43.61,17.75,New Customer
112261,2025-12-27,East,Home & Kitchen,2,123.52,35.56,Returning Customer
112262,2025-12-27,South,Apparel,1,44.53,16.67,VIP
112263,2025-12-27,North,Sports & Outdoors,2,105.16,37.41,New Customer
112264,2025-12-27,North,Apparel,2,113.72,47.27,New Customer
112265,2025-12-27,South,Sports & Outdoors,1,54.56,15.49,Returning Customer
112266,2025-12-27,North,Sports & Outdoors,2,116.37,27.92,New Customer
112267,2025-12-27,West,Sports & Outdoors,2,91.55,24.61,New Customer
112268,2025-12-27,West,Home & Kitchen,2,88.7,22.13,Returning Customer
112269,2025-12-27,North,Apparel,1,44.28,17.75,Returning Customer
112270,2025-12-27,West,Apparel,1,27.04,8.8,New Customer
112271,2025-12-27,North,Apparel,1,32.5,10.83,Returning Customer
112272,2025-12-27,West,Home & Kitchen,1,85.83,20.53,New Customer
112273,2025-12-27,South,Sports & Outdoors,1,54.82,16.2,New Customer
112274,2025-12-27,East,Home & Kitchen,1,70.07,17.97,New Customer
112275,2025-12-27,South,Beauty,1,18.81,6.81,VIP
112276,2025-12-27,West,Beauty,1,35.2,14.71,Returning Customer
112277,2025-12-27,East,Apparel,1,44.11,16.55,New Customer
112278,2025-12-27,North,Apparel,2,66.16,23.26,New Customer
112279,2025-12-27,South,Home & Kitchen,1,70.52,22.39,New Customer
112280,2025-12-27,North,Beauty,1,31.98,13.66,Returning Customer
112281,2025-12-27,West,Apparel,1,31.85,9.77,Returning Customer
112282,2025-12-27,North,Home & Kitchen,1,86.85,18.2,Returning Customer
112283,2025-12-27,West,Sports & Outdoors,2,82.34,26.8,Returning Customer
112284,2025-12-27,North,Electronics,2,240.26,60.4,New Customer
112285,2025-12-27,North,Home & Kitchen,2,140.7,46.31,New Customer
112286,2025-12-27,East,Sports & Outdoors,1,71.46,24.27,VIP
112287,2025-12-27,East,Beauty,1,34.69,14.33,Returning Customer
112288,2025-12-27,North,Sports & Outdoors,2,128.73,39.74,VIP
112289,2025-12-27,East,Electronics,1,90.66,16.05,New Customer
112290,2025-12-27,West,Beauty,2,80.03,34.82,New Customer
112291,2025-12-27,East,Apparel,2,85.59,24.17,New Customer
112292,2025-12-27,North,Home & Kitchen,1,64.91,15.56,Returning Customer
112293,2025-12-27,West,Electronics,1,131.37,27.95,New Customer
112294,2025-12-27,East,Apparel,2,119.05,40.99,VIP
112295,2025-12-27,North,Home & Kitchen,2,196.72,54.38,New Customer
112296,2025-12-27,East,Electronics,1,103.66,20.07,Returning Customer
112297,2025-12-27,South,Electronics,1,114.69,21.07,VIP
112298,2025-12-27,South,Home & Kitchen,2,135.79,33.53,New Customer
112299,2025-12-27,West,Electronics,2,469.51,91.06,Returning Customer
112300,2025-12-27,North,Home & Kitchen,1,37.34,9.45,Returning Customer
112301,2025-12-27,East,Apparel,1,42.59,14.59,VIP
112302,2025-12-27,North,Beauty,2,51.6,22.1,Returning Customer
112303,2025-12-27,East,Beauty,1,26.5,10.65,Returning Customer
112304,2025-12-27,East,Apparel,2,113.2,37.24,VIP
112305,2025-12-27,West,Home & Kitchen,2,128.94,37.68,Returning Customer
112306,2025-12-27,South,Apparel,1,57.83,18.57,New Customer
112307,2025-12-27,South,Electronics,1,182.91,45.55,Returning Customer
112308,2025-12-27,North,Beauty,1,33.98,13.8,Returning Customer
112309,2025-12-27,East,Electronics,1,213.53,37.51,New Customer
112310,2025-12-27,East,Electronics,2,482.18,103.13,New Customer
112311,2025-12-27,South,Electronics,2,501.41,87.75,Returning Customer
112312,2025-12-27,North,Apparel,1,61.49,22.64,Returning Customer
112313,2025-12-27,North,Apparel,2,114.7,43.07,Returning Customer
112314,2025-12-27,North,Electronics,2,448.63,52.48,New Customer
112315,2025-12-27,West,Electronics,1,176.84,37.06,VIP
112316,2025-12-27,North,Home & Kitchen,1,72.21,21.35,Returning Customer
112317,2025-12-27,North,Electronics,2,539.87,88.6,New Customer
112318,2025-12-27,West,Electronics,1,138.52,20.12,New Customer
112319,2025-12-28,North,Electronics,1,197.61,34.7,VIP
112320,2025-12-28,North,Apparel,2,62.57,21.5,New Customer
112321,2025-12-28,South,Home & Kitchen,1,80.53,21.27,VIP
112322,2025-12-28,East,Home & Kitchen,2,133.29,42.07,VIP
112323,2025-12-28,South,Apparel,1,40.73,13.45,New Customer
112324,2025-12-28,North,Sports & Outdoors,1,23.5,6.21,Returning Customer
112325,2025-12-28,East,Apparel,1,48.33,15.7,New Customer
112326,2025-12-28,North,Beauty,1,13.57,5.48,New Customer
112327,2025-12-28,East,Home & Kitchen,1,58.9,19.22,Returning Customer
112328,2025-12-28,North,Sports & Outdoors,1,42.61,13.38,VIP
112329,2025-12-28,East,Home & Kitchen,2,165.17,47.91,VIP
112330,2025-12-28,East,Sports & Outdoors,2,86.87,25.84,Returning Customer
112331,2025-12-28,North,Beauty,1,20.92,8.39,Returning Customer
112332,2025-12-28,East,Beauty,1,20.29,8.22,Returning Customer
112333,2025-12-28,North,Beauty,2,45.65,19.01,New Customer
112334,2025-12-28,West,Beauty,2,82.0,32.04,New Customer
112335,2025-12-28,West,Sports & Outdoors,2,109.54,30.0,New Customer
112336,2025-12-28,North,Beauty,1,27.25,10.88,Returning Customer
112337,2025-12-28,East,Apparel,2,46.35,14.56,New Customer
112338,2025-12-28,South,Apparel,1,29.92,10.55,Returning Customer
112339,2025-12-28,East,Electronics,1,202.68,46.86,Returning Customer
112340,2025-12-28,East,Home & Kitchen,2,92.07,26.64,New Customer
112341,2025-12-28,East,Apparel,1,49.13,16.72,VIP
112342,2025-12-28,South,Electronics,1,82.3,12.25,Returning Customer
112343,2025-12-28,East,Apparel,1,47.99,14.71,New Customer
112344,2025-12-28,South,Electronics,2,106.42,20.22,Returning Customer
112345,2025-12-28,East,Electronics,2,258.73,32.69,Returning Customer
112346,2025-12-28,North,Beauty,1,30.97,12.81,New Customer
112347,2025-12-28,South,Home & Kitchen,2,178.16,48.74,New Customer
112348,2025-12-28,North,Apparel,2,100.02,34.75,New Customer
112349,2025-12-28,North,Electronics,2,341.31,77.17,VIP
112350,2025-12-28,North,Electronics,1,204.88,39.68,Returning Customer
112351,2025-12-28,West,Apparel,2,86.78,30.28,VIP
112352,2025-12-28,North,Electronics,2,345.17,70.05,Returning Customer
112353,2025-12-28,South,Beauty,1,10.02,3.72,VIP
112354,2025-12-28,East,Beauty,1,40.11,16.26,VIP
112355,2025-12-28,South,Electronics,1,237.41,41.02,New Customer
112356,2025-12-28,West,Apparel,1,35.32,12.74,Returning Customer
112357,2025-12-28,East,Sports & Outdoors,1,27.03,7.05,New Customer
112358,2025-12-28,North,Home & Kitchen,2,113.34,32.39,Returning Customer
112359,2025-12-28,North,Apparel,1,32.96,11.55,New Customer
112360,2025-12-28,East,Beauty,2,58.13,25.39,VIP
112361,2025-12-28,West,Sports & Outdoors,1,56.29,17.29,Returning Customer
112362,2025-12-28,North,Electronics,1,163.23,29.12,Returning Customer
112363,2025-12-28,South,Beauty,1,25.04,10.89,Returning Customer
112364,2025-12-28,South,Beauty,2,56.3,24.38,New Customer
112365,2025-12-28,West,Sports & Outdoors,2,81.51,23.28,Returning Customer
112366,2025-12-28,West,Home & Kitchen,2,144.82,31.73,Returning Customer
112367,2025-12-28,West,Electronics,2,441.13,78.1,New Customer
112368,2025-12-28,North,Sports & Outdoors,2,88.38,27.94,New Customer
112369,2025-12-28,North,Electronics,1,206.25,39.27,Returning Customer
112370,2025-12-28,South,Sports & Outdoors,1,44.97,13.36,Returning Customer
112371,2025-12-28,East,Home & Kitchen,2,153.58,37.48,Returning Customer
112372,2025-12-28,North,Apparel,2,127.74,44.72,New Customer
112373,2025-12-28,East,Home & Kitchen,1,62.94,18.14,VIP
112374,2025-12-28,North,Electronics,2,430.22,71.95,Returning Customer
112375,2025-12-28,West,Apparel,2,57.23,18.66,New Customer
112376,2025-12-28,East,Sports & Outdoors,2,126.13,27.24,Returning Customer
112377,2025-12-28,North,Electronics,2,386.18,76.0,Returning Customer
112378,2025-12-28,North,Apparel,2,113.51,46.7,New Customer
112379,2025-12-28,West,Electronics,1,137.95,22.06,VIP
112380,2025-12-28,West,Electronics,1,213.23,30.96,Returning Customer
112381,2025-12-28,North,Electronics,2,241.07,48.37,New Customer
112382,2025-12-28,South,Electronics,2,275.43,45.3,Returning Customer
112383,2025-12-28,West,Sports & Outdoors,1,40.11,9.77,New Customer
112384,2025-12-28,North,Beauty,2,61.35,25.94,Returning Customer
112385,2025-12-29,East,Electronics,1,193.44,36.68,VIP
112386,2025-12-29,West,Apparel,1,48.33,18.87,Returning Customer
112387,2025-12-29,West,Beauty,2,70.76,32.3,Returning Customer
112388,2025-12-29,East,Sports & Outdoors,2,95.42,27.35,New Customer
112389,2025-12-29,East,Home & Kitchen,1,49.33,13.76,Returning Customer
112390,2025-12-29,North,Home & Kitchen,2,224.52,68.08,VIP
112391,2025-12-29,West,Home & Kitchen,2,149.51,37.24,New Customer
112392,2025-12-29,East,Home & Kitchen,1,82.76,26.0,New Customer
112393,2025-12-29,East,Electronics,1,136.71,22.44,Returning Customer
112394,2025-12-29,North,Home & Kitchen,2,144.14,38.49,Returning Customer
112395,2025-12-29,West,Electronics,2,417.83,72.96,Returning Customer
112396,2025-12-29,South,Home & Kitchen,1,66.54,17.06,Returning Customer
112397,2025-12-29,South,Apparel,1,56.7,16.89,Returning Customer
112398,2025-12-29,South,Electronics,2,236.18,54.19,Returning Customer
112399,2025-12-29,South,Electronics,2,321.17,64.16,Returning Customer
112400,2025-12-29,North,Beauty,1,26.37,10.44,VIP
112401,2025-12-29,East,Apparel,1,47.29,15.97,VIP
112402,2025-12-29,North,Home & Kitchen,2,127.66,43.76,Returning Customer
112403,2025-12-29,South,Electronics,2,318.39,42.24,New Customer
112404,2025-12-29,South,Electronics,2,266.14,39.69,VIP
112405,2025-12-29,South,Home & Kitchen,2,113.79,23.45,New Customer
112406,2025-12-29,East,Home & Kitchen,1,75.25,20.87,VIP
112407,2025-12-29,North,Home & Kitchen,2,158.16,47.11,Returning Customer
112408,2025-12-29,East,Home & Kitchen,2,163.82,52.14,Returning Customer
112409,2025-12-29,South,Electronics,1,214.17,28.54,Returning Customer
112410,2025-12-29,South,Home & Kitchen,1,56.34,17.49,Returning Customer
112411,2025-12-29,West,Sports & Outdoors,1,52.38,14.97,VIP
112412,2025-12-29,South,Sports & Outdoors,1,46.89,13.13,Returning Customer
112413,2025-12-29,South,Electronics,2,157.62,33.66,VIP
112414,2025-12-29,South,Apparel,2,77.31,28.26,New Customer
112415,2025-12-29,North,Electronics,1,199.73,26.6,New Customer
112416,2025-12-29,North,Home & Kitchen,1,68.6,20.75,Returning Customer
112417,2025-12-29,South,Electronics,2,243.73,53.1,Returning Customer
112418,2025-12-29,North,Beauty,1,40.94,18.96,Returning Customer
112419,2025-12-29,North,Home & Kitchen,1,81.36,19.64,Returning Customer
112420,2025-12-29,North,Electronics,2,356.45,73.29,VIP
112421,2025-12-29,East,Sports & Outdoors,2,96.39,28.67,Returning Customer
112422,2025-12-29,West,Home & Kitchen,2,98.54,32.06,Returning Customer
112423,2025-12-29,North,Electronics,2,560.44,96.97,Returning Customer
112424,2025-12-29,West,Beauty,1,31.93,13.57,Returning Customer
112425,2025-12-29,West,Home & Kitchen,1,68.51,18.58,VIP
112426,2025-12-29,East,Electronics,1,251.19,48.48,Returning Customer
112427,2025-12-29,South,Apparel,2,106.07,38.04,New Customer
112428,2025-12-29,East,Apparel,1,56.23,19.02,New Customer
112429,2025-12-29,West,Apparel,1,44.46,16.44,Returning Customer
112430,2025-12-29,East,Home & Kitchen,1,33.82,8.93,VIP
112431,2025-12-29,East,Beauty,2,50.27,21.95,Returning Customer
112432,2025-12-29,South,Electronics,1,162.84,31.82,New Customer
112433,2025-12-29,South,Home & Kitchen,1,74.59,21.33,New Customer
112434,2025-12-29,North,Beauty,2,48.71,23.49,VIP
112435,2025-12-29,North,Electronics,1,229.79,36.48,Returning Customer
112436,2025-12-29,North,Sports & Outdoors,1,37.28,10.8,Returning Customer
112437,2025-12-30,West,Home & Kitchen,2,193.47,41.22,VIP
112438,2025-12-30,East,Beauty,1,31.84,13.64,Returning Customer
112439,2025-12-30,North,Electronics,1,191.75,28.56,Returning Customer
112440,2025-12-30,North,Electronics,2,593.54,108.51,Returning Customer
112441,2025-12-30,West,Home & Kitchen,1,67.16,16.62,New Customer
112442,2025-12-30,West,Electronics,1,278.7,43.15,Returning Customer
112443,2025-12-30,East,Beauty,1,36.72,16.22,Returning Customer
112444,2025-12-30,West,Beauty,1,20.42,9.23,New Customer
112445,2025-12-30,East,Electronics,1,238.67,41.84,Returning Customer
112446,2025-12-30,East,Electronics,2,269.7,57.17,VIP
112447,2025-12-30,East,Apparel,1,56.56,23.39,New Customer
112448,2025-12-30,North,Electronics,1,157.72,27.1,VIP
112449,2025-12-30,North,Electronics,2,423.32,67.89,Returning Customer
112450,2025-12-30,South,Home & Kitchen,2,129.96,32.01,New Customer
112451,2025-12-30,North,Sports & Outdoors,1,68.61,19.88,New Customer
112452,2025-12-30,East,Electronics,1,198.72,41.22,New Customer
112453,2025-12-30,North,Sports & Outdoors,2,143.78,43.79,New Customer
112454,2025-12-30,East,Apparel,1,21.35,8.5,New Customer
112455,2025-12-30,East,Home & Kitchen,1,75.66,23.43,New Customer
112456,2025-12-30,South,Apparel,2,77.86,27.91,Returning Customer
112457,2025-12-30,South,Beauty,1,27.12,12.46,New Customer
112458,2025-12-30,East,Electronics,2,314.84,49.57,Returning Customer
112459,2025-12-30,North,Electronics,1,106.18,15.99,Returning Customer
112460,2025-12-30,West,Apparel,2,72.78,28.2,New Customer
112461,2025-12-30,East,Apparel,1,21.16,6.47,VIP
112462,2025-12-30,North,Apparel,1,38.52,12.08,New Customer
112463,2025-12-30,East,Home & Kitchen,2,140.12,45.17,VIP
112464,2025-12-30,West,Home & Kitchen,2,137.48,34.07,New Customer
112465,2025-12-30,North,Electronics,2,305.24,47.78,VIP
112466,2025-12-30,South,Home & Kitchen,1,76.01,18.9,VIP
112467,2025-12-30,North,Electronics,1,233.68,42.44,Returning Customer
112468,2025-12-30,West,Electronics,2,357.1,65.19,New Customer
112469,2025-12-30,South,Home & Kitchen,1,65.18,19.34,Returning Customer
112470,2025-12-30,West,Sports & Outdoors,2,82.77,27.21,VIP
112471,2025-12-30,North,Home & Kitchen,2,90.77,23.21,Returning Customer
112472,2025-12-30,South,Electronics,2,259.12,41.28,New Customer
112473,2025-12-30,East,Beauty,2,44.31,17.94,VIP
112474,2025-12-30,North,Apparel,1,55.63,20.07,Returning Customer
112475,2025-12-30,North,Apparel,2,83.13,27.65,New Customer
112476,2025-12-30,East,Electronics,2,437.16,66.94,VIP
112477,2025-12-30,North,Electronics,2,589.3,101.26,Returning Customer
112478,2025-12-30,North,Apparel,1,44.36,17.2,VIP
112479,2025-12-30,North,Electronics,2,386.54,79.98,New Customer
112480,2025-12-30,North,Beauty,2,54.7,21.8,New Customer
112481,2025-12-30,West,Beauty,2,62.73,24.35,VIP
112482,2025-12-30,North,Electronics,2,482.07,88.74,Returning Customer
112483,2025-12-30,North,Electronics,1,155.44,37.24,New Customer
112484,2025-12-30,North,Electronics,1,100.35,20.3,New Customer
112485,2025-12-30,South,Electronics,1,150.77,25.98,Returning Customer
112486,2025-12-30,West,Apparel,2,117.26,43.84,New Customer
112487,2025-12-30,East,Apparel,2,119.74,40.71,New Customer
112488,2025-12-30,North,Electronics,2,420.02,84.93,New Customer
112489,2025-12-31,East,Electronics,2,280.46,49.4,Returning Customer
112490,2025-12-31,West,Apparel,1,46.95,18.18,Returning Customer
112491,2025-12-31,North,Beauty,1,36.04,16.13,Returning Customer
112492,2025-12-31,North,Beauty,2,51.88,21.31,Returning Customer
112493,2025-12-31,East,Apparel,1,37.81,12.8,Returning Customer
112494,2025-12-31,South,Electronics,2,548.0,111.83,New Customer
112495,2025-12-31,East,Sports & Outdoors,2,96.55,30.89,New Customer
112496,2025-12-31,North,Apparel,1,42.87,18.88,VIP
112497,2025-12-31,North,Home & Kitchen,1,67.61,19.84,Returning Customer
112498,2025-12-31,North,Electronics,2,303.76,48.35,Returning Customer
112499,2025-12-31,South,Home & Kitchen,2,136.98,36.6,Returning Customer
112500,2025-12-31,North,Home & Kitchen,1,81.35,20.32,VIP
112501,2025-12-31,North,Apparel,1,44.51,17.09,New Customer
112502,2025-12-31,North,Electronics,2,444.86,82.49,Returning Customer
112503,2025-12-31,East,Apparel,2,81.12,26.97,New Customer
112504,2025-12-31,South,Apparel,2,90.42,32.1,Returning Customer
112505,2025-12-31,East,Beauty,2,61.27,23.97,Returning Customer
112506,2025-12-31,East,Apparel,2,102.81,36.72,New Customer
112507,2025-12-31,South,Electronics,2,234.84,44.53,Returning Customer
112508,2025-12-31,South,Home & Kitchen,1,51.92,15.98,New Customer
112509,2025-12-31,South,Electronics,2,280.63,46.29,Returning Customer
112510,2025-12-31,North,Apparel,1,57.02,19.75,Returning Customer
112511,2025-12-31,North,Beauty,2,40.27,16.86,Returning Customer
112512,2025-12-31,West,Sports & Outdoors,2,179.04,54.33,Returning Customer
112513,2025-12-31,West,Apparel,1,35.5,11.28,VIP
112514,2025-12-31,East,Electronics,2,425.94,94.33,Returning Customer
112515,2025-12-31,North,Home & Kitchen,1,76.62,23.07,Returning Customer
112516,2025-12-31,East,Electronics,2,399.91,75.44,VIP
112517,2025-12-31,South,Home & Kitchen,2,163.11,55.68,Returning Customer
112518,2025-12-31,North,Beauty,1,26.61,11.26,Returning Customer
112519,2025-12-31,South,Beauty,2,59.55,25.19,Returning Customer
112520,2025-12-31,South,Beauty,2,37.65,15.65,Returning Customer
112521,2025-12-31,East,Apparel,1,70.47,24.47,New Customer
112522,2025-12-31,West,Sports & Outdoors,2,118.4,34.03,New Customer
112523,2025-12-31,West,Sports & Outdoors,2,93.01,27.58,VIP
112524,2025-12-31,East,Sports & Outdoors,1,71.13,22.47,New Customer
112525,2025-12-31,East,Beauty,2,42.63,18.31,Returning Customer
112526,2025-12-31,North,Electronics,1,251.69,39.52,New Customer
112527,2025-12-31,East,Apparel,1,61.06,23.13,VIP
112528,2025-12-31,East,Home & Kitchen,2,142.69,42.66,VIP
112529,2025-12-31,North,Home & Kitchen,2,102.1,30.39,New Customer
112530,2025-12-31,West,Beauty,1,29.34,12.56,VIP
112531,2025-12-31,East,Apparel,1,32.62,12.05,Returning Customer
112532,2025-12-31,East,Electronics,1,229.17,45.0,Returning Customer
112533,2025-12-31,West,Apparel,1,36.26,12.35,VIP
112534,2025-12-31,South,Apparel,1,54.86,16.89,Returning Customer
